TransactionID,Amount,SenderCounty,ReceiverCounty,TimeOfDay,TransactionType,AccountAgeMonths,TransactionsLast24Hours,DeviceChangedRecently,NewLocationLogin,FailedPinAttempts,IsWeekend,Fraudulent
TXN000001,335293,Mombasa,Nyeri,2,Withdraw,15,1,No,Yes,3,Yes,Yes
TXN000002,16713,Nyeri,Nakuru,22,Withdraw,4,3,Yes,Yes,8,Yes,Yes
TXN000003,115624,Machakos,Kiambu,4,Paybill,58,19,No,Yes,2,No,No
TXN000004,400340,Machakos,Meru,8,Send Money,44,4,Yes,No,1,No,No
TXN000005,382639,Meru,Machakos,18,Paybill,59,18,Yes,No,1,No,No
TXN000006,369448,Mombasa,Uasin Gishu,8,Withdraw,9,2,Yes,No,1,Yes,No
TXN000007,333331,Kiambu,Mombasa,19,Paybill,107,12,Yes,No,5,Yes,Yes
TXN000008,280093,Nyeri,Nakuru,21,Till,94,8,Yes,No,6,No,Yes
TXN000009,441947,Uasin Gishu,Kiambu,2,Paybill,99,25,Yes,Yes,0,No,Yes
TXN000010,478796,Kakamega,Kisumu,8,Paybill,73,29,No,Yes,7,No,Yes
TXN000011,129353,Nakuru,Kisumu,16,Withdraw,96,18,No,No,6,No,No
TXN000012,47712,Meru,Mombasa,12,Withdraw,97,2,Yes,Yes,2,No,No
TXN000013,312467,Machakos,Mombasa,9,Withdraw,60,17,No,Yes,1,No,No
TXN000014,82970,Kiambu,Nyeri,19,Paybill,59,1,No,Yes,8,Yes,No
TXN000015,80181,Nairobi,Mombasa,11,Till,48,25,Yes,Yes,5,No,Yes
TXN000016,125591,Nyeri,Kisumu,4,Withdraw,8,8,Yes,Yes,7,Yes,Yes
TXN000017,496471,Kiambu,Uasin Gishu,21,Till,71,6,No,No,3,Yes,No
TXN000018,229740,Mombasa,Machakos,0,Paybill,116,17,No,Yes,3,Yes,Yes
TXN000019,308562,Nairobi,Machakos,2,Paybill,29,1,Yes,Yes,3,Yes,Yes
TXN000020,146052,Kakamega,Uasin Gishu,6,Send Money,86,16,Yes,Yes,7,Yes,Yes
TXN000021,50869,Nairobi,Mombasa,1,Withdraw,85,14,No,No,6,No,No
TXN000022,381843,Nyeri,Kakamega,4,Withdraw,44,26,Yes,Yes,3,Yes,Yes
TXN000023,96250,Nairobi,Nyeri,0,Send Money,36,15,Yes,Yes,7,Yes,Yes
TXN000024,485733,Kakamega,Nakuru,12,Send Money,97,28,Yes,Yes,6,No,Yes
TXN000025,86367,Uasin Gishu,Nyeri,21,Withdraw,49,1,No,No,7,No,No
TXN000026,81208,Machakos,Nairobi,1,Withdraw,25,10,Yes,Yes,8,Yes,Yes
TXN000027,263688,Kisumu,Mombasa,19,Send Money,118,28,Yes,Yes,8,Yes,Yes
TXN000028,354055,Meru,Mombasa,13,Till,111,8,No,Yes,3,Yes,Yes
TXN000029,490105,Kisumu,Kiambu,14,Till,34,7,No,Yes,4,No,Yes
TXN000030,487123,Mombasa,Nyeri,6,Till,97,30,Yes,Yes,7,Yes,Yes
TXN000031,69495,Kisumu,Kakamega,17,Till,120,12,Yes,Yes,5,No,Yes
TXN000032,320745,Kiambu,Mombasa,3,Paybill,104,21,Yes,No,1,Yes,No
TXN000033,142838,Nyeri,Kakamega,8,Send Money,37,20,Yes,No,3,No,Yes
TXN000034,48440,Kisumu,Kiambu,5,Withdraw,82,14,No,Yes,0,No,No
TXN000035,289289,Nyeri,Nairobi,11,Paybill,91,14,Yes,Yes,1,Yes,Yes
TXN000036,225382,Nakuru,Nakuru,21,Send Money,17,2,No,No,0,No,No
TXN000037,185479,Kisumu,Uasin Gishu,0,Paybill,100,18,No,Yes,3,Yes,Yes
TXN000038,386221,Mombasa,Uasin Gishu,1,Withdraw,119,11,No,Yes,4,Yes,Yes
TXN000039,116669,Nakuru,Nairobi,21,Paybill,26,27,No,No,4,Yes,No
TXN000040,208960,Nyeri,Machakos,0,Send Money,43,9,Yes,No,5,No,Yes
TXN000041,459870,Machakos,Machakos,13,Send Money,34,6,No,Yes,1,No,No
TXN000042,202003,Nairobi,Nyeri,17,Paybill,116,19,Yes,No,0,No,No
TXN000043,191006,Nyeri,Kiambu,21,Withdraw,56,3,No,No,1,No,No
TXN000044,171063,Uasin Gishu,Kisumu,19,Till,52,23,No,Yes,3,No,Yes
TXN000045,212950,Uasin Gishu,Meru,19,Till,71,27,Yes,No,4,Yes,Yes
TXN000046,243837,Kiambu,Nyeri,21,Till,57,15,Yes,No,2,Yes,No
TXN000047,49011,Kisumu,Nairobi,1,Paybill,105,25,Yes,No,3,Yes,Yes
TXN000048,249158,Uasin Gishu,Kakamega,12,Paybill,79,28,Yes,No,6,Yes,Yes
TXN000049,77419,Kisumu,Nyeri,14,Send Money,84,23,Yes,Yes,6,Yes,Yes
TXN000050,292291,Nyeri,Nyeri,19,Till,32,30,Yes,No,2,No,No
TXN000051,498144,Kisumu,Kakamega,14,Till,97,29,No,No,8,No,No
TXN000052,394197,Kakamega,Mombasa,22,Till,32,27,No,No,3,No,No
TXN000053,122992,Nakuru,Uasin Gishu,22,Paybill,35,11,No,Yes,2,Yes,No
TXN000054,370417,Uasin Gishu,Nairobi,6,Withdraw,28,3,No,No,5,No,No
TXN000055,204248,Machakos,Kiambu,12,Withdraw,116,25,Yes,No,7,Yes,Yes
TXN000056,282232,Uasin Gishu,Kakamega,0,Withdraw,96,24,Yes,No,3,No,Yes
TXN000057,176278,Meru,Nyeri,0,Withdraw,86,22,No,Yes,7,Yes,Yes
TXN000058,310372,Kakamega,Kisumu,1,Till,73,22,Yes,Yes,6,Yes,Yes
TXN000059,198809,Kiambu,Uasin Gishu,8,Send Money,42,7,No,No,5,No,No
TXN000060,246626,Nairobi,Nairobi,7,Paybill,3,24,Yes,No,3,Yes,Yes
TXN000061,440047,Mombasa,Meru,6,Withdraw,3,20,Yes,Yes,2,No,Yes
TXN000062,366771,Kiambu,Mombasa,18,Send Money,33,25,No,Yes,1,Yes,No
TXN000063,487054,Meru,Nakuru,3,Till,40,19,No,No,3,Yes,No
TXN000064,445848,Machakos,Mombasa,16,Till,88,20,Yes,Yes,5,No,Yes
TXN000065,6683,Kakamega,Kisumu,13,Paybill,109,14,No,Yes,6,No,Yes
TXN000066,384770,Meru,Kiambu,10,Paybill,67,21,No,No,7,No,No
TXN000067,435592,Meru,Meru,21,Withdraw,120,3,No,No,3,No,No
TXN000068,176418,Machakos,Kiambu,10,Till,4,16,No,Yes,7,Yes,Yes
TXN000069,461591,Mombasa,Nakuru,23,Withdraw,77,23,No,Yes,8,Yes,Yes
TXN000070,256205,Nairobi,Mombasa,9,Paybill,72,25,Yes,No,7,No,Yes
TXN000071,212072,Uasin Gishu,Nyeri,10,Till,89,8,No,No,7,No,No
TXN000072,368548,Nakuru,Machakos,3,Paybill,59,9,No,No,3,Yes,No
TXN000073,100472,Mombasa,Nakuru,9,Paybill,28,24,No,No,8,No,No
TXN000074,189255,Nairobi,Nyeri,9,Paybill,23,10,Yes,Yes,4,Yes,Yes
TXN000075,334477,Kakamega,Kakamega,14,Till,112,25,No,Yes,0,No,No
TXN000076,96709,Kakamega,Mombasa,18,Send Money,7,9,No,Yes,1,No,No
TXN000077,79598,Nyeri,Uasin Gishu,19,Paybill,20,26,No,Yes,3,Yes,Yes
TXN000078,406736,Kiambu,Meru,19,Send Money,67,13,No,No,4,No,No
TXN000079,319672,Kisumu,Nakuru,5,Send Money,95,4,Yes,Yes,4,Yes,Yes
TXN000080,82118,Nakuru,Kiambu,22,Till,1,14,No,No,4,Yes,Yes
TXN000081,368617,Uasin Gishu,Mombasa,17,Paybill,111,15,Yes,Yes,4,Yes,Yes
TXN000082,339597,Kisumu,Kiambu,19,Till,20,30,No,Yes,1,Yes,No
TXN000083,230292,Kakamega,Mombasa,19,Send Money,16,15,No,No,4,No,No
TXN000084,466363,Nakuru,Meru,18,Send Money,56,24,No,No,0,Yes,No
TXN000085,401004,Nyeri,Kakamega,8,Paybill,87,27,No,Yes,2,No,No
TXN000086,306931,Uasin Gishu,Machakos,10,Send Money,56,21,No,Yes,7,No,Yes
TXN000087,449749,Nyeri,Nairobi,14,Send Money,21,11,No,No,4,No,No
TXN000088,164947,Nyeri,Kakamega,13,Send Money,33,11,Yes,No,8,Yes,Yes
TXN000089,98397,Kiambu,Nyeri,4,Till,67,12,No,No,0,Yes,No
TXN000090,229749,Kisumu,Kiambu,17,Send Money,113,23,No,Yes,0,Yes,No
TXN000091,289588,Kisumu,Kakamega,22,Till,53,3,Yes,Yes,7,Yes,Yes
TXN000092,266845,Kakamega,Nyeri,4,Withdraw,91,9,No,No,7,Yes,No
TXN000093,99984,Machakos,Nyeri,8,Send Money,118,20,Yes,Yes,4,No,Yes
TXN000094,148339,Machakos,Machakos,17,Withdraw,93,10,No,Yes,7,No,Yes
TXN000095,238781,Uasin Gishu,Nairobi,10,Withdraw,120,11,Yes,Yes,6,Yes,Yes
TXN000096,369792,Nairobi,Kisumu,16,Till,117,26,No,No,2,No,No
TXN000097,456023,Nairobi,Kisumu,13,Paybill,13,28,No,Yes,8,No,Yes
TXN000098,39281,Machakos,Nyeri,12,Till,61,26,No,No,6,Yes,No
TXN000099,328673,Kiambu,Nakuru,23,Send Money,92,29,No,Yes,1,Yes,No
TXN000100,227576,Nairobi,Nairobi,10,Send Money,13,25,Yes,No,2,No,No
TXN000101,153859,Meru,Kisumu,5,Paybill,46,12,No,Yes,3,No,Yes
TXN000102,41452,Nakuru,Kakamega,20,Till,79,28,No,Yes,7,Yes,Yes
TXN000103,240997,Mombasa,Kakamega,11,Till,33,22,Yes,No,4,Yes,Yes
TXN000104,335037,Uasin Gishu,Kakamega,3,Paybill,55,23,No,No,4,Yes,No
TXN000105,199994,Kiambu,Nairobi,18,Send Money,74,12,No,No,0,No,No
TXN000106,477475,Nakuru,Nakuru,19,Till,78,24,No,No,3,No,No
TXN000107,355393,Kakamega,Nairobi,18,Till,97,24,Yes,Yes,0,No,Yes
TXN000108,384017,Nakuru,Kisumu,17,Till,17,3,No,No,6,Yes,No
TXN000109,278369,Kiambu,Machakos,3,Withdraw,65,30,No,Yes,4,No,Yes
TXN000110,39528,Mombasa,Uasin Gishu,0,Till,19,25,Yes,No,8,No,Yes
TXN000111,281368,Mombasa,Nakuru,15,Send Money,16,15,No,No,6,No,No
TXN000112,324870,Kiambu,Uasin Gishu,3,Paybill,114,18,No,Yes,1,No,No
TXN000113,23824,Nyeri,Kisumu,12,Withdraw,5,10,No,Yes,1,Yes,No
TXN000114,194566,Kakamega,Meru,13,Till,86,24,No,Yes,6,Yes,Yes
TXN000115,17202,Machakos,Mombasa,21,Till,89,12,Yes,No,7,Yes,Yes
TXN000116,285506,Nakuru,Mombasa,14,Send Money,116,21,No,Yes,6,No,Yes
TXN000117,347531,Kisumu,Meru,6,Send Money,28,21,Yes,Yes,5,Yes,Yes
TXN000118,435113,Kisumu,Meru,0,Till,98,18,Yes,Yes,3,No,Yes
TXN000119,450102,Kisumu,Nairobi,11,Paybill,19,5,No,Yes,1,Yes,No
TXN000120,308778,Uasin Gishu,Nyeri,3,Send Money,42,1,Yes,No,0,Yes,No
TXN000121,249740,Meru,Nairobi,23,Till,58,25,No,Yes,7,Yes,Yes
TXN000122,240196,Mombasa,Kakamega,22,Withdraw,83,1,Yes,No,6,No,Yes
TXN000123,38580,Kiambu,Meru,20,Till,116,3,No,Yes,1,Yes,No
TXN000124,199753,Mombasa,Mombasa,20,Paybill,77,17,No,No,8,No,No
TXN000125,225530,Uasin Gishu,Uasin Gishu,23,Send Money,58,29,Yes,No,5,No,Yes
TXN000126,163915,Mombasa,Mombasa,2,Send Money,55,11,No,No,2,No,No
TXN000127,226477,Meru,Nyeri,17,Till,13,24,No,Yes,8,Yes,Yes
TXN000128,351329,Meru,Kiambu,11,Send Money,16,14,No,No,0,No,No
TXN000129,303045,Machakos,Nyeri,11,Send Money,65,7,Yes,No,3,Yes,Yes
TXN000130,399874,Meru,Kiambu,0,Paybill,36,19,Yes,No,8,Yes,Yes
TXN000131,143322,Kisumu,Kisumu,18,Withdraw,90,25,No,No,5,Yes,No
TXN000132,36532,Uasin Gishu,Uasin Gishu,14,Till,19,24,Yes,Yes,8,Yes,Yes
TXN000133,82577,Kisumu,Meru,1,Send Money,48,10,No,Yes,0,Yes,No
TXN000134,142710,Kiambu,Nakuru,16,Send Money,57,22,No,No,7,No,No
TXN000135,181019,Nairobi,Nakuru,12,Send Money,56,4,No,No,8,No,No
TXN000136,4080,Machakos,Mombasa,0,Withdraw,27,10,Yes,Yes,4,No,Yes
TXN000137,391700,Nyeri,Nyeri,21,Till,56,6,Yes,No,8,Yes,Yes
TXN000138,37838,Mombasa,Machakos,18,Withdraw,51,28,Yes,No,0,No,No
TXN000139,300676,Nairobi,Machakos,5,Withdraw,52,23,No,No,1,No,No
TXN000140,436271,Nakuru,Uasin Gishu,18,Withdraw,89,30,No,Yes,6,Yes,Yes
TXN000141,274757,Kisumu,Mombasa,16,Send Money,11,13,No,No,3,No,No
TXN000142,278239,Mombasa,Kisumu,8,Paybill,66,7,No,No,2,Yes,No
TXN000143,91013,Meru,Meru,14,Till,78,5,Yes,Yes,7,No,Yes
TXN000144,453164,Kakamega,Kiambu,8,Send Money,81,11,Yes,No,1,No,No
TXN000145,184569,Nairobi,Machakos,9,Send Money,65,3,No,No,7,Yes,No
TXN000146,338040,Kakamega,Meru,20,Paybill,111,28,Yes,No,7,Yes,Yes
TXN000147,168622,Machakos,Mombasa,16,Paybill,78,16,Yes,Yes,7,Yes,Yes
TXN000148,20571,Machakos,Machakos,9,Withdraw,32,23,No,No,8,Yes,No
TXN000149,214362,Mombasa,Nyeri,21,Withdraw,100,11,Yes,No,1,No,No
TXN000150,149024,Machakos,Kiambu,20,Withdraw,33,24,Yes,No,1,Yes,No
TXN000151,67657,Machakos,Kisumu,21,Send Money,77,23,Yes,No,8,No,Yes
TXN000152,338753,Kisumu,Nakuru,10,Withdraw,86,14,No,Yes,5,No,Yes
TXN000153,100716,Nyeri,Nyeri,23,Send Money,29,5,Yes,Yes,4,Yes,Yes
TXN000154,347091,Kisumu,Meru,5,Withdraw,44,29,Yes,No,2,Yes,No
TXN000155,22957,Nakuru,Nyeri,7,Till,53,12,Yes,No,4,No,Yes
TXN000156,424001,Kiambu,Uasin Gishu,16,Withdraw,101,16,Yes,No,7,No,Yes
TXN000157,85015,Machakos,Nyeri,3,Send Money,105,7,Yes,No,0,No,No
TXN000158,149505,Uasin Gishu,Mombasa,7,Withdraw,11,25,Yes,No,7,Yes,Yes
TXN000159,463850,Nyeri,Machakos,7,Withdraw,45,30,Yes,No,0,No,No
TXN000160,42834,Kisumu,Kisumu,1,Till,48,8,Yes,No,1,No,No
TXN000161,481029,Mombasa,Nairobi,8,Paybill,107,16,Yes,No,7,Yes,Yes
TXN000162,437811,Kiambu,Mombasa,1,Paybill,20,18,No,Yes,4,Yes,Yes
TXN000163,220159,Meru,Nyeri,0,Paybill,82,26,No,Yes,1,No,No
TXN000164,376774,Meru,Uasin Gishu,5,Send Money,19,10,No,Yes,5,Yes,Yes
TXN000165,274506,Uasin Gishu,Machakos,8,Send Money,47,3,Yes,No,7,Yes,Yes
TXN000166,187270,Kisumu,Nairobi,11,Till,101,3,No,Yes,1,No,No
TXN000167,426562,Mombasa,Kakamega,1,Till,83,6,No,No,2,Yes,No
TXN000168,105741,Nyeri,Uasin Gishu,17,Withdraw,6,26,Yes,Yes,5,No,Yes
TXN000169,132859,Machakos,Kiambu,3,Till,5,25,Yes,No,5,Yes,Yes
TXN000170,229138,Kakamega,Kakamega,11,Till,114,13,No,No,5,Yes,No
TXN000171,420082,Nyeri,Kiambu,10,Send Money,11,24,No,Yes,6,Yes,Yes
TXN000172,42029,Kisumu,Kakamega,11,Withdraw,42,22,No,No,7,No,No
TXN000173,22256,Mombasa,Uasin Gishu,11,Paybill,94,28,No,No,4,Yes,No
TXN000174,499586,Nakuru,Machakos,11,Withdraw,4,5,No,Yes,2,Yes,No
TXN000175,497844,Kakamega,Mombasa,18,Paybill,73,2,Yes,No,5,No,Yes
TXN000176,277639,Nairobi,Kisumu,15,Withdraw,47,13,No,No,3,Yes,No
TXN000177,479009,Meru,Kiambu,22,Withdraw,72,4,No,No,7,Yes,No
TXN000178,105001,Mombasa,Machakos,21,Till,16,5,Yes,No,2,No,No
TXN000179,372053,Machakos,Nyeri,7,Send Money,9,18,No,No,2,Yes,No
TXN000180,105421,Nyeri,Meru,11,Withdraw,102,5,Yes,No,0,No,No
TXN000181,421400,Kakamega,Nyeri,13,Withdraw,71,5,Yes,Yes,4,No,Yes
TXN000182,431716,Kakamega,Nyeri,11,Paybill,74,3,Yes,No,1,No,No
TXN000183,460353,Mombasa,Nyeri,4,Till,107,25,Yes,Yes,6,Yes,Yes
TXN000184,86377,Mombasa,Kiambu,6,Till,21,11,Yes,No,8,No,Yes
TXN000185,65675,Meru,Meru,10,Send Money,81,10,Yes,Yes,2,Yes,No
TXN000186,432711,Meru,Uasin Gishu,19,Send Money,111,1,Yes,Yes,4,Yes,Yes
TXN000187,261165,Uasin Gishu,Kiambu,14,Send Money,114,21,No,No,7,Yes,No
TXN000188,361081,Nakuru,Machakos,19,Paybill,8,6,No,No,7,No,No
TXN000189,163933,Machakos,Nyeri,17,Send Money,111,23,No,No,6,Yes,No
TXN000190,167358,Kisumu,Mombasa,1,Till,31,15,Yes,No,7,Yes,Yes
TXN000191,495703,Meru,Machakos,6,Paybill,50,28,No,Yes,2,No,No
TXN000192,261284,Mombasa,Uasin Gishu,16,Withdraw,66,15,No,No,7,Yes,No
TXN000193,126261,Kakamega,Meru,20,Withdraw,28,19,No,Yes,0,No,No
TXN000194,149864,Machakos,Uasin Gishu,11,Send Money,69,1,Yes,No,2,No,No
TXN000195,210070,Mombasa,Uasin Gishu,16,Withdraw,7,19,Yes,No,8,No,Yes
TXN000196,400817,Machakos,Machakos,17,Till,71,9,Yes,Yes,1,No,Yes
TXN000197,395869,Kisumu,Machakos,15,Withdraw,19,7,No,Yes,0,Yes,No
TXN000198,78137,Uasin Gishu,Meru,23,Till,78,29,Yes,No,5,Yes,Yes
TXN000199,311332,Machakos,Machakos,21,Send Money,44,17,No,No,7,Yes,No
TXN000200,218437,Nairobi,Meru,15,Paybill,75,10,Yes,No,4,Yes,Yes
TXN000201,274898,Meru,Mombasa,6,Send Money,81,24,No,Yes,3,Yes,Yes
TXN000202,231281,Nyeri,Meru,15,Send Money,41,14,Yes,No,3,No,Yes
TXN000203,370079,Machakos,Kisumu,14,Till,18,17,Yes,No,7,No,Yes
TXN000204,286454,Kiambu,Nyeri,9,Paybill,46,22,No,No,3,Yes,No
TXN000205,493659,Kakamega,Machakos,17,Till,39,25,No,Yes,7,No,Yes
TXN000206,150934,Kiambu,Nairobi,9,Send Money,16,19,No,No,5,Yes,No
TXN000207,181644,Nyeri,Kiambu,17,Till,119,15,No,No,3,Yes,No
TXN000208,72020,Nakuru,Nairobi,3,Withdraw,14,20,Yes,Yes,0,Yes,Yes
TXN000209,173218,Uasin Gishu,Kakamega,15,Paybill,92,16,Yes,Yes,0,Yes,Yes
TXN000210,396365,Nyeri,Nairobi,5,Withdraw,37,11,No,Yes,1,Yes,No
TXN000211,462600,Kiambu,Nairobi,0,Till,108,6,Yes,No,7,Yes,Yes
TXN000212,297825,Kisumu,Nyeri,14,Till,78,4,No,No,7,No,No
TXN000213,101138,Kisumu,Nairobi,23,Till,104,4,No,Yes,7,No,Yes
TXN000214,414639,Nyeri,Machakos,2,Withdraw,38,19,Yes,Yes,6,No,Yes
TXN000215,350932,Nairobi,Kiambu,12,Paybill,13,6,Yes,No,5,Yes,Yes
TXN000216,234268,Machakos,Nakuru,1,Send Money,97,9,No,No,0,No,No
TXN000217,244051,Machakos,Meru,7,Paybill,40,6,No,No,1,No,No
TXN000218,70078,Nyeri,Nakuru,7,Send Money,62,5,No,No,6,No,No
TXN000219,275566,Nyeri,Nyeri,6,Paybill,58,17,No,Yes,1,Yes,No
TXN000220,86314,Mombasa,Nyeri,14,Send Money,42,28,No,Yes,3,No,Yes
TXN000221,237779,Kiambu,Nairobi,12,Till,17,17,No,No,0,No,No
TXN000222,428106,Machakos,Mombasa,17,Send Money,1,24,Yes,Yes,0,No,Yes
TXN000223,490040,Kisumu,Kisumu,20,Withdraw,115,3,No,Yes,4,No,Yes
TXN000224,196375,Nyeri,Kisumu,20,Till,115,13,No,No,6,Yes,No
TXN000225,62247,Nairobi,Kiambu,14,Withdraw,23,18,No,Yes,3,Yes,Yes
TXN000226,278936,Kisumu,Kiambu,6,Send Money,49,27,Yes,Yes,7,No,Yes
TXN000227,16941,Mombasa,Mombasa,19,Send Money,104,22,No,Yes,3,Yes,Yes
TXN000228,234113,Kakamega,Nakuru,17,Paybill,77,22,Yes,Yes,0,No,Yes
TXN000229,395565,Nakuru,Meru,10,Till,111,25,Yes,Yes,8,No,Yes
TXN000230,124255,Kiambu,Nairobi,17,Paybill,39,29,Yes,Yes,6,No,Yes
TXN000231,328250,Nyeri,Machakos,22,Withdraw,87,14,No,Yes,5,No,Yes
TXN000232,214095,Nakuru,Nakuru,9,Paybill,20,10,No,Yes,8,No,Yes
TXN000233,422508,Uasin Gishu,Nakuru,8,Paybill,60,30,Yes,No,6,Yes,Yes
TXN000234,173202,Nairobi,Kiambu,12,Send Money,83,3,No,No,1,Yes,No
TXN000235,458078,Kiambu,Nairobi,6,Paybill,10,7,Yes,No,3,No,Yes
TXN000236,388796,Nakuru,Nyeri,10,Till,16,24,No,Yes,3,No,Yes
TXN000237,199626,Nyeri,Kakamega,14,Send Money,60,18,No,No,4,No,No
TXN000238,420957,Uasin Gishu,Nairobi,18,Paybill,93,16,No,Yes,5,No,Yes
TXN000239,388679,Nakuru,Machakos,7,Withdraw,19,1,No,No,4,Yes,No
TXN000240,298783,Kakamega,Kakamega,5,Till,107,8,No,No,4,No,No
TXN000241,88793,Nyeri,Nairobi,2,Send Money,18,24,No,Yes,8,Yes,Yes
TXN000242,400783,Nairobi,Nakuru,16,Withdraw,1,14,Yes,Yes,1,Yes,Yes
TXN000243,195714,Nyeri,Nyeri,13,Send Money,8,20,No,No,0,Yes,No
TXN000244,8819,Kisumu,Mombasa,3,Paybill,68,24,No,No,0,No,No
TXN000245,126387,Mombasa,Machakos,12,Withdraw,25,20,No,No,4,No,No
TXN000246,296273,Mombasa,Uasin Gishu,12,Withdraw,32,23,Yes,No,1,Yes,No
TXN000247,289824,Uasin Gishu,Machakos,18,Send Money,61,2,Yes,Yes,1,No,Yes
TXN000248,469178,Kiambu,Nairobi,2,Till,68,30,Yes,Yes,3,No,Yes
TXN000249,471548,Nakuru,Meru,4,Withdraw,70,19,Yes,Yes,5,Yes,Yes
TXN000250,487047,Uasin Gishu,Kisumu,22,Send Money,10,10,Yes,Yes,6,No,Yes
TXN000251,262609,Mombasa,Machakos,19,Withdraw,96,12,Yes,Yes,6,Yes,Yes
TXN000252,405615,Machakos,Nyeri,12,Withdraw,42,1,No,No,7,Yes,No
TXN000253,97430,Mombasa,Mombasa,8,Paybill,88,19,No,Yes,4,Yes,Yes
TXN000254,199279,Mombasa,Mombasa,0,Till,92,26,Yes,No,5,No,Yes
TXN000255,233219,Kisumu,Uasin Gishu,14,Withdraw,47,25,No,Yes,2,Yes,No
TXN000256,54205,Nairobi,Kiambu,13,Withdraw,4,3,No,Yes,5,No,No
TXN000257,408559,Kisumu,Kiambu,9,Till,11,24,Yes,Yes,6,Yes,Yes
TXN000258,258588,Kiambu,Kakamega,2,Till,19,3,Yes,No,4,No,Yes
TXN000259,132013,Kisumu,Kiambu,0,Withdraw,32,24,No,Yes,7,Yes,Yes
TXN000260,174227,Uasin Gishu,Meru,4,Till,108,20,No,No,7,No,No
TXN000261,168170,Uasin Gishu,Machakos,9,Withdraw,78,23,Yes,No,5,Yes,Yes
TXN000262,301976,Machakos,Mombasa,18,Paybill,101,8,No,No,4,No,No
TXN000263,310547,Kiambu,Mombasa,13,Withdraw,70,6,Yes,No,3,No,Yes
TXN000264,73019,Uasin Gishu,Mombasa,14,Withdraw,82,10,Yes,No,2,No,No
TXN000265,305313,Mombasa,Nakuru,21,Till,52,18,No,Yes,5,Yes,Yes
TXN000266,87259,Mombasa,Nairobi,3,Till,83,20,Yes,No,5,No,Yes
TXN000267,116442,Kakamega,Meru,22,Paybill,66,24,Yes,No,5,No,Yes
TXN000268,180912,Mombasa,Kisumu,11,Till,4,16,Yes,No,6,Yes,Yes
TXN000269,179915,Mombasa,Kakamega,23,Withdraw,59,26,Yes,No,5,No,Yes
TXN000270,167250,Mombasa,Kisumu,23,Paybill,9,10,Yes,Yes,0,No,Yes
TXN000271,270579,Kakamega,Nakuru,12,Paybill,23,18,Yes,No,8,No,Yes
TXN000272,97770,Kakamega,Meru,13,Withdraw,82,22,No,No,0,Yes,No
TXN000273,2383,Nyeri,Kisumu,11,Till,91,7,Yes,No,1,Yes,No
TXN000274,103373,Meru,Uasin Gishu,19,Withdraw,59,4,No,No,8,No,No
TXN000275,307809,Meru,Meru,2,Paybill,15,12,No,No,2,No,No
TXN000276,164249,Kisumu,Nyeri,12,Withdraw,16,8,No,Yes,2,No,No
TXN000277,312748,Nyeri,Kisumu,17,Paybill,18,19,No,No,2,No,No
TXN000278,256763,Machakos,Nairobi,15,Paybill,37,5,Yes,No,7,Yes,Yes
TXN000279,102353,Kakamega,Kakamega,5,Send Money,105,13,No,No,7,No,No
TXN000280,296481,Nakuru,Nyeri,9,Paybill,4,26,Yes,No,0,No,No
TXN000281,409382,Nyeri,Machakos,17,Send Money,59,19,No,Yes,1,No,No
TXN000282,398511,Kiambu,Nairobi,14,Till,93,15,Yes,No,1,Yes,No
TXN000283,182804,Nakuru,Meru,22,Till,111,27,Yes,No,1,Yes,No
TXN000284,451487,Nakuru,Nairobi,18,Till,91,20,No,Yes,2,Yes,No
TXN000285,279118,Meru,Kiambu,16,Send Money,36,20,Yes,No,4,No,Yes
TXN000286,71137,Kisumu,Nakuru,4,Till,97,26,No,Yes,4,Yes,Yes
TXN000287,434413,Uasin Gishu,Uasin Gishu,14,Send Money,32,25,No,No,2,No,No
TXN000288,332253,Machakos,Kakamega,15,Till,102,29,Yes,No,8,No,Yes
TXN000289,305162,Nyeri,Uasin Gishu,6,Withdraw,1,28,Yes,No,5,Yes,Yes
TXN000290,432507,Nyeri,Meru,4,Withdraw,28,16,No,No,4,No,No
TXN000291,413348,Nairobi,Mombasa,5,Withdraw,44,29,Yes,Yes,1,No,Yes
TXN000292,239396,Kiambu,Mombasa,20,Till,1,14,Yes,Yes,4,Yes,Yes
TXN000293,131326,Nakuru,Uasin Gishu,20,Send Money,11,12,Yes,Yes,6,No,Yes
TXN000294,368990,Meru,Nakuru,16,Withdraw,13,1,Yes,No,1,Yes,No
TXN000295,4919,Kakamega,Mombasa,7,Withdraw,2,23,No,Yes,6,Yes,Yes
TXN000296,46885,Kiambu,Kisumu,12,Paybill,94,26,Yes,Yes,5,No,Yes
TXN000297,336420,Machakos,Nakuru,20,Paybill,87,5,Yes,Yes,2,No,Yes
TXN000298,482339,Kisumu,Mombasa,18,Withdraw,53,20,No,Yes,1,Yes,No
TXN000299,184355,Nakuru,Nyeri,19,Till,55,11,Yes,Yes,4,Yes,Yes
TXN000300,408454,Uasin Gishu,Kiambu,20,Send Money,89,1,No,Yes,8,Yes,Yes
TXN000301,410987,Nakuru,Kakamega,20,Send Money,115,26,Yes,No,6,Yes,Yes
TXN000302,277024,Meru,Uasin Gishu,11,Paybill,114,1,No,No,2,No,No
TXN000303,399938,Kiambu,Nakuru,1,Send Money,61,25,Yes,Yes,1,Yes,Yes
TXN000304,497431,Mombasa,Nyeri,17,Paybill,102,13,No,No,6,No,No
TXN000305,145523,Uasin Gishu,Meru,20,Send Money,11,10,Yes,Yes,2,No,Yes
TXN000306,162668,Uasin Gishu,Mombasa,14,Send Money,90,14,Yes,Yes,3,Yes,Yes
TXN000307,162207,Nairobi,Kisumu,15,Till,86,24,Yes,Yes,0,Yes,Yes
TXN000308,274255,Kiambu,Mombasa,0,Till,67,26,No,Yes,5,Yes,Yes
TXN000309,423206,Kakamega,Nyeri,11,Send Money,55,9,Yes,No,1,No,No
TXN000310,261989,Mombasa,Meru,21,Send Money,110,19,Yes,No,2,No,No
TXN000311,119799,Nairobi,Kakamega,11,Withdraw,95,17,Yes,Yes,0,Yes,Yes
TXN000312,482513,Nakuru,Uasin Gishu,23,Till,20,6,Yes,No,3,No,Yes
TXN000313,142267,Kisumu,Nakuru,16,Send Money,106,3,No,Yes,8,Yes,Yes
TXN000314,210250,Mombasa,Nyeri,14,Send Money,9,29,No,No,4,No,No
TXN000315,193469,Meru,Kakamega,6,Paybill,26,10,No,Yes,7,No,Yes
TXN000316,78990,Nairobi,Machakos,0,Withdraw,1,30,No,Yes,3,No,Yes
TXN000317,445173,Uasin Gishu,Kakamega,1,Paybill,95,24,No,Yes,3,Yes,Yes
TXN000318,373160,Machakos,Kakamega,23,Send Money,36,3,Yes,Yes,8,No,Yes
TXN000319,304541,Uasin Gishu,Kisumu,7,Till,13,17,Yes,No,1,Yes,No
TXN000320,136884,Kiambu,Nakuru,2,Paybill,109,11,No,No,5,No,No
TXN000321,71411,Kakamega,Kakamega,10,Withdraw,100,25,Yes,Yes,1,Yes,Yes
TXN000322,63350,Kiambu,Mombasa,2,Paybill,69,12,Yes,No,4,No,Yes
TXN000323,423463,Mombasa,Nakuru,11,Withdraw,88,10,Yes,Yes,5,Yes,Yes
TXN000324,269250,Uasin Gishu,Kakamega,17,Paybill,7,22,No,No,2,Yes,No
TXN000325,49713,Nakuru,Kisumu,6,Withdraw,60,4,Yes,Yes,0,Yes,No
TXN000326,195210,Mombasa,Nakuru,20,Withdraw,88,21,Yes,No,1,Yes,No
TXN000327,424355,Nairobi,Kisumu,18,Withdraw,17,3,No,Yes,0,No,No
TXN000328,430849,Kisumu,Machakos,6,Paybill,93,13,No,Yes,6,No,Yes
TXN000329,144219,Kakamega,Uasin Gishu,17,Withdraw,36,15,Yes,Yes,3,No,Yes
TXN000330,32020,Nyeri,Nakuru,20,Send Money,12,9,No,Yes,6,Yes,No
TXN000331,200589,Machakos,Meru,16,Till,101,23,No,No,8,No,No
TXN000332,203673,Kiambu,Nairobi,15,Till,35,6,Yes,No,3,Yes,Yes
TXN000333,402096,Kiambu,Nyeri,23,Send Money,75,8,Yes,Yes,3,Yes,Yes
TXN000334,400632,Nakuru,Meru,10,Till,29,19,No,No,2,Yes,No
TXN000335,479238,Nyeri,Kiambu,5,Withdraw,76,1,No,Yes,3,No,Yes
TXN000336,19953,Nairobi,Machakos,19,Paybill,12,2,Yes,Yes,0,No,No
TXN000337,422859,Kisumu,Meru,22,Paybill,17,11,Yes,No,0,Yes,No
TXN000338,406041,Meru,Mombasa,10,Till,15,28,No,Yes,5,No,Yes
TXN000339,169186,Nyeri,Meru,11,Paybill,18,6,No,No,5,Yes,No
TXN000340,348980,Kisumu,Kisumu,23,Send Money,76,27,Yes,No,4,No,Yes
TXN000341,497488,Meru,Nakuru,20,Send Money,90,19,No,Yes,2,No,No
TXN000342,491144,Machakos,Kisumu,20,Send Money,64,5,No,Yes,3,No,Yes
TXN000343,430837,Nakuru,Nakuru,22,Send Money,91,22,No,No,0,No,No
TXN000344,183803,Kakamega,Uasin Gishu,5,Withdraw,33,26,Yes,Yes,0,No,Yes
TXN000345,258566,Meru,Nakuru,5,Withdraw,113,13,No,No,1,No,No
TXN000346,38694,Kiambu,Mombasa,2,Till,103,28,Yes,No,0,No,No
TXN000347,89234,Machakos,Meru,19,Withdraw,114,13,Yes,Yes,8,Yes,Yes
TXN000348,369413,Mombasa,Machakos,6,Paybill,4,14,Yes,No,2,Yes,No
TXN000349,214630,Mombasa,Nairobi,12,Withdraw,90,18,No,No,4,Yes,No
TXN000350,80575,Meru,Kakamega,6,Send Money,7,12,Yes,No,1,No,No
TXN000351,13542,Kiambu,Uasin Gishu,15,Withdraw,27,6,No,Yes,7,Yes,No
TXN000352,469223,Uasin Gishu,Machakos,5,Withdraw,85,9,Yes,No,2,No,No
TXN000353,23442,Meru,Nairobi,4,Send Money,34,15,No,No,3,No,No
TXN000354,44985,Uasin Gishu,Nyeri,13,Withdraw,86,12,No,Yes,8,Yes,Yes
TXN000355,300317,Nairobi,Nyeri,18,Paybill,113,8,No,No,1,No,No
TXN000356,63112,Kisumu,Nairobi,13,Send Money,97,15,Yes,Yes,3,Yes,Yes
TXN000357,358204,Mombasa,Uasin Gishu,17,Withdraw,56,7,Yes,No,5,Yes,Yes
TXN000358,289485,Mombasa,Uasin Gishu,4,Paybill,42,28,No,No,0,No,No
TXN000359,297108,Nyeri,Machakos,13,Till,76,19,Yes,Yes,1,No,Yes
TXN000360,200875,Uasin Gishu,Kisumu,19,Withdraw,84,16,No,Yes,2,No,No
TXN000361,20383,Kiambu,Machakos,0,Till,51,29,No,Yes,0,No,No
TXN000362,428595,Nakuru,Kisumu,9,Withdraw,102,10,No,No,7,Yes,No
TXN000363,405865,Kakamega,Nakuru,13,Withdraw,106,11,No,No,1,Yes,No
TXN000364,398243,Mombasa,Kiambu,22,Withdraw,67,28,No,Yes,8,Yes,Yes
TXN000365,71169,Nairobi,Nakuru,1,Withdraw,100,28,Yes,Yes,3,Yes,Yes
TXN000366,26557,Nyeri,Uasin Gishu,20,Send Money,118,12,Yes,No,5,No,Yes
TXN000367,357181,Kakamega,Meru,17,Till,4,8,No,No,7,Yes,No
TXN000368,180535,Uasin Gishu,Nairobi,5,Paybill,21,27,No,Yes,4,Yes,Yes
TXN000369,449423,Nyeri,Nairobi,21,Send Money,29,21,Yes,Yes,4,No,Yes
TXN000370,248613,Meru,Kiambu,22,Till,117,5,Yes,Yes,3,No,Yes
TXN000371,222246,Kakamega,Kiambu,21,Withdraw,115,13,No,No,4,Yes,No
TXN000372,306489,Kakamega,Mombasa,10,Till,14,1,No,No,4,Yes,No
TXN000373,335906,Kisumu,Nyeri,7,Send Money,42,28,No,No,4,Yes,No
TXN000374,422327,Kakamega,Kiambu,8,Withdraw,110,26,No,No,2,Yes,No
TXN000375,212176,Nyeri,Kakamega,21,Till,50,24,Yes,Yes,5,Yes,Yes
TXN000376,266029,Kakamega,Kisumu,23,Till,39,28,Yes,Yes,4,Yes,Yes
TXN000377,380256,Machakos,Nakuru,23,Till,104,18,Yes,No,1,Yes,No
TXN000378,220498,Kakamega,Mombasa,15,Send Money,101,29,No,No,4,No,No
TXN000379,454289,Uasin Gishu,Nyeri,9,Withdraw,82,19,Yes,No,3,Yes,Yes
TXN000380,28394,Uasin Gishu,Meru,14,Paybill,112,28,Yes,Yes,3,No,Yes
TXN000381,165926,Kisumu,Machakos,20,Send Money,111,23,Yes,Yes,7,No,Yes
TXN000382,2521,Mombasa,Kisumu,19,Withdraw,58,9,Yes,Yes,2,No,No
TXN000383,332179,Nairobi,Nyeri,6,Till,55,13,No,No,6,Yes,No
TXN000384,498159,Nakuru,Nakuru,22,Till,2,29,No,Yes,0,Yes,Yes
TXN000385,163676,Nairobi,Kiambu,9,Withdraw,17,4,No,No,2,Yes,No
TXN000386,381643,Kakamega,Machakos,6,Paybill,67,20,No,No,2,No,No
TXN000387,497119,Kisumu,Nakuru,23,Send Money,117,30,No,Yes,3,Yes,Yes
TXN000388,309218,Kiambu,Nyeri,19,Send Money,65,6,Yes,No,0,No,No
TXN000389,311437,Uasin Gishu,Kakamega,12,Send Money,7,22,Yes,Yes,0,Yes,Yes
TXN000390,286983,Uasin Gishu,Mombasa,21,Till,33,16,Yes,Yes,0,No,Yes
TXN000391,326575,Kiambu,Mombasa,3,Withdraw,78,23,Yes,No,1,Yes,No
TXN000392,104198,Kiambu,Kisumu,1,Withdraw,78,7,No,Yes,5,No,Yes
TXN000393,477339,Nairobi,Mombasa,3,Withdraw,27,23,No,No,3,Yes,No
TXN000394,78244,Kakamega,Kiambu,8,Withdraw,12,25,Yes,Yes,4,Yes,Yes
TXN000395,26306,Machakos,Uasin Gishu,23,Send Money,13,27,Yes,Yes,4,No,Yes
TXN000396,49856,Machakos,Machakos,14,Till,109,25,Yes,Yes,2,Yes,Yes
TXN000397,460624,Uasin Gishu,Uasin Gishu,14,Till,94,3,No,No,2,Yes,No
TXN000398,438201,Kisumu,Nairobi,5,Send Money,50,23,No,No,2,Yes,No
TXN000399,218168,Machakos,Meru,0,Paybill,117,19,No,No,2,No,No
TXN000400,253322,Mombasa,Kiambu,20,Till,118,16,Yes,No,7,Yes,Yes
TXN000401,6530,Uasin Gishu,Nakuru,15,Till,91,28,Yes,No,8,Yes,Yes
TXN000402,348025,Nairobi,Kisumu,16,Withdraw,87,21,No,Yes,8,Yes,Yes
TXN000403,446675,Nakuru,Machakos,8,Send Money,64,28,Yes,Yes,7,No,Yes
TXN000404,265826,Kakamega,Kakamega,18,Withdraw,29,18,No,No,3,Yes,No
TXN000405,46197,Nairobi,Mombasa,12,Withdraw,110,16,No,No,1,No,No
TXN000406,18836,Kakamega,Machakos,11,Send Money,72,18,Yes,Yes,4,Yes,Yes
TXN000407,428177,Machakos,Kakamega,3,Send Money,29,28,No,No,8,No,No
TXN000408,398152,Nyeri,Nyeri,11,Send Money,85,8,Yes,No,5,No,Yes
TXN000409,24050,Kiambu,Meru,6,Paybill,115,6,No,Yes,6,Yes,No
TXN000410,63355,Machakos,Mombasa,13,Send Money,120,28,No,Yes,7,Yes,Yes
TXN000411,485869,Kakamega,Nairobi,16,Send Money,82,27,Yes,No,7,Yes,Yes
TXN000412,290099,Mombasa,Uasin Gishu,21,Till,120,14,No,Yes,2,Yes,No
TXN000413,264348,Machakos,Kiambu,14,Paybill,113,13,No,Yes,4,No,Yes
TXN000414,72496,Nakuru,Nakuru,19,Till,53,20,No,No,8,Yes,No
TXN000415,360032,Mombasa,Machakos,17,Withdraw,45,30,Yes,Yes,8,No,Yes
TXN000416,305608,Nyeri,Mombasa,0,Withdraw,74,22,No,No,6,Yes,No
TXN000417,76243,Kiambu,Kiambu,4,Send Money,7,22,Yes,Yes,4,Yes,Yes
TXN000418,362120,Mombasa,Meru,21,Paybill,101,10,Yes,Yes,5,No,Yes
TXN000419,389288,Nairobi,Uasin Gishu,12,Withdraw,83,18,No,Yes,8,No,Yes
TXN000420,413247,Meru,Kakamega,7,Till,88,11,Yes,Yes,4,Yes,Yes
TXN000421,395943,Kisumu,Mombasa,5,Paybill,76,18,Yes,Yes,4,No,Yes
TXN000422,385443,Nyeri,Kiambu,4,Paybill,66,4,No,Yes,6,No,Yes
TXN000423,306226,Nairobi,Kisumu,10,Send Money,109,9,Yes,No,7,Yes,Yes
TXN000424,405671,Mombasa,Machakos,16,Paybill,120,21,No,No,8,No,No
TXN000425,96450,Mombasa,Machakos,7,Paybill,67,3,Yes,No,8,No,No
TXN000426,347828,Nyeri,Nairobi,3,Till,43,11,No,No,3,No,No
TXN000427,233707,Mombasa,Uasin Gishu,8,Till,31,29,Yes,Yes,5,No,Yes
TXN000428,13002,Kiambu,Nakuru,10,Send Money,117,17,No,No,7,Yes,No
TXN000429,497186,Uasin Gishu,Mombasa,6,Withdraw,13,6,Yes,Yes,3,Yes,Yes
TXN000430,339034,Nairobi,Mombasa,2,Send Money,105,3,Yes,Yes,7,No,Yes
TXN000431,93369,Uasin Gishu,Kakamega,20,Withdraw,102,9,Yes,Yes,4,No,Yes
TXN000432,227079,Meru,Mombasa,23,Send Money,41,1,No,Yes,8,Yes,Yes
TXN000433,367514,Meru,Mombasa,9,Withdraw,109,3,No,Yes,4,No,Yes
TXN000434,200020,Kisumu,Uasin Gishu,17,Till,51,27,Yes,No,2,Yes,No
TXN000435,332472,Mombasa,Nairobi,0,Withdraw,19,10,No,Yes,8,Yes,Yes
TXN000436,281672,Uasin Gishu,Nyeri,4,Paybill,71,3,No,Yes,5,Yes,Yes
TXN000437,96515,Meru,Nairobi,17,Withdraw,29,20,No,Yes,1,Yes,No
TXN000438,338045,Nakuru,Meru,15,Till,71,3,No,Yes,4,Yes,Yes
TXN000439,187293,Nakuru,Machakos,15,Withdraw,17,22,Yes,Yes,4,Yes,Yes
TXN000440,172197,Uasin Gishu,Kisumu,0,Till,79,22,No,Yes,5,No,Yes
TXN000441,129116,Machakos,Kakamega,14,Withdraw,101,8,No,No,5,Yes,No
TXN000442,188133,Kiambu,Kisumu,17,Paybill,100,10,No,Yes,2,Yes,No
TXN000443,138060,Meru,Meru,12,Paybill,94,29,Yes,Yes,0,Yes,Yes
TXN000444,475214,Uasin Gishu,Nakuru,18,Till,5,18,No,No,2,No,No
TXN000445,70242,Nakuru,Meru,21,Paybill,60,17,Yes,No,5,Yes,Yes
TXN000446,397044,Kakamega,Machakos,1,Paybill,66,5,No,Yes,2,Yes,No
TXN000447,399280,Nairobi,Nakuru,16,Till,63,8,Yes,No,5,Yes,Yes
TXN000448,203522,Mombasa,Nyeri,20,Till,61,30,No,Yes,0,No,No
TXN000449,437763,Meru,Mombasa,16,Till,95,9,Yes,No,6,No,Yes
TXN000450,197354,Kakamega,Meru,0,Paybill,117,8,No,No,5,No,No
TXN000451,230683,Kisumu,Kisumu,11,Send Money,22,8,Yes,No,3,Yes,Yes
TXN000452,346661,Kakamega,Nakuru,18,Paybill,30,14,No,Yes,7,No,Yes
TXN000453,339400,Meru,Meru,5,Paybill,107,14,Yes,Yes,0,Yes,Yes
TXN000454,330110,Kisumu,Nyeri,12,Send Money,66,2,Yes,Yes,2,No,Yes
TXN000455,460641,Meru,Kakamega,15,Paybill,93,24,No,Yes,3,No,Yes
TXN000456,115059,Kisumu,Machakos,14,Send Money,107,14,Yes,Yes,8,No,Yes
TXN000457,120538,Nyeri,Nyeri,21,Withdraw,49,13,Yes,Yes,0,Yes,Yes
TXN000458,433381,Nyeri,Nyeri,3,Send Money,20,20,Yes,Yes,7,Yes,Yes
TXN000459,252883,Machakos,Nairobi,22,Withdraw,85,5,Yes,No,8,No,Yes
TXN000460,120366,Kisumu,Kiambu,15,Paybill,103,16,No,No,1,No,No
TXN000461,477196,Nairobi,Nairobi,18,Send Money,110,3,No,No,4,Yes,No
TXN000462,272554,Mombasa,Kisumu,13,Till,1,13,Yes,No,6,No,Yes
TXN000463,137047,Nakuru,Uasin Gishu,17,Withdraw,110,18,No,No,4,No,No
TXN000464,93750,Uasin Gishu,Kisumu,21,Send Money,48,18,No,No,4,No,No
TXN000465,392120,Machakos,Nyeri,19,Send Money,30,15,Yes,Yes,3,No,Yes
TXN000466,84323,Meru,Uasin Gishu,2,Send Money,50,21,Yes,Yes,2,No,Yes
TXN000467,137985,Meru,Nyeri,9,Send Money,29,12,Yes,Yes,6,No,Yes
TXN000468,495877,Nakuru,Nyeri,9,Paybill,100,27,Yes,No,7,Yes,Yes
TXN000469,17670,Nakuru,Nairobi,5,Send Money,101,20,Yes,Yes,0,No,Yes
TXN000470,144720,Nyeri,Nairobi,23,Send Money,100,13,No,No,6,Yes,No
TXN000471,481963,Nakuru,Meru,6,Withdraw,12,18,No,No,5,No,No
TXN000472,487487,Nyeri,Mombasa,17,Send Money,52,19,Yes,No,2,No,No
TXN000473,263855,Kakamega,Uasin Gishu,18,Withdraw,38,11,Yes,No,8,No,Yes
TXN000474,403734,Kakamega,Mombasa,8,Send Money,32,25,No,No,7,Yes,No
TXN000475,200680,Machakos,Nyeri,17,Send Money,82,26,Yes,Yes,5,No,Yes
TXN000476,367480,Machakos,Mombasa,17,Paybill,107,9,Yes,No,1,No,No
TXN000477,249902,Kakamega,Nakuru,7,Paybill,41,12,Yes,No,2,Yes,No
TXN000478,457618,Kisumu,Mombasa,3,Send Money,34,7,Yes,Yes,3,No,Yes
TXN000479,354370,Meru,Machakos,15,Till,85,16,Yes,Yes,7,No,Yes
TXN000480,257373,Nairobi,Nyeri,13,Withdraw,24,25,No,No,3,Yes,No
TXN000481,492699,Mombasa,Nyeri,14,Till,70,2,No,No,2,No,No
TXN000482,361394,Machakos,Meru,8,Paybill,2,1,Yes,No,1,No,Yes
TXN000483,287655,Kisumu,Kakamega,13,Paybill,34,8,No,No,5,No,No
TXN000484,219775,Kakamega,Kisumu,18,Paybill,90,25,No,No,6,No,No
TXN000485,301983,Uasin Gishu,Nakuru,4,Paybill,88,8,Yes,No,3,No,Yes
TXN000486,248031,Nyeri,Nyeri,23,Till,104,1,Yes,No,7,Yes,Yes
TXN000487,411790,Kisumu,Nairobi,6,Till,63,10,No,Yes,6,Yes,Yes
TXN000488,249893,Machakos,Machakos,17,Till,108,21,Yes,No,5,No,Yes
TXN000489,180478,Kiambu,Machakos,10,Withdraw,3,14,Yes,No,3,Yes,Yes
TXN000490,406239,Kisumu,Kisumu,20,Till,95,15,Yes,No,4,No,Yes
TXN000491,221203,Machakos,Nakuru,10,Till,81,20,No,Yes,1,Yes,No
TXN000492,342416,Machakos,Meru,16,Withdraw,38,23,No,No,4,No,No
TXN000493,217099,Mombasa,Nakuru,5,Withdraw,22,6,Yes,Yes,3,No,Yes
TXN000494,54056,Nyeri,Mombasa,3,Till,13,3,No,Yes,0,No,No
TXN000495,324113,Kiambu,Kakamega,20,Paybill,20,3,No,No,3,Yes,No
TXN000496,68877,Machakos,Kakamega,14,Till,68,27,Yes,Yes,0,No,Yes
TXN000497,287645,Machakos,Kakamega,17,Paybill,57,5,Yes,No,6,No,Yes
TXN000498,421948,Kisumu,Kiambu,0,Send Money,12,15,No,No,6,No,No
TXN000499,274418,Nyeri,Nairobi,22,Withdraw,105,25,Yes,No,4,No,Yes
TXN000500,496528,Meru,Nakuru,0,Till,97,16,No,Yes,6,No,Yes
TXN000501,98915,Uasin Gishu,Uasin Gishu,7,Till,53,29,No,No,3,Yes,No
TXN000502,41578,Uasin Gishu,Nakuru,2,Paybill,55,21,Yes,No,4,No,Yes
TXN000503,71680,Nakuru,Machakos,0,Paybill,38,4,No,No,4,No,No
TXN000504,26071,Kisumu,Kakamega,23,Send Money,69,1,Yes,Yes,4,No,Yes
TXN000505,122109,Uasin Gishu,Kiambu,15,Till,12,5,Yes,No,3,No,Yes
TXN000506,243154,Nairobi,Kiambu,12,Send Money,90,26,Yes,No,1,Yes,No
TXN000507,284839,Mombasa,Nakuru,12,Withdraw,61,6,Yes,No,6,Yes,Yes
TXN000508,129634,Kakamega,Uasin Gishu,21,Till,95,2,Yes,No,1,Yes,No
TXN000509,490896,Kiambu,Nakuru,11,Send Money,42,6,Yes,Yes,4,No,Yes
TXN000510,452855,Nairobi,Kisumu,8,Send Money,86,7,Yes,Yes,6,No,Yes
TXN000511,207567,Machakos,Mombasa,7,Paybill,102,8,Yes,Yes,7,Yes,Yes
TXN000512,262151,Kisumu,Nyeri,3,Paybill,12,22,No,Yes,0,No,No
TXN000513,255820,Uasin Gishu,Machakos,23,Paybill,30,11,No,No,3,Yes,No
TXN000514,131487,Nyeri,Kakamega,6,Paybill,116,2,No,No,8,No,No
TXN000515,285063,Mombasa,Nyeri,4,Withdraw,45,11,No,No,8,Yes,No
TXN000516,155067,Kisumu,Nairobi,19,Till,105,9,No,No,0,No,No
TXN000517,406906,Nakuru,Nyeri,21,Withdraw,80,8,No,Yes,8,No,Yes
TXN000518,401515,Mombasa,Mombasa,16,Send Money,71,5,No,No,6,No,No
TXN000519,23001,Kakamega,Nakuru,3,Send Money,107,5,Yes,Yes,3,Yes,Yes
TXN000520,299424,Nairobi,Machakos,7,Send Money,83,27,No,No,8,No,No
TXN000521,6910,Nairobi,Machakos,17,Withdraw,120,30,Yes,No,1,No,No
TXN000522,431028,Mombasa,Kiambu,2,Paybill,48,26,Yes,No,8,Yes,Yes
TXN000523,272409,Nyeri,Nakuru,18,Paybill,13,4,Yes,No,3,Yes,Yes
TXN000524,292824,Uasin Gishu,Mombasa,5,Paybill,96,18,No,Yes,5,No,Yes
TXN000525,288390,Machakos,Machakos,17,Till,52,17,No,Yes,8,No,Yes
TXN000526,442996,Uasin Gishu,Nyeri,23,Till,48,14,No,No,3,Yes,No
TXN000527,188798,Meru,Nairobi,16,Paybill,58,15,No,Yes,0,No,No
TXN000528,466836,Nairobi,Kiambu,17,Paybill,39,1,No,Yes,3,No,Yes
TXN000529,49483,Machakos,Meru,7,Paybill,5,15,No,Yes,2,No,No
TXN000530,134395,Machakos,Kakamega,5,Withdraw,104,10,Yes,No,3,Yes,Yes
TXN000531,432957,Mombasa,Nairobi,10,Till,116,23,Yes,No,0,No,No
TXN000532,461314,Uasin Gishu,Nairobi,9,Send Money,105,14,No,Yes,3,Yes,Yes
TXN000533,167463,Kisumu,Nairobi,21,Withdraw,70,19,Yes,No,8,Yes,Yes
TXN000534,233681,Uasin Gishu,Kisumu,4,Till,97,20,Yes,Yes,6,No,Yes
TXN000535,43327,Uasin Gishu,Nyeri,13,Paybill,61,19,Yes,No,4,Yes,Yes
TXN000536,399574,Nyeri,Meru,23,Paybill,18,16,Yes,No,6,Yes,Yes
TXN000537,127092,Uasin Gishu,Uasin Gishu,11,Till,10,9,No,No,1,Yes,No
TXN000538,99921,Meru,Kakamega,19,Paybill,42,12,Yes,No,2,No,No
TXN000539,230979,Mombasa,Mombasa,23,Send Money,6,30,Yes,Yes,5,Yes,Yes
TXN000540,127477,Mombasa,Kiambu,14,Withdraw,80,30,Yes,No,0,No,No
TXN000541,11976,Nyeri,Kakamega,19,Paybill,43,7,Yes,Yes,8,No,Yes
TXN000542,364467,Kiambu,Kisumu,1,Till,90,22,Yes,No,8,Yes,Yes
TXN000543,105272,Mombasa,Uasin Gishu,21,Till,102,23,No,Yes,7,Yes,Yes
TXN000544,347643,Uasin Gishu,Nakuru,12,Send Money,110,30,No,Yes,0,No,No
TXN000545,473939,Nyeri,Nairobi,1,Paybill,41,16,Yes,Yes,3,No,Yes
TXN000546,483585,Nairobi,Machakos,21,Till,68,10,No,No,6,Yes,No
TXN000547,186370,Uasin Gishu,Nairobi,17,Till,81,10,Yes,No,0,No,No
TXN000548,118320,Nyeri,Meru,20,Paybill,20,11,No,Yes,1,No,No
TXN000549,218852,Kakamega,Nyeri,4,Paybill,31,19,Yes,No,4,No,Yes
TXN000550,342133,Uasin Gishu,Kisumu,20,Paybill,18,19,Yes,Yes,4,Yes,Yes
TXN000551,166509,Nairobi,Machakos,13,Withdraw,9,18,Yes,Yes,5,Yes,Yes
TXN000552,159091,Kisumu,Kisumu,0,Till,57,24,No,Yes,3,Yes,Yes
TXN000553,317561,Machakos,Mombasa,22,Withdraw,73,20,Yes,Yes,3,Yes,Yes
TXN000554,70350,Kakamega,Kakamega,4,Paybill,65,28,No,No,2,No,No
TXN000555,101373,Nakuru,Nakuru,6,Send Money,29,2,No,Yes,4,No,Yes
TXN000556,92889,Uasin Gishu,Uasin Gishu,1,Withdraw,119,15,No,No,7,Yes,No
TXN000557,377642,Nairobi,Nakuru,16,Withdraw,41,13,Yes,Yes,7,No,Yes
TXN000558,385490,Kakamega,Uasin Gishu,9,Till,6,18,No,Yes,3,No,Yes
TXN000559,241928,Kakamega,Kakamega,2,Send Money,22,14,No,Yes,8,Yes,Yes
TXN000560,94301,Kakamega,Nairobi,5,Withdraw,100,19,Yes,No,6,No,Yes
TXN000561,309545,Machakos,Kisumu,22,Send Money,115,23,Yes,No,1,No,No
TXN000562,47860,Nyeri,Meru,5,Withdraw,15,23,No,No,1,No,No
TXN000563,288589,Kisumu,Kisumu,22,Send Money,49,2,Yes,No,2,Yes,No
TXN000564,220031,Kisumu,Nakuru,0,Till,40,10,No,No,2,Yes,No
TXN000565,6450,Nakuru,Meru,21,Withdraw,59,16,No,Yes,7,Yes,Yes
TXN000566,237939,Meru,Nyeri,6,Send Money,53,15,Yes,Yes,3,No,Yes
TXN000567,96959,Meru,Meru,9,Till,19,2,No,Yes,2,Yes,No
TXN000568,482596,Kiambu,Meru,21,Paybill,12,2,Yes,No,2,Yes,No
TXN000569,238778,Machakos,Machakos,12,Send Money,96,19,No,Yes,1,No,No
TXN000570,397692,Mombasa,Kiambu,10,Withdraw,55,27,Yes,No,7,Yes,Yes
TXN000571,275115,Kakamega,Meru,22,Till,27,23,Yes,Yes,1,Yes,Yes
TXN000572,223949,Kisumu,Meru,18,Withdraw,78,28,No,No,8,No,No
TXN000573,272525,Kiambu,Nakuru,0,Send Money,94,21,No,No,2,Yes,No
TXN000574,12625,Nairobi,Machakos,11,Paybill,60,21,Yes,Yes,6,No,Yes
TXN000575,5973,Kiambu,Nyeri,17,Till,82,7,No,No,1,No,No
TXN000576,402195,Kisumu,Nakuru,10,Till,1,4,No,No,6,Yes,Yes
TXN000577,483590,Kisumu,Kakamega,17,Till,87,16,No,Yes,2,No,No
TXN000578,242517,Meru,Machakos,17,Send Money,101,27,No,Yes,8,No,Yes
TXN000579,109239,Kiambu,Nairobi,10,Withdraw,74,22,No,No,1,Yes,No
TXN000580,328522,Kiambu,Machakos,22,Send Money,69,27,Yes,No,2,Yes,No
TXN000581,142392,Kiambu,Nakuru,16,Till,53,3,No,Yes,5,No,Yes
TXN000582,91807,Nyeri,Nairobi,15,Paybill,15,12,Yes,Yes,1,No,Yes
TXN000583,99775,Mombasa,Nyeri,21,Paybill,44,30,No,No,5,Yes,No
TXN000584,107627,Nairobi,Kiambu,1,Send Money,93,2,No,No,8,Yes,No
TXN000585,174789,Nairobi,Meru,9,Paybill,60,29,Yes,Yes,8,No,Yes
TXN000586,168283,Kakamega,Mombasa,8,Paybill,26,7,No,No,8,No,No
TXN000587,82623,Nyeri,Machakos,8,Paybill,36,4,Yes,Yes,3,No,Yes
TXN000588,494599,Kiambu,Meru,10,Withdraw,91,26,No,Yes,2,Yes,No
TXN000589,26645,Nairobi,Mombasa,13,Withdraw,17,1,No,Yes,1,No,No
TXN000590,93888,Nakuru,Nyeri,2,Withdraw,91,20,No,No,4,No,No
TXN000591,297735,Kakamega,Kakamega,7,Paybill,17,3,No,Yes,7,No,Yes
TXN000592,75401,Machakos,Machakos,14,Withdraw,111,29,No,No,6,Yes,No
TXN000593,15917,Kisumu,Kiambu,11,Paybill,9,16,Yes,No,7,No,Yes
TXN000594,266361,Kiambu,Nyeri,14,Withdraw,14,13,Yes,No,8,Yes,Yes
TXN000595,309660,Mombasa,Machakos,6,Withdraw,53,8,Yes,Yes,7,No,Yes
TXN000596,411256,Meru,Kakamega,3,Withdraw,56,19,No,Yes,2,Yes,No
TXN000597,170641,Mombasa,Meru,3,Withdraw,72,4,No,Yes,4,No,Yes
TXN000598,171706,Meru,Nairobi,4,Paybill,64,21,Yes,Yes,3,Yes,Yes
TXN000599,237539,Machakos,Kiambu,18,Till,69,10,No,No,3,Yes,No
TXN000600,481609,Kisumu,Kiambu,1,Till,120,14,No,Yes,0,No,No
TXN000601,472473,Nairobi,Nakuru,13,Withdraw,71,2,Yes,No,1,No,No
TXN000602,327842,Nyeri,Nakuru,21,Paybill,41,23,No,No,6,No,No
TXN000603,249019,Kiambu,Kisumu,4,Send Money,18,7,No,No,6,Yes,No
TXN000604,37665,Mombasa,Kisumu,20,Withdraw,83,1,Yes,No,6,Yes,No
TXN000605,451017,Nyeri,Kakamega,12,Till,59,29,No,Yes,7,No,Yes
TXN000606,118403,Uasin Gishu,Nyeri,18,Till,24,14,Yes,No,3,No,Yes
TXN000607,17593,Mombasa,Kisumu,23,Till,5,19,No,No,1,No,No
TXN000608,243810,Nyeri,Meru,9,Send Money,67,3,Yes,Yes,7,Yes,Yes
TXN000609,473788,Meru,Machakos,13,Till,44,18,Yes,No,7,No,Yes
TXN000610,418548,Nairobi,Kakamega,18,Paybill,38,10,Yes,Yes,4,No,Yes
TXN000611,300393,Mombasa,Kisumu,16,Send Money,7,22,No,Yes,4,No,Yes
TXN000612,446452,Kiambu,Nairobi,23,Send Money,101,9,No,Yes,4,No,Yes
TXN000613,316626,Kiambu,Nakuru,15,Paybill,23,30,Yes,No,5,Yes,Yes
TXN000614,419151,Meru,Kisumu,15,Withdraw,68,28,Yes,No,1,Yes,No
TXN000615,403944,Nairobi,Kiambu,3,Send Money,50,8,No,Yes,3,No,Yes
TXN000616,87920,Uasin Gishu,Uasin Gishu,15,Till,60,13,No,No,7,Yes,No
TXN000617,76150,Uasin Gishu,Machakos,16,Send Money,68,28,No,Yes,4,No,Yes
TXN000618,51096,Kiambu,Kiambu,3,Till,118,18,No,No,4,No,No
TXN000619,343114,Kisumu,Machakos,17,Send Money,75,13,No,Yes,3,No,Yes
TXN000620,352791,Nyeri,Mombasa,21,Withdraw,2,27,Yes,Yes,6,Yes,Yes
TXN000621,184345,Nairobi,Meru,2,Send Money,29,24,No,No,3,Yes,No
TXN000622,492097,Meru,Kisumu,12,Paybill,77,22,Yes,Yes,1,Yes,Yes
TXN000623,469812,Mombasa,Kakamega,8,Withdraw,15,23,Yes,No,4,No,Yes
TXN000624,362973,Kiambu,Nairobi,12,Withdraw,116,22,No,No,2,Yes,No
TXN000625,174456,Kakamega,Nakuru,19,Withdraw,8,9,No,Yes,7,Yes,Yes
TXN000626,93605,Nakuru,Meru,20,Send Money,83,16,Yes,Yes,8,No,Yes
TXN000627,478520,Mombasa,Meru,23,Till,57,23,No,Yes,0,Yes,No
TXN000628,407546,Uasin Gishu,Kiambu,4,Till,58,1,No,Yes,0,Yes,No
TXN000629,474330,Uasin Gishu,Mombasa,17,Paybill,51,19,Yes,No,7,No,Yes
TXN000630,1784,Machakos,Kiambu,12,Send Money,50,23,No,Yes,8,No,Yes
TXN000631,331542,Kiambu,Nakuru,5,Send Money,83,3,No,No,1,No,No
TXN000632,201462,Kakamega,Mombasa,20,Withdraw,85,7,No,No,1,No,No
TXN000633,385571,Kakamega,Uasin Gishu,2,Till,25,5,Yes,Yes,0,Yes,Yes
TXN000634,262028,Nairobi,Machakos,23,Send Money,69,27,No,Yes,0,No,No
TXN000635,212652,Nairobi,Kisumu,15,Send Money,16,7,No,Yes,3,Yes,Yes
TXN000636,247104,Kisumu,Nairobi,9,Send Money,117,30,Yes,Yes,2,Yes,Yes
TXN000637,239222,Meru,Meru,7,Send Money,79,6,Yes,Yes,1,No,Yes
TXN000638,421815,Meru,Nyeri,4,Till,26,14,No,No,5,Yes,No
TXN000639,438578,Mombasa,Kiambu,4,Withdraw,102,7,Yes,Yes,5,Yes,Yes
TXN000640,88157,Kisumu,Mombasa,20,Withdraw,90,12,Yes,No,3,Yes,Yes
TXN000641,407768,Kisumu,Mombasa,22,Till,21,1,No,Yes,0,Yes,No
TXN000642,218270,Kiambu,Nyeri,14,Withdraw,89,26,No,Yes,3,Yes,Yes
TXN000643,125487,Kiambu,Machakos,13,Send Money,23,20,Yes,Yes,7,Yes,Yes
TXN000644,292450,Kakamega,Nakuru,8,Send Money,31,7,Yes,Yes,5,Yes,Yes
TXN000645,101614,Kisumu,Nairobi,1,Till,15,26,Yes,No,7,Yes,Yes
TXN000646,149505,Mombasa,Nairobi,17,Paybill,27,14,No,No,7,Yes,No
TXN000647,82911,Kakamega,Meru,18,Till,101,1,No,Yes,1,Yes,No
TXN000648,219761,Nakuru,Mombasa,7,Withdraw,26,24,No,Yes,1,No,No
TXN000649,456120,Nairobi,Uasin Gishu,4,Paybill,26,13,Yes,Yes,7,No,Yes
TXN000650,486530,Kakamega,Nakuru,20,Till,79,15,Yes,No,5,Yes,Yes
TXN000651,141447,Kisumu,Mombasa,14,Withdraw,26,11,Yes,Yes,0,No,Yes
TXN000652,219319,Meru,Kisumu,18,Paybill,22,25,No,Yes,4,Yes,Yes
TXN000653,45387,Kiambu,Nairobi,23,Withdraw,53,28,No,Yes,7,No,Yes
TXN000654,386019,Meru,Kisumu,18,Send Money,112,8,Yes,No,6,Yes,Yes
TXN000655,219082,Kakamega,Mombasa,14,Withdraw,6,2,No,Yes,6,No,Yes
TXN000656,126147,Machakos,Kiambu,7,Send Money,11,18,Yes,No,3,Yes,Yes
TXN000657,8401,Kakamega,Kakamega,4,Withdraw,62,22,No,Yes,7,Yes,Yes
TXN000658,97014,Uasin Gishu,Machakos,16,Send Money,102,28,No,No,0,Yes,No
TXN000659,155548,Nairobi,Nyeri,21,Till,55,25,No,Yes,1,No,No
TXN000660,465606,Machakos,Machakos,5,Send Money,7,4,No,No,7,Yes,No
TXN000661,294048,Nyeri,Mombasa,20,Withdraw,91,25,Yes,Yes,5,Yes,Yes
TXN000662,386649,Kiambu,Nyeri,21,Withdraw,97,19,Yes,Yes,5,No,Yes
TXN000663,145353,Nyeri,Nyeri,3,Withdraw,7,3,No,No,7,No,No
TXN000664,372202,Nakuru,Kakamega,2,Send Money,69,22,No,No,5,Yes,No
TXN000665,204880,Kiambu,Mombasa,22,Paybill,115,6,No,Yes,1,Yes,No
TXN000666,260269,Nyeri,Kisumu,15,Till,20,28,Yes,Yes,4,No,Yes
TXN000667,220319,Nairobi,Nakuru,16,Till,57,24,Yes,No,3,Yes,Yes
TXN000668,215895,Kakamega,Kiambu,18,Paybill,75,11,No,No,8,No,No
TXN000669,471008,Machakos,Kiambu,1,Paybill,102,10,Yes,No,3,No,Yes
TXN000670,185187,Kisumu,Kisumu,22,Paybill,37,15,Yes,Yes,8,No,Yes
TXN000671,84593,Kiambu,Machakos,5,Paybill,31,4,Yes,No,2,No,No
TXN000672,294955,Kakamega,Nyeri,5,Till,91,2,No,No,2,No,No
TXN000673,63745,Machakos,Kisumu,0,Till,118,1,No,No,2,No,No
TXN000674,339392,Machakos,Mombasa,23,Withdraw,91,10,No,No,2,No,No
TXN000675,472000,Meru,Nakuru,14,Till,6,5,Yes,No,0,No,No
TXN000676,48536,Nairobi,Mombasa,17,Withdraw,42,2,Yes,Yes,4,Yes,Yes
TXN000677,355026,Meru,Meru,16,Send Money,86,3,No,Yes,7,No,Yes
TXN000678,476337,Uasin Gishu,Machakos,0,Till,86,12,No,Yes,6,No,Yes
TXN000679,180887,Uasin Gishu,Kakamega,9,Paybill,45,10,No,Yes,3,No,Yes
TXN000680,422454,Kisumu,Nakuru,9,Withdraw,94,29,No,No,2,Yes,No
TXN000681,454883,Uasin Gishu,Kiambu,13,Paybill,68,11,Yes,No,1,Yes,No
TXN000682,291456,Kiambu,Nyeri,15,Send Money,60,23,Yes,Yes,2,No,Yes
TXN000683,431433,Nakuru,Nairobi,0,Paybill,106,10,No,No,8,No,No
TXN000684,137768,Kisumu,Kakamega,22,Paybill,39,21,No,Yes,4,No,Yes
TXN000685,14962,Meru,Kakamega,18,Withdraw,16,25,No,No,1,No,No
TXN000686,455313,Kiambu,Kisumu,18,Send Money,34,21,No,Yes,5,Yes,Yes
TXN000687,76667,Kiambu,Machakos,13,Till,41,15,Yes,No,2,Yes,No
TXN000688,25590,Meru,Kisumu,17,Till,38,10,Yes,Yes,2,Yes,No
TXN000689,457461,Nyeri,Meru,11,Paybill,41,27,No,No,5,Yes,No
TXN000690,6812,Machakos,Kisumu,3,Paybill,18,17,No,No,7,No,No
TXN000691,81081,Mombasa,Mombasa,4,Send Money,65,8,Yes,Yes,6,No,Yes
TXN000692,251455,Kisumu,Kiambu,0,Send Money,45,10,No,Yes,7,No,Yes
TXN000693,116629,Nakuru,Kisumu,2,Withdraw,17,28,Yes,Yes,4,Yes,Yes
TXN000694,362237,Uasin Gishu,Nairobi,6,Send Money,98,26,Yes,Yes,0,No,Yes
TXN000695,17242,Nairobi,Mombasa,9,Send Money,102,22,Yes,No,1,No,No
TXN000696,395651,Machakos,Nairobi,2,Paybill,13,26,Yes,Yes,3,Yes,Yes
TXN000697,443525,Nyeri,Meru,2,Send Money,96,9,No,No,2,Yes,No
TXN000698,429749,Kisumu,Nyeri,0,Send Money,75,25,Yes,Yes,3,No,Yes
TXN000699,484613,Mombasa,Kisumu,11,Withdraw,28,30,No,No,2,No,No
TXN000700,222396,Mombasa,Kakamega,3,Paybill,28,17,Yes,No,1,No,No
TXN000701,260000,Kakamega,Mombasa,12,Till,98,12,No,Yes,1,No,No
TXN000702,239621,Kiambu,Uasin Gishu,6,Send Money,77,24,No,No,3,No,No
TXN000703,469159,Kakamega,Mombasa,12,Withdraw,108,26,No,No,2,Yes,No
TXN000704,274075,Uasin Gishu,Meru,3,Paybill,85,22,Yes,Yes,2,No,Yes
TXN000705,33976,Nakuru,Uasin Gishu,23,Withdraw,47,7,No,Yes,6,Yes,No
TXN000706,146073,Meru,Uasin Gishu,15,Till,98,23,No,No,5,No,No
TXN000707,77316,Kakamega,Nakuru,20,Paybill,99,15,Yes,Yes,4,No,Yes
TXN000708,15633,Kisumu,Uasin Gishu,19,Till,13,24,Yes,Yes,7,Yes,Yes
TXN000709,80127,Kakamega,Nakuru,9,Withdraw,39,20,Yes,Yes,8,No,Yes
TXN000710,257082,Mombasa,Uasin Gishu,14,Till,65,9,No,Yes,0,No,No
TXN000711,447201,Nyeri,Kiambu,22,Paybill,49,15,No,Yes,0,Yes,No
TXN000712,257726,Meru,Kakamega,21,Withdraw,56,5,No,No,7,Yes,No
TXN000713,249564,Kakamega,Meru,12,Till,72,28,Yes,Yes,6,No,Yes
TXN000714,401901,Machakos,Machakos,23,Send Money,37,11,Yes,Yes,0,Yes,Yes
TXN000715,401232,Machakos,Machakos,13,Till,115,21,No,No,1,No,No
TXN000716,29645,Mombasa,Kiambu,3,Till,85,8,Yes,Yes,4,Yes,Yes
TXN000717,89063,Meru,Nyeri,13,Till,3,18,No,Yes,7,No,Yes
TXN000718,10746,Machakos,Meru,3,Withdraw,90,16,Yes,No,6,No,Yes
TXN000719,52508,Kisumu,Meru,9,Till,89,22,Yes,No,7,No,Yes
TXN000720,228634,Nairobi,Kiambu,18,Withdraw,26,16,Yes,Yes,4,No,Yes
TXN000721,421893,Mombasa,Meru,16,Withdraw,29,20,Yes,Yes,5,No,Yes
TXN000722,223976,Uasin Gishu,Nyeri,10,Paybill,27,12,Yes,No,8,No,Yes
TXN000723,217269,Meru,Kakamega,6,Withdraw,52,9,No,Yes,0,Yes,No
TXN000724,140525,Machakos,Kakamega,4,Paybill,120,21,No,Yes,8,Yes,Yes
TXN000725,78941,Mombasa,Nakuru,13,Till,96,22,No,No,6,No,No
TXN000726,431911,Nakuru,Mombasa,4,Paybill,37,21,Yes,No,3,No,Yes
TXN000727,14574,Uasin Gishu,Nairobi,6,Paybill,32,26,No,No,7,No,No
TXN000728,143029,Nairobi,Kakamega,0,Send Money,18,1,No,No,8,Yes,No
TXN000729,450719,Machakos,Mombasa,12,Paybill,115,3,No,No,1,No,No
TXN000730,123803,Nakuru,Meru,3,Till,15,19,Yes,No,7,Yes,Yes
TXN000731,172690,Kisumu,Mombasa,5,Paybill,107,19,No,Yes,6,Yes,Yes
TXN000732,143991,Mombasa,Machakos,17,Withdraw,57,14,No,Yes,7,No,Yes
TXN000733,249010,Machakos,Kiambu,0,Send Money,88,8,No,Yes,5,No,Yes
TXN000734,441224,Kiambu,Machakos,21,Send Money,95,22,Yes,Yes,4,No,Yes
TXN000735,280497,Kiambu,Kiambu,2,Paybill,111,8,No,No,0,No,No
TXN000736,155985,Nairobi,Kiambu,2,Withdraw,27,28,Yes,No,5,No,Yes
TXN000737,247037,Kiambu,Nyeri,2,Till,95,14,No,No,1,Yes,No
TXN000738,220707,Kisumu,Kakamega,20,Paybill,78,24,No,No,0,Yes,No
TXN000739,1662,Kisumu,Nakuru,16,Paybill,52,7,No,No,1,Yes,No
TXN000740,444101,Kisumu,Kiambu,5,Till,77,22,No,No,7,No,No
TXN000741,419233,Uasin Gishu,Uasin Gishu,18,Paybill,37,7,Yes,No,5,Yes,Yes
TXN000742,10920,Kiambu,Kisumu,1,Withdraw,3,30,Yes,Yes,7,Yes,Yes
TXN000743,324062,Kisumu,Meru,3,Send Money,55,20,No,Yes,1,No,No
TXN000744,376794,Nakuru,Nakuru,8,Till,68,14,No,No,1,Yes,No
TXN000745,391401,Kiambu,Nakuru,13,Paybill,64,13,Yes,No,3,Yes,Yes
TXN000746,214234,Meru,Kakamega,7,Till,102,5,Yes,No,4,Yes,Yes
TXN000747,305659,Kisumu,Machakos,22,Withdraw,88,21,No,Yes,0,No,No
TXN000748,360158,Mombasa,Nyeri,1,Send Money,28,23,No,No,4,Yes,No
TXN000749,174565,Kiambu,Nyeri,19,Withdraw,120,8,No,No,0,Yes,No
TXN000750,158650,Meru,Kisumu,8,Paybill,51,22,No,Yes,8,Yes,Yes
TXN000751,264158,Machakos,Nyeri,13,Paybill,64,30,No,No,2,Yes,No
TXN000752,136577,Machakos,Uasin Gishu,9,Till,15,11,Yes,Yes,7,No,Yes
TXN000753,321402,Machakos,Kakamega,4,Withdraw,107,25,No,No,6,Yes,No
TXN000754,27953,Kakamega,Kiambu,5,Withdraw,25,5,Yes,Yes,2,Yes,No
TXN000755,228864,Nyeri,Kakamega,14,Withdraw,15,29,No,Yes,7,No,Yes
TXN000756,59027,Nakuru,Kiambu,5,Paybill,109,24,Yes,Yes,5,Yes,Yes
TXN000757,393232,Uasin Gishu,Mombasa,7,Withdraw,66,27,No,Yes,0,Yes,No
TXN000758,354945,Uasin Gishu,Machakos,18,Send Money,13,29,No,Yes,4,Yes,Yes
TXN000759,438867,Kakamega,Kiambu,19,Send Money,42,5,Yes,Yes,7,No,Yes
TXN000760,172764,Nairobi,Kiambu,10,Send Money,6,21,No,No,2,Yes,No
TXN000761,390015,Kisumu,Nakuru,12,Send Money,10,18,No,Yes,6,No,Yes
TXN000762,10804,Kisumu,Mombasa,9,Withdraw,110,7,Yes,No,6,No,No
TXN000763,420057,Machakos,Nyeri,6,Withdraw,56,24,No,Yes,5,Yes,Yes
TXN000764,233590,Uasin Gishu,Machakos,19,Paybill,114,13,No,No,6,Yes,No
TXN000765,227646,Kakamega,Nakuru,20,Paybill,81,14,Yes,Yes,8,No,Yes
TXN000766,487987,Mombasa,Kakamega,9,Paybill,64,17,Yes,No,7,No,Yes
TXN000767,67048,Kiambu,Meru,1,Send Money,88,29,No,Yes,8,No,Yes
TXN000768,480980,Kakamega,Meru,8,Till,6,17,Yes,No,6,Yes,Yes
TXN000769,133670,Kisumu,Uasin Gishu,1,Send Money,75,3,Yes,Yes,7,Yes,Yes
TXN000770,218285,Meru,Kiambu,10,Paybill,113,23,No,No,7,No,No
TXN000771,110710,Nairobi,Uasin Gishu,3,Send Money,24,3,No,Yes,6,Yes,Yes
TXN000772,90088,Meru,Meru,11,Withdraw,84,16,No,No,7,No,No
TXN000773,421913,Mombasa,Nairobi,22,Paybill,39,3,Yes,Yes,0,Yes,Yes
TXN000774,450419,Nyeri,Nakuru,2,Till,4,7,No,Yes,3,No,Yes
TXN000775,403605,Kisumu,Kisumu,23,Withdraw,60,5,No,No,0,Yes,No
TXN000776,254354,Meru,Uasin Gishu,1,Till,61,1,No,Yes,3,No,Yes
TXN000777,4178,Nairobi,Kakamega,12,Withdraw,14,21,No,No,7,No,No
TXN000778,269196,Uasin Gishu,Meru,10,Send Money,76,24,No,Yes,0,Yes,No
TXN000779,140479,Meru,Machakos,14,Withdraw,115,21,No,No,1,No,No
TXN000780,10958,Nakuru,Nyeri,7,Till,21,10,Yes,No,5,No,No
TXN000781,483304,Uasin Gishu,Machakos,15,Paybill,78,28,No,Yes,4,No,Yes
TXN000782,326074,Nakuru,Kisumu,19,Withdraw,27,10,Yes,No,2,Yes,No
TXN000783,52952,Nyeri,Nairobi,0,Till,102,14,No,No,3,Yes,No
TXN000784,461898,Mombasa,Machakos,13,Send Money,34,12,Yes,Yes,8,Yes,Yes
TXN000785,323830,Machakos,Nairobi,17,Till,30,4,Yes,No,4,No,Yes
TXN000786,469978,Mombasa,Mombasa,19,Send Money,20,28,Yes,Yes,7,No,Yes
TXN000787,431858,Machakos,Kisumu,23,Till,72,2,Yes,Yes,1,Yes,Yes
TXN000788,371331,Machakos,Kisumu,3,Paybill,57,25,No,Yes,2,No,No
TXN000789,230269,Kiambu,Nyeri,5,Send Money,54,25,Yes,Yes,7,No,Yes
TXN000790,139518,Nyeri,Uasin Gishu,7,Paybill,48,23,No,No,3,Yes,No
TXN000791,420407,Nairobi,Kakamega,4,Send Money,55,14,No,No,8,No,No
TXN000792,376292,Uasin Gishu,Kisumu,13,Send Money,104,17,Yes,Yes,5,No,Yes
TXN000793,206234,Uasin Gishu,Uasin Gishu,21,Till,98,2,Yes,Yes,8,No,Yes
TXN000794,378350,Uasin Gishu,Kakamega,20,Paybill,96,11,No,Yes,4,Yes,Yes
TXN000795,465397,Kiambu,Mombasa,1,Till,70,20,No,No,6,Yes,No
TXN000796,204518,Nyeri,Nyeri,9,Till,93,24,Yes,No,3,Yes,Yes
TXN000797,396960,Nakuru,Kiambu,23,Withdraw,82,6,Yes,Yes,8,No,Yes
TXN000798,264959,Mombasa,Nairobi,20,Send Money,15,24,Yes,No,4,No,Yes
TXN000799,235317,Meru,Meru,22,Paybill,39,19,Yes,No,5,Yes,Yes
TXN000800,183727,Mombasa,Machakos,16,Paybill,39,10,Yes,No,8,Yes,Yes
TXN000801,431456,Uasin Gishu,Mombasa,2,Send Money,100,12,No,Yes,2,No,No
TXN000802,222813,Machakos,Nyeri,12,Withdraw,114,5,No,Yes,7,Yes,Yes
TXN000803,457236,Uasin Gishu,Kisumu,4,Paybill,34,19,No,No,7,No,No
TXN000804,254206,Kakamega,Nairobi,23,Paybill,92,15,Yes,Yes,3,No,Yes
TXN000805,495014,Machakos,Meru,9,Send Money,72,12,Yes,No,1,Yes,No
TXN000806,274135,Kiambu,Kakamega,0,Paybill,20,4,No,No,5,No,No
TXN000807,74572,Nakuru,Kisumu,23,Withdraw,101,19,No,Yes,4,No,Yes
TXN000808,1143,Kakamega,Meru,9,Withdraw,16,18,No,Yes,0,No,No
TXN000809,472059,Nyeri,Kakamega,14,Withdraw,44,26,No,No,2,Yes,No
TXN000810,78159,Nakuru,Uasin Gishu,10,Send Money,111,24,No,Yes,6,No,Yes
TXN000811,351555,Meru,Kiambu,17,Send Money,114,15,No,Yes,2,Yes,No
TXN000812,337646,Kakamega,Nyeri,0,Send Money,72,3,Yes,Yes,8,Yes,Yes
TXN000813,345164,Nakuru,Meru,14,Send Money,120,18,Yes,Yes,4,Yes,Yes
TXN000814,423109,Nairobi,Machakos,13,Paybill,69,20,No,No,0,No,No
TXN000815,217596,Mombasa,Mombasa,17,Paybill,4,28,No,No,4,Yes,No
TXN000816,149656,Uasin Gishu,Kisumu,1,Till,19,6,No,Yes,2,No,No
TXN000817,95186,Machakos,Kisumu,13,Till,4,23,Yes,No,6,Yes,Yes
TXN000818,135281,Meru,Meru,7,Withdraw,49,27,Yes,Yes,3,Yes,Yes
TXN000819,266714,Machakos,Kakamega,17,Withdraw,97,17,No,Yes,4,Yes,Yes
TXN000820,34368,Nyeri,Meru,21,Send Money,62,1,No,Yes,0,No,No
TXN000821,129190,Mombasa,Nyeri,6,Paybill,98,18,Yes,No,6,No,Yes
TXN000822,195769,Nairobi,Nairobi,14,Till,70,6,Yes,No,8,No,Yes
TXN000823,342440,Uasin Gishu,Machakos,20,Paybill,22,1,Yes,No,4,No,Yes
TXN000824,306841,Kiambu,Mombasa,12,Send Money,108,17,No,Yes,2,Yes,No
TXN000825,435470,Machakos,Kiambu,22,Withdraw,18,24,No,No,3,No,No
TXN000826,143187,Meru,Machakos,0,Paybill,32,22,No,No,3,No,No
TXN000827,338972,Uasin Gishu,Nyeri,22,Withdraw,119,1,No,Yes,0,Yes,No
TXN000828,399801,Kakamega,Mombasa,11,Withdraw,51,18,Yes,Yes,8,Yes,Yes
TXN000829,433880,Kakamega,Machakos,6,Withdraw,77,12,No,Yes,0,Yes,No
TXN000830,4959,Mombasa,Meru,20,Till,29,24,Yes,No,5,Yes,Yes
TXN000831,423892,Kiambu,Kakamega,22,Paybill,92,8,Yes,No,5,Yes,Yes
TXN000832,3791,Kisumu,Nyeri,6,Paybill,26,27,No,Yes,4,No,Yes
TXN000833,34317,Nyeri,Kiambu,6,Send Money,76,5,Yes,Yes,4,Yes,Yes
TXN000834,363374,Nairobi,Machakos,13,Withdraw,87,18,No,No,0,No,No
TXN000835,143723,Nakuru,Nairobi,8,Withdraw,16,22,No,No,5,Yes,No
TXN000836,279186,Mombasa,Meru,0,Paybill,58,11,Yes,No,3,No,Yes
TXN000837,361572,Kiambu,Mombasa,20,Send Money,55,3,Yes,Yes,2,No,Yes
TXN000838,14663,Mombasa,Kakamega,7,Till,62,14,Yes,No,4,Yes,Yes
TXN000839,436528,Mombasa,Kakamega,18,Send Money,7,27,No,Yes,1,No,No
TXN000840,44894,Kisumu,Nairobi,14,Send Money,8,30,Yes,No,5,Yes,Yes
TXN000841,158107,Nyeri,Nairobi,9,Withdraw,79,21,No,Yes,1,Yes,No
TXN000842,210647,Uasin Gishu,Kakamega,13,Send Money,13,20,No,Yes,0,No,No
TXN000843,178106,Meru,Nakuru,3,Send Money,84,22,Yes,No,8,No,Yes
TXN000844,6492,Machakos,Uasin Gishu,15,Withdraw,77,23,Yes,Yes,2,No,Yes
TXN000845,97527,Meru,Uasin Gishu,16,Till,32,5,Yes,Yes,2,No,No
TXN000846,163202,Meru,Machakos,9,Till,75,29,Yes,Yes,7,No,Yes
TXN000847,4287,Uasin Gishu,Machakos,6,Paybill,67,19,Yes,Yes,3,Yes,Yes
TXN000848,335885,Kakamega,Meru,22,Till,117,7,Yes,No,3,No,Yes
TXN000849,446747,Kisumu,Mombasa,14,Send Money,75,19,No,No,6,No,No
TXN000850,260060,Meru,Nakuru,7,Withdraw,29,30,Yes,Yes,3,No,Yes
TXN000851,385184,Kisumu,Nairobi,11,Send Money,99,27,No,No,3,No,No
TXN000852,38706,Nakuru,Meru,11,Send Money,46,1,Yes,Yes,4,No,Yes
TXN000853,15613,Kisumu,Machakos,17,Paybill,26,7,No,Yes,3,No,No
TXN000854,93657,Kisumu,Uasin Gishu,20,Send Money,26,1,Yes,No,1,Yes,No
TXN000855,177460,Machakos,Kisumu,16,Withdraw,120,7,No,No,3,No,No
TXN000856,460578,Nakuru,Nyeri,12,Till,92,3,Yes,Yes,2,Yes,Yes
TXN000857,166748,Kisumu,Machakos,7,Send Money,77,14,Yes,Yes,3,No,Yes
TXN000858,330067,Kakamega,Meru,2,Paybill,102,9,Yes,No,3,Yes,Yes
TXN000859,266710,Kisumu,Machakos,22,Till,50,25,No,No,8,No,No
TXN000860,275550,Meru,Nairobi,6,Paybill,89,16,No,No,4,No,No
TXN000861,469227,Uasin Gishu,Uasin Gishu,18,Paybill,26,15,Yes,No,3,No,Yes
TXN000862,490520,Kiambu,Kakamega,16,Till,108,12,No,Yes,2,Yes,No
TXN000863,120729,Kakamega,Uasin Gishu,13,Till,75,2,No,No,6,No,No
TXN000864,421842,Kakamega,Nakuru,8,Send Money,64,11,No,No,0,Yes,No
TXN000865,188318,Mombasa,Mombasa,2,Till,116,3,No,Yes,4,Yes,Yes
TXN000866,20120,Kiambu,Kiambu,6,Paybill,70,7,No,Yes,5,No,No
TXN000867,448315,Machakos,Uasin Gishu,12,Send Money,97,23,No,Yes,4,No,Yes
TXN000868,247516,Nakuru,Kakamega,7,Withdraw,84,17,Yes,No,3,Yes,Yes
TXN000869,378853,Uasin Gishu,Uasin Gishu,6,Withdraw,105,15,No,Yes,5,Yes,Yes
TXN000870,235964,Kiambu,Nairobi,15,Till,110,18,Yes,No,2,Yes,No
TXN000871,178214,Machakos,Meru,0,Send Money,29,14,No,No,8,No,No
TXN000872,483519,Uasin Gishu,Mombasa,17,Withdraw,18,5,No,No,6,Yes,No
TXN000873,98793,Kisumu,Mombasa,21,Paybill,61,4,No,No,4,Yes,No
TXN000874,16858,Mombasa,Uasin Gishu,9,Paybill,106,23,No,Yes,2,Yes,No
TXN000875,122229,Nyeri,Nairobi,5,Till,38,22,Yes,No,0,No,No
TXN000876,450784,Nyeri,Uasin Gishu,15,Send Money,117,14,No,Yes,1,Yes,No
TXN000877,203994,Uasin Gishu,Kakamega,5,Till,116,28,Yes,Yes,3,No,Yes
TXN000878,308064,Kisumu,Kakamega,2,Withdraw,26,17,No,No,3,Yes,No
TXN000879,317164,Meru,Nairobi,23,Send Money,104,8,No,No,7,No,No
TXN000880,150998,Meru,Kisumu,13,Paybill,83,29,No,No,4,No,No
TXN000881,94200,Meru,Mombasa,12,Send Money,116,20,No,No,6,Yes,No
TXN000882,125719,Mombasa,Nakuru,15,Withdraw,114,28,Yes,No,8,No,Yes
TXN000883,399484,Uasin Gishu,Kakamega,5,Till,71,4,No,Yes,1,No,No
TXN000884,108772,Uasin Gishu,Machakos,23,Withdraw,65,2,No,Yes,1,No,No
TXN000885,448721,Kisumu,Machakos,21,Withdraw,25,13,Yes,Yes,4,Yes,Yes
TXN000886,254203,Kakamega,Kiambu,5,Paybill,60,3,Yes,Yes,7,Yes,Yes
TXN000887,439663,Nyeri,Uasin Gishu,5,Send Money,3,20,Yes,Yes,4,Yes,Yes
TXN000888,352052,Kisumu,Nakuru,22,Send Money,98,1,No,Yes,7,No,Yes
TXN000889,468075,Uasin Gishu,Kiambu,14,Send Money,87,18,Yes,No,0,Yes,No
TXN000890,313681,Nakuru,Nakuru,2,Send Money,1,2,No,Yes,3,No,Yes
TXN000891,221133,Mombasa,Kisumu,23,Paybill,4,1,No,Yes,1,Yes,No
TXN000892,23125,Meru,Nakuru,17,Withdraw,54,17,Yes,No,5,Yes,Yes
TXN000893,492316,Machakos,Kisumu,0,Withdraw,55,4,Yes,Yes,1,No,Yes
TXN000894,342930,Mombasa,Kiambu,20,Till,41,1,No,Yes,7,Yes,Yes
TXN000895,23086,Mombasa,Nyeri,18,Paybill,9,29,Yes,No,4,No,Yes
TXN000896,132139,Kisumu,Machakos,21,Withdraw,13,20,No,No,2,No,No
TXN000897,35446,Nyeri,Meru,22,Send Money,43,1,No,No,8,Yes,No
TXN000898,122002,Nakuru,Meru,2,Send Money,3,20,Yes,No,3,No,Yes
TXN000899,72168,Nakuru,Nairobi,7,Withdraw,48,16,No,Yes,2,No,No
TXN000900,387632,Nyeri,Uasin Gishu,20,Till,113,11,Yes,No,5,Yes,Yes
TXN000901,393554,Nyeri,Nairobi,21,Paybill,4,8,No,No,3,Yes,No
TXN000902,420241,Kisumu,Kakamega,20,Send Money,88,23,Yes,No,8,No,Yes
TXN000903,33927,Nakuru,Kisumu,2,Paybill,112,16,Yes,Yes,0,Yes,Yes
TXN000904,310759,Uasin Gishu,Kakamega,9,Paybill,71,27,Yes,Yes,8,Yes,Yes
TXN000905,378414,Kiambu,Meru,14,Paybill,26,8,No,Yes,3,No,Yes
TXN000906,142583,Uasin Gishu,Kisumu,15,Withdraw,111,26,No,Yes,5,No,Yes
TXN000907,221665,Uasin Gishu,Uasin Gishu,2,Till,65,20,No,Yes,7,Yes,Yes
TXN000908,312097,Kiambu,Kakamega,9,Withdraw,69,5,Yes,No,6,No,Yes
TXN000909,294774,Nakuru,Kisumu,6,Send Money,78,16,Yes,No,2,No,No
TXN000910,6778,Uasin Gishu,Machakos,12,Withdraw,111,17,No,No,6,No,No
TXN000911,161431,Uasin Gishu,Meru,5,Paybill,83,19,Yes,No,0,Yes,No
TXN000912,400055,Uasin Gishu,Uasin Gishu,23,Paybill,56,9,No,No,5,Yes,No
TXN000913,127112,Meru,Kakamega,21,Paybill,62,2,No,Yes,2,No,No
TXN000914,133370,Uasin Gishu,Uasin Gishu,22,Send Money,32,20,Yes,Yes,1,Yes,Yes
TXN000915,271912,Kiambu,Nyeri,17,Withdraw,117,7,No,Yes,6,No,Yes
TXN000916,307324,Kisumu,Kiambu,23,Paybill,40,24,No,Yes,1,No,No
TXN000917,487646,Nairobi,Mombasa,2,Withdraw,96,13,No,Yes,2,No,No
TXN000918,275281,Machakos,Kisumu,22,Paybill,54,21,No,No,2,Yes,No
TXN000919,103869,Nakuru,Nairobi,23,Paybill,63,6,Yes,No,3,Yes,Yes
TXN000920,424292,Kisumu,Mombasa,9,Send Money,98,7,No,No,7,Yes,No
TXN000921,198088,Kakamega,Kakamega,21,Send Money,16,9,Yes,No,0,Yes,No
TXN000922,5034,Nyeri,Nairobi,12,Till,8,9,Yes,Yes,1,Yes,No
TXN000923,488753,Machakos,Machakos,7,Till,63,16,No,No,5,No,No
TXN000924,348742,Nairobi,Kakamega,22,Withdraw,52,13,Yes,No,5,Yes,Yes
TXN000925,380274,Nakuru,Machakos,14,Withdraw,107,29,Yes,Yes,1,No,Yes
TXN000926,270013,Machakos,Nairobi,23,Till,53,22,Yes,Yes,5,Yes,Yes
TXN000927,355480,Uasin Gishu,Kakamega,21,Send Money,57,8,No,No,1,No,No
TXN000928,385023,Kisumu,Kakamega,2,Till,50,10,Yes,Yes,8,Yes,Yes
TXN000929,436443,Kakamega,Nyeri,7,Paybill,87,18,No,Yes,7,Yes,Yes
TXN000930,111010,Kisumu,Machakos,12,Till,22,25,Yes,Yes,6,Yes,Yes
TXN000931,115590,Mombasa,Machakos,7,Send Money,93,9,No,Yes,2,No,No
TXN000932,337684,Kiambu,Mombasa,9,Send Money,44,13,No,No,3,Yes,No
TXN000933,58446,Machakos,Uasin Gishu,18,Send Money,12,11,Yes,Yes,5,Yes,Yes
TXN000934,162998,Machakos,Kisumu,16,Paybill,8,19,Yes,No,6,No,Yes
TXN000935,55931,Nakuru,Kakamega,21,Withdraw,51,1,No,No,2,No,No
TXN000936,77343,Nyeri,Mombasa,8,Withdraw,77,10,Yes,Yes,5,No,Yes
TXN000937,330916,Machakos,Kisumu,22,Paybill,107,7,No,No,6,Yes,No
TXN000938,444682,Uasin Gishu,Kiambu,21,Paybill,94,30,Yes,Yes,2,No,Yes
TXN000939,11356,Uasin Gishu,Uasin Gishu,2,Till,71,13,No,No,7,No,No
TXN000940,148090,Machakos,Meru,1,Till,90,30,Yes,No,1,Yes,No
TXN000941,239928,Kisumu,Nakuru,6,Paybill,84,6,Yes,No,7,No,Yes
TXN000942,385568,Uasin Gishu,Kisumu,1,Send Money,84,1,No,Yes,2,No,No
TXN000943,186478,Meru,Uasin Gishu,4,Withdraw,61,6,Yes,Yes,8,No,Yes
TXN000944,128501,Meru,Kisumu,20,Withdraw,5,4,Yes,No,7,No,Yes
TXN000945,406818,Kakamega,Machakos,0,Send Money,89,26,Yes,No,6,No,Yes
TXN000946,61196,Kiambu,Mombasa,18,Paybill,11,4,No,Yes,0,No,No
TXN000947,201355,Machakos,Mombasa,22,Paybill,62,21,No,No,2,Yes,No
TXN000948,212559,Mombasa,Nyeri,18,Send Money,105,23,Yes,No,8,No,Yes
TXN000949,395105,Nyeri,Kakamega,10,Send Money,97,7,Yes,Yes,2,Yes,Yes
TXN000950,20572,Nairobi,Mombasa,3,Till,17,19,Yes,Yes,1,No,Yes
TXN000951,190659,Nairobi,Nyeri,9,Withdraw,70,6,No,Yes,3,No,Yes
TXN000952,73374,Mombasa,Nairobi,7,Send Money,74,16,No,No,8,Yes,No
TXN000953,98654,Meru,Machakos,8,Paybill,19,10,Yes,Yes,8,Yes,Yes
TXN000954,382310,Kisumu,Uasin Gishu,14,Send Money,80,14,Yes,No,4,No,Yes
TXN000955,495366,Mombasa,Kiambu,20,Paybill,33,22,No,Yes,8,Yes,Yes
TXN000956,374624,Uasin Gishu,Uasin Gishu,0,Paybill,48,19,Yes,No,2,No,No
TXN000957,40695,Mombasa,Machakos,10,Till,35,4,Yes,No,1,No,No
TXN000958,76768,Uasin Gishu,Nakuru,12,Send Money,112,26,Yes,No,0,Yes,No
TXN000959,410427,Nyeri,Machakos,22,Till,119,4,Yes,No,7,Yes,Yes
TXN000960,289216,Uasin Gishu,Kisumu,11,Withdraw,35,20,Yes,Yes,2,No,Yes
TXN000961,250062,Kisumu,Kisumu,12,Till,76,5,No,Yes,8,Yes,Yes
TXN000962,27766,Kisumu,Kakamega,11,Withdraw,118,24,No,Yes,6,No,Yes
TXN000963,263362,Kiambu,Uasin Gishu,10,Send Money,37,9,No,Yes,4,Yes,Yes
TXN000964,332803,Mombasa,Kiambu,17,Withdraw,11,3,Yes,Yes,2,Yes,Yes
TXN000965,423856,Nyeri,Nyeri,22,Send Money,112,1,No,Yes,7,No,Yes
TXN000966,212633,Nakuru,Nyeri,21,Send Money,2,20,Yes,Yes,6,No,Yes
TXN000967,318488,Kisumu,Nyeri,11,Send Money,58,6,Yes,Yes,1,No,Yes
TXN000968,221678,Nakuru,Nyeri,3,Till,64,13,Yes,No,1,No,No
TXN000969,156905,Nakuru,Kiambu,20,Send Money,62,10,No,Yes,0,No,No
TXN000970,490476,Meru,Kakamega,10,Till,60,29,No,Yes,5,Yes,Yes
TXN000971,185591,Nairobi,Mombasa,13,Withdraw,14,1,No,Yes,6,No,Yes
TXN000972,103620,Nairobi,Kisumu,21,Till,11,17,Yes,No,1,No,No
TXN000973,118589,Kisumu,Nyeri,8,Send Money,61,13,No,No,5,No,No
TXN000974,229988,Uasin Gishu,Nairobi,11,Paybill,85,27,No,Yes,2,No,No
TXN000975,58070,Machakos,Nairobi,5,Paybill,25,10,Yes,Yes,6,No,Yes
TXN000976,497272,Nyeri,Kakamega,21,Paybill,62,22,No,Yes,6,No,Yes
TXN000977,170384,Mombasa,Nairobi,4,Paybill,97,25,No,No,2,Yes,No
TXN000978,180468,Meru,Nairobi,13,Withdraw,65,1,Yes,Yes,5,No,Yes
TXN000979,151813,Nyeri,Kisumu,7,Till,37,16,Yes,No,3,Yes,Yes
TXN000980,402036,Kakamega,Mombasa,22,Paybill,15,28,No,Yes,6,Yes,Yes
TXN000981,98966,Uasin Gishu,Nairobi,8,Paybill,110,19,Yes,Yes,1,Yes,Yes
TXN000982,487165,Uasin Gishu,Uasin Gishu,16,Till,19,14,Yes,Yes,1,Yes,Yes
TXN000983,367134,Nairobi,Nyeri,13,Send Money,82,8,Yes,No,6,No,Yes
TXN000984,159585,Nakuru,Machakos,1,Paybill,15,9,No,No,5,No,No
TXN000985,21487,Kiambu,Meru,3,Withdraw,1,2,No,Yes,4,No,Yes
TXN000986,96959,Mombasa,Nairobi,21,Paybill,33,16,No,No,4,Yes,No
TXN000987,173700,Nakuru,Meru,12,Send Money,47,24,No,No,3,No,No
TXN000988,465195,Kakamega,Mombasa,2,Till,14,5,Yes,Yes,3,Yes,Yes
TXN000989,158110,Nakuru,Uasin Gishu,17,Till,93,16,Yes,Yes,0,Yes,Yes
TXN000990,467498,Uasin Gishu,Mombasa,15,Withdraw,113,25,No,No,7,Yes,No
TXN000991,274652,Kiambu,Nairobi,18,Send Money,120,17,Yes,Yes,4,Yes,Yes
TXN000992,416539,Kisumu,Kakamega,16,Withdraw,89,7,No,No,8,Yes,No
TXN000993,294961,Nairobi,Kisumu,18,Paybill,100,13,No,No,3,Yes,No
TXN000994,310487,Kiambu,Kiambu,17,Send Money,90,1,No,No,4,Yes,No
TXN000995,89760,Kiambu,Kisumu,8,Send Money,29,2,Yes,No,0,Yes,No
TXN000996,336859,Meru,Machakos,10,Send Money,32,27,Yes,Yes,0,No,Yes
TXN000997,496250,Machakos,Nairobi,20,Send Money,91,29,No,Yes,6,No,Yes
TXN000998,432027,Nyeri,Meru,3,Withdraw,46,8,No,Yes,4,Yes,Yes
TXN000999,495846,Kiambu,Nakuru,18,Withdraw,84,9,Yes,No,3,No,Yes
TXN001000,81650,Mombasa,Kakamega,5,Withdraw,58,8,No,No,2,No,No
TXN001001,97057,Kiambu,Nairobi,9,Paybill,105,28,Yes,Yes,7,Yes,Yes
TXN001002,464177,Mombasa,Uasin Gishu,7,Withdraw,23,27,No,Yes,1,Yes,No
TXN001003,476696,Uasin Gishu,Uasin Gishu,0,Send Money,83,13,Yes,Yes,0,Yes,Yes
TXN001004,433406,Kiambu,Kisumu,20,Send Money,2,25,Yes,Yes,3,Yes,Yes
TXN001005,415496,Kisumu,Kakamega,18,Withdraw,2,26,Yes,No,1,Yes,Yes
TXN001006,427588,Nairobi,Nyeri,22,Till,21,10,No,No,2,Yes,No
TXN001007,329033,Mombasa,Nyeri,13,Paybill,70,4,Yes,Yes,1,No,Yes
TXN001008,684,Kisumu,Machakos,20,Till,117,8,Yes,Yes,6,No,Yes
TXN001009,118478,Mombasa,Nakuru,3,Till,118,29,No,Yes,7,Yes,Yes
TXN001010,187382,Nairobi,Meru,4,Paybill,10,20,No,Yes,5,Yes,Yes
TXN001011,224774,Meru,Kiambu,11,Send Money,68,11,Yes,No,2,No,No
TXN001012,142180,Kisumu,Kisumu,10,Paybill,118,16,No,No,1,Yes,No
TXN001013,204836,Kiambu,Kisumu,2,Till,58,24,No,Yes,1,No,No
TXN001014,66915,Uasin Gishu,Kakamega,22,Withdraw,24,25,No,No,5,No,No
TXN001015,315536,Uasin Gishu,Nyeri,15,Withdraw,102,21,No,Yes,3,No,Yes
TXN001016,279219,Nyeri,Meru,22,Paybill,69,27,Yes,No,1,No,No
TXN001017,368673,Machakos,Nyeri,15,Paybill,12,8,No,Yes,3,Yes,Yes
TXN001018,482868,Kakamega,Kisumu,17,Withdraw,15,2,No,No,2,No,No
TXN001019,127188,Kisumu,Uasin Gishu,23,Send Money,27,27,Yes,Yes,2,Yes,Yes
TXN001020,365018,Meru,Kisumu,0,Paybill,55,12,Yes,Yes,1,No,Yes
TXN001021,191543,Kisumu,Kisumu,15,Paybill,19,3,Yes,Yes,0,No,Yes
TXN001022,392273,Kakamega,Nairobi,9,Send Money,68,23,No,No,6,No,No
TXN001023,81779,Nairobi,Uasin Gishu,13,Withdraw,8,29,Yes,Yes,8,Yes,Yes
TXN001024,290587,Kisumu,Kiambu,2,Withdraw,92,27,No,No,3,No,No
TXN001025,498686,Uasin Gishu,Kisumu,23,Send Money,17,24,Yes,No,0,Yes,No
TXN001026,428161,Kisumu,Nairobi,11,Withdraw,89,15,No,No,6,No,No
TXN001027,102144,Nairobi,Nakuru,9,Paybill,35,4,Yes,Yes,5,No,Yes
TXN001028,283987,Nyeri,Nakuru,20,Send Money,14,3,Yes,Yes,4,Yes,Yes
TXN001029,126054,Machakos,Mombasa,9,Send Money,35,3,Yes,No,0,Yes,No
TXN001030,187036,Machakos,Kisumu,22,Send Money,97,10,No,Yes,5,No,Yes
TXN001031,173756,Kakamega,Meru,1,Till,53,29,Yes,Yes,0,No,Yes
TXN001032,84577,Nakuru,Kisumu,22,Paybill,20,22,No,Yes,1,Yes,No
TXN001033,263043,Kiambu,Machakos,19,Withdraw,67,24,No,No,2,No,No
TXN001034,21028,Kisumu,Meru,20,Withdraw,115,23,No,Yes,3,Yes,Yes
TXN001035,51118,Kakamega,Mombasa,14,Till,104,1,Yes,No,8,Yes,No
TXN001036,89030,Machakos,Mombasa,2,Paybill,120,10,Yes,Yes,4,No,Yes
TXN001037,372637,Kisumu,Mombasa,18,Withdraw,99,15,No,No,4,No,No
TXN001038,20807,Kakamega,Machakos,16,Till,47,28,No,No,6,Yes,No
TXN001039,195967,Meru,Nairobi,23,Paybill,11,22,No,No,4,Yes,No
TXN001040,366918,Uasin Gishu,Kisumu,18,Withdraw,106,18,Yes,Yes,1,No,Yes
TXN001041,447702,Kakamega,Kakamega,20,Withdraw,10,8,No,No,1,No,No
TXN001042,57259,Uasin Gishu,Machakos,2,Till,11,6,Yes,No,6,Yes,No
TXN001043,179578,Kakamega,Nairobi,17,Paybill,78,16,Yes,No,1,No,No
TXN001044,497354,Nairobi,Machakos,13,Withdraw,61,5,Yes,No,0,No,No
TXN001045,111943,Kisumu,Mombasa,4,Send Money,7,7,Yes,No,4,No,Yes
TXN001046,143655,Kiambu,Kisumu,1,Send Money,52,3,No,No,6,Yes,No
TXN001047,469264,Machakos,Uasin Gishu,15,Withdraw,116,14,No,No,2,Yes,No
TXN001048,280809,Nairobi,Nyeri,19,Paybill,89,26,Yes,No,5,No,Yes
TXN001049,40844,Kisumu,Kakamega,4,Withdraw,93,22,Yes,No,5,Yes,Yes
TXN001050,453192,Kakamega,Kisumu,20,Withdraw,41,4,No,No,8,Yes,No
TXN001051,335026,Nyeri,Kisumu,19,Withdraw,75,4,Yes,Yes,3,No,Yes
TXN001052,113368,Nairobi,Kiambu,9,Send Money,45,7,Yes,Yes,5,No,Yes
TXN001053,366693,Machakos,Nyeri,13,Till,64,21,No,No,6,No,No
TXN001054,59493,Nyeri,Meru,5,Withdraw,119,6,No,No,5,Yes,No
TXN001055,200099,Mombasa,Mombasa,20,Send Money,37,28,No,No,1,Yes,No
TXN001056,323147,Kakamega,Nyeri,18,Send Money,120,14,Yes,No,8,Yes,Yes
TXN001057,350122,Nyeri,Uasin Gishu,3,Paybill,38,28,No,Yes,3,No,Yes
TXN001058,449020,Nairobi,Machakos,7,Till,61,4,No,No,6,No,No
TXN001059,140354,Nairobi,Uasin Gishu,1,Send Money,113,22,No,No,6,Yes,No
TXN001060,13810,Meru,Uasin Gishu,7,Withdraw,20,26,No,No,5,Yes,No
TXN001061,101059,Uasin Gishu,Kisumu,12,Till,79,21,No,Yes,6,Yes,Yes
TXN001062,271252,Meru,Uasin Gishu,20,Till,21,14,Yes,Yes,2,Yes,Yes
TXN001063,439056,Nairobi,Uasin Gishu,0,Paybill,71,6,No,Yes,1,Yes,No
TXN001064,14634,Kakamega,Machakos,5,Paybill,80,23,Yes,No,0,Yes,No
TXN001065,342159,Uasin Gishu,Kiambu,21,Send Money,115,8,No,Yes,8,Yes,Yes
TXN001066,144210,Kakamega,Meru,3,Send Money,11,30,Yes,Yes,1,Yes,Yes
TXN001067,74412,Machakos,Nakuru,12,Send Money,37,9,Yes,Yes,1,No,No
TXN001068,257494,Nakuru,Uasin Gishu,12,Till,102,1,No,Yes,7,Yes,Yes
TXN001069,332213,Kisumu,Meru,20,Send Money,117,15,Yes,Yes,4,Yes,Yes
TXN001070,61500,Mombasa,Nakuru,19,Send Money,44,12,No,Yes,2,No,No
TXN001071,281044,Nakuru,Nairobi,10,Paybill,3,17,Yes,Yes,5,Yes,Yes
TXN001072,115268,Nakuru,Mombasa,11,Till,11,24,Yes,No,4,No,Yes
TXN001073,244915,Nakuru,Kiambu,5,Paybill,96,26,No,No,8,No,No
TXN001074,360265,Kisumu,Nakuru,23,Withdraw,109,29,No,No,1,No,No
TXN001075,227313,Meru,Uasin Gishu,13,Paybill,114,15,No,No,5,Yes,No
TXN001076,297395,Nyeri,Kiambu,18,Withdraw,46,12,Yes,No,2,Yes,No
TXN001077,153914,Kisumu,Machakos,13,Paybill,78,27,No,No,0,Yes,No
TXN001078,187611,Machakos,Mombasa,0,Till,32,3,Yes,No,5,Yes,Yes
TXN001079,360913,Nakuru,Nyeri,2,Withdraw,2,23,No,Yes,7,No,Yes
TXN001080,148745,Meru,Mombasa,18,Withdraw,78,7,Yes,Yes,8,No,Yes
TXN001081,357683,Nairobi,Kakamega,15,Send Money,97,14,No,No,3,Yes,No
TXN001082,143922,Meru,Uasin Gishu,7,Send Money,54,4,Yes,No,2,No,No
TXN001083,149491,Uasin Gishu,Nairobi,17,Send Money,3,21,Yes,No,4,Yes,Yes
TXN001084,176939,Kiambu,Kiambu,10,Till,83,1,Yes,No,1,No,No
TXN001085,209945,Kiambu,Kakamega,15,Send Money,11,18,No,No,0,No,No
TXN001086,442064,Nairobi,Kisumu,3,Till,48,20,Yes,Yes,3,Yes,Yes
TXN001087,451665,Nakuru,Machakos,17,Send Money,89,24,No,Yes,2,Yes,No
TXN001088,489792,Nairobi,Kiambu,2,Till,89,28,Yes,No,0,Yes,No
TXN001089,172713,Meru,Kakamega,3,Paybill,89,20,No,No,2,Yes,No
TXN001090,167472,Meru,Kakamega,21,Withdraw,111,5,No,No,1,Yes,No
TXN001091,147134,Kiambu,Mombasa,11,Paybill,42,25,No,Yes,1,No,No
TXN001092,345807,Nairobi,Nakuru,0,Paybill,83,24,Yes,Yes,1,No,Yes
TXN001093,245495,Nakuru,Meru,16,Till,105,13,Yes,No,1,No,No
TXN001094,398764,Kisumu,Nakuru,11,Withdraw,40,23,No,Yes,8,Yes,Yes
TXN001095,237254,Kiambu,Uasin Gishu,5,Till,112,20,Yes,No,3,Yes,Yes
TXN001096,498907,Mombasa,Nakuru,0,Withdraw,112,19,Yes,Yes,7,Yes,Yes
TXN001097,98107,Mombasa,Nyeri,2,Till,35,1,No,No,5,No,No
TXN001098,226266,Nairobi,Kakamega,8,Till,28,5,No,No,8,No,No
TXN001099,51332,Nakuru,Uasin Gishu,5,Till,7,21,No,No,3,No,No
TXN001100,277693,Mombasa,Nakuru,3,Send Money,78,16,No,Yes,0,Yes,No
TXN001101,469318,Kiambu,Nakuru,19,Withdraw,5,19,No,Yes,1,Yes,No
TXN001102,205522,Kisumu,Nakuru,11,Till,51,4,Yes,No,7,Yes,Yes
TXN001103,370120,Kiambu,Nakuru,5,Till,77,10,Yes,Yes,2,No,Yes
TXN001104,357322,Nairobi,Kakamega,13,Till,9,6,Yes,No,7,Yes,Yes
TXN001105,10969,Kakamega,Meru,0,Withdraw,23,9,Yes,Yes,0,No,No
TXN001106,457868,Nakuru,Nyeri,16,Paybill,32,16,Yes,Yes,0,No,Yes
TXN001107,395883,Kakamega,Kakamega,23,Till,19,25,Yes,Yes,4,No,Yes
TXN001108,286161,Nairobi,Machakos,9,Till,33,22,No,No,5,No,No
TXN001109,467385,Kisumu,Uasin Gishu,7,Paybill,67,25,No,Yes,4,Yes,Yes
TXN001110,187322,Mombasa,Nakuru,12,Send Money,64,1,Yes,No,5,Yes,Yes
TXN001111,143665,Machakos,Uasin Gishu,18,Withdraw,113,21,No,Yes,4,No,Yes
TXN001112,495641,Meru,Mombasa,13,Withdraw,36,10,Yes,Yes,8,No,Yes
TXN001113,297144,Kakamega,Kisumu,14,Paybill,102,26,No,No,1,Yes,No
TXN001114,274350,Mombasa,Kiambu,0,Withdraw,38,20,Yes,No,7,No,Yes
TXN001115,21521,Nairobi,Uasin Gishu,11,Send Money,28,10,Yes,Yes,7,No,Yes
TXN001116,26213,Mombasa,Kiambu,4,Paybill,33,5,No,No,8,Yes,No
TXN001117,226569,Kakamega,Machakos,7,Withdraw,75,30,Yes,No,3,Yes,Yes
TXN001118,221594,Kisumu,Meru,13,Till,52,29,Yes,No,4,No,Yes
TXN001119,421776,Nyeri,Nakuru,9,Till,75,5,Yes,No,2,No,No
TXN001120,44927,Mombasa,Kisumu,16,Withdraw,39,19,No,Yes,6,No,Yes
TXN001121,363975,Kakamega,Uasin Gishu,13,Withdraw,41,17,No,No,5,No,No
TXN001122,14558,Meru,Kiambu,7,Till,117,18,Yes,No,1,Yes,No
TXN001123,66778,Uasin Gishu,Nairobi,14,Withdraw,80,18,No,Yes,6,Yes,Yes
TXN001124,440031,Meru,Mombasa,9,Withdraw,7,3,Yes,No,1,No,No
TXN001125,362119,Nakuru,Nyeri,4,Withdraw,43,28,Yes,Yes,8,Yes,Yes
TXN001126,71564,Kakamega,Meru,22,Paybill,29,29,Yes,No,4,Yes,Yes
TXN001127,60190,Nakuru,Nakuru,3,Withdraw,9,1,Yes,Yes,8,Yes,Yes
TXN001128,12977,Kiambu,Uasin Gishu,15,Paybill,107,17,No,No,0,Yes,No
TXN001129,430108,Kisumu,Nairobi,5,Paybill,31,27,No,No,1,No,No
TXN001130,429205,Kakamega,Kakamega,9,Till,96,22,Yes,Yes,8,Yes,Yes
TXN001131,350030,Uasin Gishu,Mombasa,14,Withdraw,13,19,No,No,4,No,No
TXN001132,426554,Meru,Uasin Gishu,0,Till,55,5,Yes,No,7,Yes,Yes
TXN001133,17919,Kakamega,Kakamega,8,Send Money,83,21,No,Yes,5,Yes,Yes
TXN001134,83052,Nyeri,Mombasa,5,Paybill,46,17,Yes,No,8,No,Yes
TXN001135,184529,Kiambu,Uasin Gishu,2,Withdraw,84,24,No,No,2,No,No
TXN001136,197456,Meru,Meru,11,Withdraw,61,20,Yes,No,2,No,No
TXN001137,35476,Kakamega,Kakamega,10,Paybill,6,1,Yes,Yes,1,Yes,No
TXN001138,404665,Uasin Gishu,Mombasa,1,Till,104,30,Yes,Yes,2,No,Yes
TXN001139,60067,Kisumu,Machakos,3,Withdraw,5,28,Yes,No,5,Yes,Yes
TXN001140,198036,Kakamega,Kiambu,7,Paybill,18,21,Yes,Yes,4,No,Yes
TXN001141,389152,Nakuru,Nairobi,4,Send Money,21,14,Yes,Yes,0,Yes,Yes
TXN001142,188563,Nakuru,Nakuru,18,Withdraw,100,14,Yes,No,2,No,No
TXN001143,262639,Uasin Gishu,Mombasa,18,Send Money,46,12,Yes,Yes,7,No,Yes
TXN001144,66735,Nakuru,Nairobi,19,Till,101,17,No,Yes,1,No,No
TXN001145,11868,Mombasa,Kisumu,9,Send Money,29,27,No,No,6,No,No
TXN001146,280241,Meru,Kakamega,8,Send Money,74,8,No,No,0,Yes,No
TXN001147,16971,Kisumu,Nakuru,17,Till,44,14,No,Yes,5,Yes,Yes
TXN001148,484583,Meru,Meru,22,Send Money,97,22,Yes,Yes,7,Yes,Yes
TXN001149,181372,Nairobi,Mombasa,1,Withdraw,10,14,Yes,No,2,No,No
TXN001150,266180,Nakuru,Nairobi,1,Send Money,29,21,No,No,7,No,No
TXN001151,405646,Nairobi,Uasin Gishu,12,Paybill,101,26,Yes,No,0,No,No
TXN001152,225346,Meru,Machakos,11,Paybill,90,14,Yes,Yes,7,Yes,Yes
TXN001153,179946,Meru,Nairobi,7,Withdraw,56,30,Yes,Yes,3,Yes,Yes
TXN001154,391942,Mombasa,Nairobi,4,Withdraw,97,29,Yes,Yes,3,Yes,Yes
TXN001155,94732,Kisumu,Meru,12,Withdraw,37,2,No,No,3,No,No
TXN001156,344812,Kakamega,Machakos,7,Withdraw,16,22,Yes,Yes,4,Yes,Yes
TXN001157,373937,Machakos,Nyeri,16,Send Money,39,12,No,Yes,8,No,Yes
TXN001158,28360,Nakuru,Kisumu,16,Paybill,45,29,No,No,4,Yes,No
TXN001159,159925,Nairobi,Nakuru,22,Withdraw,95,18,Yes,Yes,5,Yes,Yes
TXN001160,340789,Kiambu,Kiambu,18,Withdraw,98,15,Yes,Yes,7,Yes,Yes
TXN001161,157552,Nairobi,Uasin Gishu,12,Withdraw,106,3,Yes,No,6,No,Yes
TXN001162,23336,Kiambu,Nairobi,17,Till,29,7,No,Yes,6,Yes,No
TXN001163,491425,Machakos,Meru,13,Withdraw,4,30,No,No,3,Yes,No
TXN001164,410364,Kiambu,Nyeri,14,Withdraw,94,30,Yes,Yes,8,No,Yes
TXN001165,300258,Nakuru,Kisumu,0,Till,93,19,No,Yes,6,No,Yes
TXN001166,419264,Machakos,Meru,12,Send Money,88,9,Yes,Yes,8,No,Yes
TXN001167,322774,Kiambu,Meru,21,Till,36,12,No,No,0,Yes,No
TXN001168,438354,Kakamega,Nairobi,14,Send Money,34,28,Yes,No,7,Yes,Yes
TXN001169,188124,Kiambu,Meru,17,Till,62,21,Yes,No,0,Yes,No
TXN001170,499850,Kakamega,Kisumu,7,Paybill,9,15,Yes,No,4,No,Yes
TXN001171,77068,Kisumu,Nyeri,14,Till,112,20,Yes,Yes,1,Yes,Yes
TXN001172,22046,Nairobi,Machakos,17,Send Money,71,23,Yes,Yes,4,No,Yes
TXN001173,314926,Mombasa,Nyeri,2,Paybill,31,12,Yes,Yes,8,No,Yes
TXN001174,107026,Kiambu,Kisumu,0,Till,42,19,No,No,1,No,No
TXN001175,318275,Kiambu,Meru,0,Paybill,101,12,No,No,5,No,No
TXN001176,193146,Machakos,Nyeri,22,Till,6,10,Yes,Yes,1,Yes,Yes
TXN001177,492849,Mombasa,Nakuru,18,Withdraw,28,13,Yes,Yes,6,Yes,Yes
TXN001178,282624,Machakos,Kiambu,6,Till,94,4,Yes,No,8,No,Yes
TXN001179,477712,Machakos,Mombasa,22,Paybill,32,11,Yes,No,3,No,Yes
TXN001180,233362,Nyeri,Nyeri,2,Till,94,29,No,No,1,No,No
TXN001181,342583,Meru,Kisumu,17,Paybill,62,20,Yes,No,6,Yes,Yes
TXN001182,407132,Machakos,Mombasa,2,Withdraw,117,14,Yes,No,4,No,Yes
TXN001183,220787,Nairobi,Kisumu,3,Withdraw,65,5,No,Yes,2,No,No
TXN001184,138134,Uasin Gishu,Nairobi,22,Paybill,98,18,No,Yes,2,Yes,No
TXN001185,38330,Uasin Gishu,Nyeri,7,Till,17,17,No,No,5,Yes,No
TXN001186,62455,Machakos,Kakamega,13,Withdraw,44,29,No,Yes,0,Yes,No
TXN001187,388388,Meru,Nyeri,2,Paybill,107,14,No,No,2,Yes,No
TXN001188,469601,Kakamega,Kisumu,16,Till,1,19,No,No,6,No,Yes
TXN001189,495380,Nairobi,Meru,16,Withdraw,99,4,Yes,No,7,No,Yes
TXN001190,149606,Nakuru,Uasin Gishu,16,Till,42,13,No,Yes,2,Yes,No
TXN001191,301587,Kisumu,Mombasa,9,Till,113,20,No,Yes,5,No,Yes
TXN001192,255187,Nakuru,Kiambu,4,Send Money,57,8,Yes,No,4,Yes,Yes
TXN001193,108495,Nairobi,Kakamega,0,Till,71,27,Yes,Yes,0,Yes,Yes
TXN001194,106554,Kakamega,Kiambu,3,Send Money,37,19,No,No,8,Yes,No
TXN001195,233046,Kiambu,Mombasa,11,Send Money,114,14,No,No,1,Yes,No
TXN001196,390265,Kiambu,Kakamega,20,Send Money,102,8,Yes,No,2,No,No
TXN001197,370621,Nakuru,Nyeri,21,Send Money,89,11,Yes,No,1,No,No
TXN001198,497695,Nakuru,Nakuru,8,Withdraw,82,21,Yes,Yes,2,No,Yes
TXN001199,79444,Nakuru,Mombasa,16,Paybill,63,27,Yes,No,4,Yes,Yes
TXN001200,1726,Uasin Gishu,Kiambu,19,Withdraw,56,3,No,Yes,2,Yes,No
TXN001201,330889,Kiambu,Nakuru,9,Withdraw,75,8,No,No,8,Yes,No
TXN001202,257067,Kiambu,Mombasa,7,Send Money,102,21,No,No,8,No,No
TXN001203,461892,Nakuru,Uasin Gishu,3,Paybill,115,25,No,No,7,No,No
TXN001204,243705,Kakamega,Kakamega,19,Withdraw,41,22,Yes,No,6,Yes,Yes
TXN001205,360352,Uasin Gishu,Nairobi,17,Till,31,1,No,No,8,Yes,No
TXN001206,137206,Uasin Gishu,Kiambu,1,Till,87,11,No,No,7,No,No
TXN001207,254594,Uasin Gishu,Nakuru,18,Paybill,94,8,No,Yes,4,No,Yes
TXN001208,281075,Nairobi,Uasin Gishu,2,Till,27,25,Yes,No,2,Yes,No
TXN001209,478320,Machakos,Nyeri,6,Paybill,46,25,Yes,Yes,8,Yes,Yes
TXN001210,439481,Machakos,Uasin Gishu,6,Paybill,69,13,Yes,No,2,No,No
TXN001211,492887,Kakamega,Nairobi,5,Till,2,2,Yes,Yes,8,No,Yes
TXN001212,158105,Uasin Gishu,Uasin Gishu,4,Till,4,8,Yes,Yes,4,Yes,Yes
TXN001213,451977,Nyeri,Meru,4,Send Money,11,3,Yes,No,0,Yes,No
TXN001214,385859,Uasin Gishu,Nyeri,23,Send Money,76,26,No,Yes,4,No,Yes
TXN001215,158465,Uasin Gishu,Kiambu,13,Send Money,36,15,Yes,Yes,4,No,Yes
TXN001216,116574,Uasin Gishu,Nairobi,15,Withdraw,53,18,No,No,4,Yes,No
TXN001217,498887,Uasin Gishu,Nakuru,14,Till,48,25,Yes,No,3,Yes,Yes
TXN001218,250033,Mombasa,Nyeri,5,Paybill,73,4,No,No,2,Yes,No
TXN001219,453468,Meru,Kakamega,16,Paybill,63,19,Yes,Yes,2,No,Yes
TXN001220,30947,Kisumu,Nairobi,10,Withdraw,99,16,No,No,4,No,No
TXN001221,456929,Machakos,Nakuru,10,Withdraw,1,9,Yes,No,8,No,Yes
TXN001222,371701,Uasin Gishu,Kisumu,0,Paybill,62,17,Yes,Yes,6,Yes,Yes
TXN001223,272647,Nairobi,Uasin Gishu,15,Paybill,96,4,Yes,Yes,7,Yes,Yes
TXN001224,328340,Uasin Gishu,Nairobi,9,Send Money,103,17,No,Yes,8,No,Yes
TXN001225,228366,Kisumu,Kiambu,16,Paybill,38,24,No,No,5,Yes,No
TXN001226,420955,Nakuru,Machakos,23,Paybill,79,23,No,No,7,No,No
TXN001227,86158,Kisumu,Kisumu,15,Send Money,68,23,No,Yes,5,No,Yes
TXN001228,2987,Machakos,Mombasa,1,Withdraw,40,23,Yes,Yes,1,No,Yes
TXN001229,311715,Nakuru,Kiambu,9,Withdraw,21,3,No,Yes,5,Yes,Yes
TXN001230,306479,Mombasa,Meru,4,Send Money,94,10,No,No,4,Yes,No
TXN001231,383125,Nyeri,Meru,20,Withdraw,28,9,Yes,No,1,Yes,No
TXN001232,173149,Nairobi,Nakuru,6,Send Money,74,25,No,No,3,Yes,No
TXN001233,487400,Nairobi,Machakos,2,Send Money,103,20,Yes,Yes,2,No,Yes
TXN001234,71864,Kiambu,Nyeri,3,Paybill,66,26,No,No,7,No,No
TXN001235,293727,Nyeri,Machakos,16,Send Money,51,13,No,No,5,No,No
TXN001236,463146,Uasin Gishu,Nyeri,14,Withdraw,78,27,Yes,Yes,4,Yes,Yes
TXN001237,364482,Nairobi,Machakos,14,Till,101,9,Yes,No,5,Yes,Yes
TXN001238,381989,Nairobi,Nakuru,14,Till,55,7,Yes,No,5,Yes,Yes
TXN001239,275826,Kiambu,Nyeri,0,Till,25,1,No,No,1,No,No
TXN001240,17628,Kiambu,Nairobi,18,Send Money,83,9,No,No,0,No,No
TXN001241,452607,Kakamega,Nyeri,3,Send Money,92,30,No,No,7,Yes,No
TXN001242,193792,Uasin Gishu,Mombasa,1,Withdraw,4,20,Yes,Yes,2,Yes,Yes
TXN001243,334272,Nakuru,Meru,23,Send Money,91,2,No,Yes,8,No,Yes
TXN001244,174462,Uasin Gishu,Uasin Gishu,21,Send Money,108,22,No,Yes,5,Yes,Yes
TXN001245,34105,Kakamega,Nairobi,8,Paybill,25,27,Yes,No,1,Yes,No
TXN001246,361135,Nyeri,Machakos,3,Till,65,14,Yes,Yes,4,No,Yes
TXN001247,244500,Mombasa,Kisumu,23,Send Money,73,27,Yes,No,1,Yes,No
TXN001248,97388,Machakos,Kakamega,2,Paybill,41,19,Yes,Yes,0,Yes,Yes
TXN001249,161416,Uasin Gishu,Kiambu,5,Till,108,22,Yes,Yes,4,Yes,Yes
TXN001250,73673,Nakuru,Kisumu,9,Till,73,11,No,Yes,3,No,Yes
TXN001251,365771,Machakos,Nyeri,14,Paybill,57,9,Yes,No,5,No,Yes
TXN001252,19307,Uasin Gishu,Machakos,20,Till,107,19,No,Yes,8,Yes,Yes
TXN001253,108811,Kiambu,Nakuru,14,Till,44,23,No,Yes,8,Yes,Yes
TXN001254,16537,Meru,Machakos,11,Withdraw,119,4,Yes,No,2,No,No
TXN001255,345191,Nairobi,Kisumu,13,Withdraw,76,29,Yes,No,1,No,No
TXN001256,175535,Kisumu,Kakamega,17,Paybill,44,21,Yes,Yes,5,No,Yes
TXN001257,394338,Nakuru,Kiambu,23,Till,3,15,No,No,6,No,No
TXN001258,315116,Nyeri,Mombasa,13,Withdraw,44,16,No,No,0,Yes,No
TXN001259,405886,Kiambu,Meru,22,Paybill,35,19,No,Yes,2,Yes,No
TXN001260,498906,Mombasa,Kiambu,4,Till,73,25,Yes,Yes,5,Yes,Yes
TXN001261,240547,Kisumu,Kiambu,9,Send Money,51,6,No,Yes,2,Yes,No
TXN001262,96830,Kisumu,Nyeri,11,Send Money,31,28,Yes,No,1,Yes,No
TXN001263,250315,Nakuru,Kakamega,21,Withdraw,21,12,Yes,No,8,No,Yes
TXN001264,435915,Machakos,Kisumu,12,Till,60,23,Yes,Yes,6,Yes,Yes
TXN001265,470871,Machakos,Kakamega,21,Send Money,37,27,No,No,8,Yes,No
TXN001266,116281,Machakos,Nyeri,0,Withdraw,114,20,Yes,Yes,5,No,Yes
TXN001267,479556,Nairobi,Nakuru,9,Withdraw,10,21,Yes,Yes,7,Yes,Yes
TXN001268,48730,Kiambu,Uasin Gishu,21,Withdraw,44,13,Yes,No,2,No,No
TXN001269,18309,Kakamega,Mombasa,11,Send Money,34,14,Yes,Yes,6,Yes,Yes
TXN001270,343914,Meru,Nyeri,12,Withdraw,111,13,Yes,Yes,5,Yes,Yes
TXN001271,6125,Uasin Gishu,Kiambu,23,Send Money,63,21,No,No,0,No,No
TXN001272,316529,Nyeri,Machakos,3,Paybill,104,26,No,No,7,No,No
TXN001273,222382,Machakos,Meru,8,Paybill,69,25,No,Yes,2,Yes,No
TXN001274,270003,Kiambu,Nairobi,3,Withdraw,105,20,No,No,0,No,No
TXN001275,241353,Kiambu,Nairobi,17,Till,47,2,No,No,6,No,No
TXN001276,93755,Kiambu,Nairobi,19,Send Money,38,12,No,Yes,7,No,Yes
TXN001277,187348,Nyeri,Mombasa,4,Paybill,94,2,No,Yes,2,Yes,No
TXN001278,331882,Nyeri,Meru,14,Send Money,64,14,No,No,7,Yes,No
TXN001279,40176,Nyeri,Mombasa,10,Till,42,12,Yes,Yes,1,No,Yes
TXN001280,221577,Mombasa,Nakuru,18,Till,52,1,Yes,No,1,No,No
TXN001281,159014,Nakuru,Uasin Gishu,8,Paybill,79,17,Yes,Yes,5,No,Yes
TXN001282,145201,Kiambu,Nairobi,13,Paybill,65,22,Yes,No,2,No,No
TXN001283,9864,Meru,Machakos,3,Paybill,101,14,Yes,No,4,No,Yes
TXN001284,117922,Meru,Kakamega,18,Withdraw,3,23,No,Yes,1,No,No
TXN001285,332853,Machakos,Machakos,10,Till,77,11,No,No,8,Yes,No
TXN001286,431344,Uasin Gishu,Kiambu,12,Send Money,57,5,No,No,3,Yes,No
TXN001287,346446,Mombasa,Nakuru,23,Till,110,19,Yes,No,8,No,Yes
TXN001288,159450,Kisumu,Meru,18,Paybill,38,25,No,No,7,Yes,No
TXN001289,327344,Nyeri,Kakamega,7,Withdraw,46,19,No,No,0,No,No
TXN001290,483011,Nakuru,Nakuru,3,Till,69,5,No,Yes,1,No,No
TXN001291,93699,Uasin Gishu,Meru,8,Till,111,6,No,No,5,Yes,No
TXN001292,404013,Nakuru,Uasin Gishu,15,Withdraw,47,21,Yes,No,8,No,Yes
TXN001293,150144,Kiambu,Nairobi,17,Till,106,30,No,Yes,2,No,No
TXN001294,400047,Uasin Gishu,Uasin Gishu,6,Send Money,60,21,Yes,Yes,6,No,Yes
TXN001295,324519,Meru,Nakuru,5,Withdraw,29,5,Yes,No,0,No,No
TXN001296,358853,Kisumu,Kakamega,11,Paybill,12,12,Yes,No,8,Yes,Yes
TXN001297,91911,Mombasa,Nairobi,6,Withdraw,61,30,Yes,No,2,No,No
TXN001298,240799,Nyeri,Mombasa,19,Till,32,22,No,Yes,2,No,No
TXN001299,457273,Nairobi,Nairobi,21,Withdraw,118,30,Yes,Yes,7,Yes,Yes
TXN001300,454640,Nyeri,Mombasa,22,Send Money,67,16,No,Yes,6,No,Yes
TXN001301,229961,Machakos,Uasin Gishu,22,Withdraw,62,27,Yes,No,6,Yes,Yes
TXN001302,224753,Kisumu,Machakos,13,Till,101,4,Yes,Yes,4,Yes,Yes
TXN001303,74472,Machakos,Mombasa,14,Withdraw,117,8,No,Yes,4,Yes,No
TXN001304,394578,Machakos,Kakamega,22,Till,32,25,No,No,4,No,No
TXN001305,297966,Nairobi,Nakuru,11,Till,36,20,Yes,Yes,2,No,Yes
TXN001306,374288,Kiambu,Kisumu,23,Paybill,38,10,Yes,No,7,No,Yes
TXN001307,76871,Nakuru,Meru,9,Paybill,78,10,No,No,3,Yes,No
TXN001308,306357,Machakos,Kisumu,18,Till,2,9,No,No,7,Yes,Yes
TXN001309,274429,Kisumu,Kakamega,12,Send Money,48,13,No,Yes,8,No,Yes
TXN001310,350664,Kisumu,Kiambu,19,Send Money,9,11,Yes,No,3,Yes,Yes
TXN001311,340835,Nakuru,Machakos,21,Send Money,26,12,No,No,0,Yes,No
TXN001312,208974,Nairobi,Kakamega,18,Paybill,81,4,No,Yes,4,Yes,Yes
TXN001313,128339,Kisumu,Nairobi,19,Till,33,26,Yes,Yes,3,No,Yes
TXN001314,289444,Nairobi,Nakuru,7,Paybill,36,3,Yes,Yes,2,No,Yes
TXN001315,307113,Machakos,Mombasa,6,Withdraw,98,19,No,No,1,Yes,No
TXN001316,61080,Meru,Kakamega,9,Send Money,57,3,No,Yes,1,Yes,No
TXN001317,305035,Nairobi,Kiambu,13,Till,56,28,Yes,No,3,No,Yes
TXN001318,258316,Kiambu,Kiambu,17,Paybill,81,6,No,No,8,No,No
TXN001319,178906,Kakamega,Nairobi,10,Withdraw,36,22,No,No,1,Yes,No
TXN001320,259985,Kakamega,Machakos,20,Paybill,21,6,Yes,No,4,Yes,Yes
TXN001321,101549,Machakos,Nyeri,15,Send Money,100,4,Yes,Yes,4,No,Yes
TXN001322,359054,Nakuru,Uasin Gishu,5,Paybill,39,30,Yes,Yes,5,Yes,Yes
TXN001323,319930,Nakuru,Kiambu,15,Till,85,6,No,No,6,No,No
TXN001324,194451,Kiambu,Uasin Gishu,18,Withdraw,19,10,No,No,5,No,No
TXN001325,399921,Kisumu,Kakamega,8,Send Money,54,1,No,Yes,6,No,Yes
TXN001326,429197,Nairobi,Machakos,13,Withdraw,91,7,Yes,No,4,No,Yes
TXN001327,170802,Kiambu,Mombasa,2,Paybill,72,18,Yes,Yes,8,No,Yes
TXN001328,84155,Kakamega,Nakuru,8,Withdraw,42,24,No,No,0,No,No
TXN001329,31149,Kakamega,Kiambu,3,Withdraw,13,2,No,No,8,No,No
TXN001330,70453,Kisumu,Meru,9,Paybill,113,24,Yes,No,6,Yes,Yes
TXN001331,294614,Nyeri,Nyeri,9,Send Money,12,15,Yes,No,8,No,Yes
TXN001332,73695,Nakuru,Kisumu,10,Withdraw,99,25,Yes,No,5,No,Yes
TXN001333,119421,Meru,Nairobi,4,Send Money,59,12,No,Yes,4,No,Yes
TXN001334,336768,Nyeri,Machakos,0,Withdraw,53,14,No,No,0,Yes,No
TXN001335,16871,Mombasa,Mombasa,18,Send Money,65,28,No,No,4,No,No
TXN001336,292755,Mombasa,Uasin Gishu,8,Withdraw,100,4,Yes,Yes,7,Yes,Yes
TXN001337,236655,Meru,Machakos,14,Withdraw,114,29,Yes,No,1,Yes,No
TXN001338,466350,Nairobi,Nakuru,10,Withdraw,3,13,No,Yes,6,Yes,Yes
TXN001339,78952,Nakuru,Meru,11,Paybill,34,28,Yes,No,8,No,Yes
TXN001340,99060,Nairobi,Nyeri,19,Send Money,99,5,Yes,No,2,Yes,No
TXN001341,408713,Nakuru,Nakuru,6,Till,17,18,No,Yes,5,No,Yes
TXN001342,85660,Kisumu,Kakamega,3,Withdraw,55,9,Yes,Yes,5,Yes,Yes
TXN001343,13379,Kakamega,Uasin Gishu,6,Paybill,57,28,Yes,No,0,No,No
TXN001344,404267,Kisumu,Nakuru,3,Withdraw,49,19,Yes,Yes,2,Yes,Yes
TXN001345,388359,Mombasa,Nyeri,11,Withdraw,78,12,No,No,3,Yes,No
TXN001346,133892,Uasin Gishu,Uasin Gishu,3,Till,66,4,No,Yes,0,No,No
TXN001347,188999,Mombasa,Uasin Gishu,15,Send Money,40,27,Yes,No,4,Yes,Yes
TXN001348,498809,Kisumu,Meru,0,Paybill,36,24,No,Yes,2,Yes,No
TXN001349,271957,Kiambu,Machakos,19,Withdraw,20,5,No,Yes,0,Yes,No
TXN001350,431670,Kisumu,Machakos,3,Paybill,21,14,Yes,Yes,8,Yes,Yes
TXN001351,15768,Meru,Machakos,0,Send Money,64,7,No,No,5,No,No
TXN001352,173894,Nairobi,Nyeri,12,Paybill,4,29,No,Yes,2,No,No
TXN001353,82977,Mombasa,Mombasa,15,Withdraw,13,1,No,Yes,1,No,No
TXN001354,217669,Kakamega,Kakamega,8,Paybill,110,29,No,Yes,0,No,No
TXN001355,169330,Meru,Nakuru,4,Paybill,85,18,No,Yes,7,No,Yes
TXN001356,269918,Uasin Gishu,Kiambu,19,Send Money,17,26,Yes,Yes,1,Yes,Yes
TXN001357,131006,Meru,Nyeri,16,Till,29,9,Yes,No,5,No,Yes
TXN001358,398453,Meru,Nairobi,23,Withdraw,116,5,No,No,5,Yes,No
TXN001359,331337,Nairobi,Nakuru,5,Withdraw,7,26,Yes,Yes,0,Yes,Yes
TXN001360,169149,Meru,Uasin Gishu,14,Paybill,2,19,No,No,5,Yes,Yes
TXN001361,237653,Machakos,Kisumu,8,Till,80,9,No,Yes,4,No,Yes
TXN001362,423144,Mombasa,Machakos,13,Send Money,112,16,No,Yes,5,No,Yes
TXN001363,284905,Nyeri,Kiambu,4,Till,17,4,Yes,No,1,Yes,No
TXN001364,161022,Kisumu,Nakuru,0,Paybill,58,14,Yes,Yes,6,Yes,Yes
TXN001365,384569,Nyeri,Nakuru,22,Paybill,96,12,Yes,Yes,8,No,Yes
TXN001366,196381,Nakuru,Kiambu,1,Withdraw,21,4,Yes,Yes,2,No,Yes
TXN001367,155499,Kisumu,Kiambu,0,Send Money,50,29,No,No,7,No,No
TXN001368,131818,Uasin Gishu,Kisumu,4,Withdraw,91,18,No,Yes,1,Yes,No
TXN001369,431246,Uasin Gishu,Meru,6,Paybill,21,25,Yes,No,2,No,No
TXN001370,437478,Mombasa,Meru,21,Paybill,45,3,Yes,No,2,No,No
TXN001371,107964,Nyeri,Kiambu,16,Send Money,57,5,No,No,0,Yes,No
TXN001372,404621,Mombasa,Nyeri,23,Withdraw,81,20,No,Yes,7,No,Yes
TXN001373,80620,Kiambu,Mombasa,20,Withdraw,10,29,No,No,0,No,No
TXN001374,223349,Mombasa,Meru,19,Till,75,6,No,No,3,Yes,No
TXN001375,126556,Mombasa,Kiambu,23,Till,112,28,No,No,6,Yes,No
TXN001376,474389,Mombasa,Nairobi,3,Withdraw,33,21,No,No,4,No,No
TXN001377,127317,Kakamega,Nyeri,19,Withdraw,75,16,Yes,No,4,Yes,Yes
TXN001378,318097,Meru,Mombasa,3,Paybill,67,28,No,Yes,1,Yes,No
TXN001379,189161,Kakamega,Kakamega,18,Send Money,75,22,No,No,0,No,No
TXN001380,492984,Nairobi,Machakos,3,Till,52,27,No,Yes,3,Yes,Yes
TXN001381,482746,Machakos,Machakos,7,Till,53,26,Yes,No,4,No,Yes
TXN001382,233886,Nakuru,Nyeri,17,Till,101,2,No,No,4,Yes,No
TXN001383,388392,Machakos,Machakos,19,Paybill,52,25,No,Yes,7,Yes,Yes
TXN001384,166005,Meru,Kakamega,20,Paybill,107,10,Yes,Yes,6,No,Yes
TXN001385,396707,Kakamega,Machakos,5,Paybill,49,7,No,No,5,No,No
TXN001386,169269,Nyeri,Nyeri,5,Withdraw,3,4,Yes,No,8,No,Yes
TXN001387,324306,Kiambu,Kisumu,22,Till,90,3,Yes,Yes,1,No,Yes
TXN001388,279405,Meru,Meru,2,Till,46,13,Yes,No,1,No,No
TXN001389,117922,Kiambu,Nairobi,15,Paybill,57,27,Yes,Yes,8,Yes,Yes
TXN001390,436911,Kisumu,Nairobi,9,Paybill,89,8,Yes,Yes,7,Yes,Yes
TXN001391,10941,Uasin Gishu,Kisumu,16,Withdraw,110,20,No,No,6,Yes,No
TXN001392,328912,Uasin Gishu,Machakos,11,Paybill,74,29,No,No,5,No,No
TXN001393,167903,Nyeri,Meru,4,Send Money,70,12,Yes,Yes,5,Yes,Yes
TXN001394,481073,Machakos,Nyeri,7,Withdraw,101,17,No,No,1,Yes,No
TXN001395,141153,Meru,Uasin Gishu,2,Paybill,74,27,Yes,No,7,No,Yes
TXN001396,11644,Mombasa,Machakos,2,Till,72,15,Yes,No,7,Yes,Yes
TXN001397,298764,Uasin Gishu,Nakuru,21,Withdraw,33,29,Yes,No,6,Yes,Yes
TXN001398,162487,Kisumu,Nyeri,21,Till,69,23,No,No,3,No,No
TXN001399,452371,Meru,Mombasa,16,Withdraw,1,20,Yes,No,1,Yes,Yes
TXN001400,382979,Nairobi,Kakamega,23,Send Money,21,24,Yes,Yes,2,Yes,Yes
TXN001401,174003,Kakamega,Kisumu,10,Paybill,12,4,No,No,6,No,No
TXN001402,50309,Mombasa,Kisumu,8,Withdraw,40,12,Yes,No,4,No,Yes
TXN001403,105225,Nyeri,Kiambu,0,Send Money,30,12,Yes,No,7,Yes,Yes
TXN001404,292145,Nyeri,Nairobi,0,Till,8,22,No,Yes,2,Yes,No
TXN001405,201771,Meru,Kakamega,5,Paybill,40,1,No,Yes,2,Yes,No
TXN001406,181059,Kisumu,Nyeri,4,Withdraw,13,28,Yes,No,2,No,No
TXN001407,15957,Machakos,Kisumu,18,Paybill,80,2,Yes,No,4,Yes,No
TXN001408,472030,Nyeri,Uasin Gishu,14,Send Money,13,16,Yes,Yes,5,No,Yes
TXN001409,350644,Nakuru,Kakamega,6,Withdraw,71,3,No,Yes,5,Yes,Yes
TXN001410,21855,Machakos,Nyeri,18,Withdraw,46,2,No,Yes,8,Yes,No
TXN001411,396895,Kakamega,Nakuru,9,Withdraw,70,21,Yes,No,5,Yes,Yes
TXN001412,211987,Mombasa,Machakos,17,Withdraw,56,13,Yes,No,0,No,No
TXN001413,319689,Nakuru,Mombasa,9,Paybill,50,10,No,No,0,Yes,No
TXN001414,336083,Uasin Gishu,Nakuru,11,Send Money,41,24,Yes,Yes,0,No,Yes
TXN001415,431930,Nairobi,Nakuru,3,Withdraw,106,22,No,Yes,8,No,Yes
TXN001416,498104,Kakamega,Nakuru,18,Send Money,24,29,Yes,No,1,Yes,No
TXN001417,23765,Nakuru,Machakos,5,Withdraw,119,13,Yes,Yes,4,Yes,Yes
TXN001418,433411,Meru,Nakuru,19,Till,30,12,No,Yes,2,Yes,No
TXN001419,462443,Nairobi,Uasin Gishu,13,Withdraw,119,14,No,Yes,4,No,Yes
TXN001420,145847,Uasin Gishu,Nairobi,22,Withdraw,108,29,Yes,No,4,Yes,Yes
TXN001421,67624,Kisumu,Kakamega,2,Paybill,85,23,Yes,Yes,1,Yes,Yes
TXN001422,281561,Kiambu,Meru,8,Send Money,42,6,No,No,4,No,No
TXN001423,399027,Nakuru,Kisumu,16,Send Money,16,13,Yes,Yes,8,No,Yes
TXN001424,245918,Kisumu,Mombasa,22,Send Money,62,4,Yes,Yes,0,No,Yes
TXN001425,126797,Meru,Nairobi,21,Paybill,56,20,No,No,2,No,No
TXN001426,402991,Machakos,Kiambu,5,Till,27,24,No,Yes,0,Yes,No
TXN001427,242289,Kiambu,Nyeri,2,Paybill,26,29,Yes,No,6,Yes,Yes
TXN001428,96499,Mombasa,Nakuru,19,Till,81,7,No,No,0,No,No
TXN001429,292001,Uasin Gishu,Nyeri,17,Send Money,21,5,No,Yes,1,Yes,No
TXN001430,324367,Mombasa,Nakuru,0,Withdraw,93,6,No,No,0,Yes,No
TXN001431,1843,Meru,Nyeri,2,Send Money,73,2,No,Yes,3,Yes,No
TXN001432,340240,Kakamega,Nakuru,21,Withdraw,106,30,No,No,4,No,No
TXN001433,321233,Nyeri,Machakos,7,Paybill,33,12,No,No,2,No,No
TXN001434,150449,Machakos,Nairobi,13,Till,82,24,Yes,No,4,Yes,Yes
TXN001435,75538,Machakos,Nakuru,12,Withdraw,6,15,No,Yes,6,Yes,Yes
TXN001436,463322,Machakos,Machakos,10,Withdraw,54,15,No,No,6,No,No
TXN001437,69840,Meru,Nakuru,23,Till,93,17,Yes,Yes,3,Yes,Yes
TXN001438,472094,Uasin Gishu,Kisumu,15,Send Money,60,18,No,No,4,Yes,No
TXN001439,284648,Nakuru,Machakos,17,Paybill,84,15,No,No,0,Yes,No
TXN001440,345897,Nakuru,Uasin Gishu,18,Paybill,50,30,No,Yes,7,Yes,Yes
TXN001441,143348,Uasin Gishu,Machakos,14,Paybill,96,22,Yes,No,3,Yes,Yes
TXN001442,455147,Mombasa,Mombasa,2,Send Money,95,5,No,No,8,Yes,No
TXN001443,4594,Machakos,Nakuru,23,Paybill,118,28,Yes,No,1,No,No
TXN001444,111729,Kakamega,Machakos,22,Paybill,40,27,Yes,No,5,No,Yes
TXN001445,151957,Mombasa,Nyeri,19,Withdraw,39,4,Yes,Yes,2,No,Yes
TXN001446,83034,Kisumu,Kakamega,3,Send Money,72,18,No,No,3,Yes,No
TXN001447,71142,Nairobi,Meru,22,Till,113,13,No,No,7,Yes,No
TXN001448,488131,Meru,Machakos,10,Send Money,57,19,Yes,No,0,No,No
TXN001449,464826,Kisumu,Mombasa,21,Paybill,48,3,Yes,Yes,4,No,Yes
TXN001450,332565,Meru,Meru,13,Paybill,42,10,Yes,No,7,Yes,Yes
TXN001451,191528,Kakamega,Machakos,5,Send Money,109,9,Yes,No,8,Yes,Yes
TXN001452,340525,Machakos,Nairobi,8,Withdraw,31,23,No,No,7,No,No
TXN001453,345771,Kiambu,Uasin Gishu,6,Withdraw,11,11,Yes,Yes,0,Yes,Yes
TXN001454,199288,Nyeri,Uasin Gishu,13,Till,50,2,No,No,5,No,No
TXN001455,69434,Kiambu,Mombasa,14,Send Money,45,24,No,Yes,7,No,Yes
TXN001456,422350,Mombasa,Nakuru,2,Paybill,86,30,No,Yes,0,Yes,No
TXN001457,195813,Nairobi,Machakos,19,Send Money,9,5,Yes,Yes,1,Yes,Yes
TXN001458,81966,Nairobi,Kisumu,6,Send Money,75,21,No,No,1,Yes,No
TXN001459,97344,Nakuru,Nairobi,22,Send Money,12,23,Yes,Yes,6,Yes,Yes
TXN001460,202897,Meru,Kisumu,15,Till,42,21,Yes,No,3,No,Yes
TXN001461,383600,Mombasa,Kisumu,6,Till,87,19,Yes,No,2,Yes,No
TXN001462,75491,Kisumu,Machakos,7,Paybill,113,18,Yes,Yes,1,Yes,Yes
TXN001463,206969,Nakuru,Uasin Gishu,8,Till,82,27,No,No,8,No,No
TXN001464,385634,Mombasa,Nairobi,2,Withdraw,31,17,Yes,No,4,Yes,Yes
TXN001465,180522,Nairobi,Mombasa,10,Till,116,24,Yes,No,1,No,No
TXN001466,366042,Machakos,Kakamega,11,Withdraw,88,20,Yes,No,5,No,Yes
TXN001467,157465,Nairobi,Machakos,13,Withdraw,98,16,No,Yes,3,Yes,Yes
TXN001468,461410,Kisumu,Kisumu,23,Withdraw,60,11,No,No,7,No,No
TXN001469,220039,Uasin Gishu,Machakos,0,Withdraw,4,28,Yes,No,6,Yes,Yes
TXN001470,414958,Mombasa,Nairobi,12,Withdraw,105,22,Yes,Yes,2,Yes,Yes
TXN001471,78640,Kisumu,Kiambu,17,Till,35,11,Yes,Yes,7,No,Yes
TXN001472,119450,Kakamega,Nairobi,11,Send Money,25,16,No,No,6,Yes,No
TXN001473,35128,Nyeri,Kakamega,6,Withdraw,42,23,No,No,2,Yes,No
TXN001474,257216,Meru,Mombasa,19,Paybill,2,10,Yes,No,4,No,Yes
TXN001475,277732,Mombasa,Nairobi,14,Till,37,11,No,Yes,5,No,Yes
TXN001476,218678,Kiambu,Nyeri,10,Till,32,7,No,Yes,5,No,Yes
TXN001477,366175,Nakuru,Kakamega,18,Withdraw,25,29,Yes,No,3,Yes,Yes
TXN001478,466958,Mombasa,Nyeri,15,Withdraw,3,11,Yes,No,2,No,No
TXN001479,315985,Nakuru,Kiambu,22,Paybill,116,29,No,Yes,7,No,Yes
TXN001480,190776,Nairobi,Machakos,11,Withdraw,109,25,Yes,No,3,Yes,Yes
TXN001481,294635,Meru,Nyeri,6,Paybill,19,26,No,No,7,No,No
TXN001482,484339,Nyeri,Nyeri,9,Paybill,77,20,Yes,No,0,Yes,No
TXN001483,414609,Kisumu,Kiambu,0,Send Money,49,14,Yes,No,4,Yes,Yes
TXN001484,341694,Kisumu,Kakamega,20,Withdraw,83,25,No,Yes,5,No,Yes
TXN001485,291168,Kakamega,Kiambu,6,Withdraw,21,20,No,No,1,No,No
TXN001486,149347,Nairobi,Machakos,17,Withdraw,21,19,Yes,No,0,Yes,No
TXN001487,193418,Uasin Gishu,Kisumu,10,Send Money,19,11,No,Yes,6,No,Yes
TXN001488,337492,Mombasa,Mombasa,4,Paybill,37,11,Yes,Yes,2,No,Yes
TXN001489,53660,Machakos,Mombasa,13,Till,67,6,Yes,Yes,5,No,Yes
TXN001490,393712,Uasin Gishu,Kisumu,17,Send Money,9,16,No,Yes,8,No,Yes
TXN001491,427011,Nakuru,Nairobi,20,Send Money,27,15,Yes,Yes,4,Yes,Yes
TXN001492,27566,Nakuru,Nakuru,4,Paybill,83,27,Yes,No,0,Yes,No
TXN001493,262500,Kakamega,Nairobi,21,Withdraw,41,11,No,No,0,No,No
TXN001494,288424,Meru,Kakamega,0,Till,9,2,Yes,Yes,3,Yes,Yes
TXN001495,368008,Kisumu,Nyeri,0,Till,11,19,No,Yes,6,Yes,Yes
TXN001496,139325,Machakos,Nakuru,10,Till,72,12,No,Yes,3,No,Yes
TXN001497,205902,Meru,Nyeri,12,Paybill,16,21,No,No,0,No,No
TXN001498,96955,Meru,Kiambu,22,Paybill,15,2,No,Yes,3,Yes,No
TXN001499,464911,Nakuru,Meru,8,Paybill,76,27,No,No,7,Yes,No
TXN001500,268013,Nakuru,Kakamega,23,Withdraw,4,10,Yes,Yes,2,No,Yes
TXN001501,377521,Nyeri,Meru,9,Paybill,42,15,No,Yes,7,No,Yes
TXN001502,40773,Kiambu,Nairobi,9,Withdraw,79,4,Yes,Yes,0,Yes,No
TXN001503,200024,Nakuru,Nakuru,13,Till,94,19,Yes,Yes,0,No,Yes
TXN001504,39948,Kiambu,Kisumu,8,Withdraw,36,14,Yes,No,0,Yes,No
TXN001505,487703,Kisumu,Nairobi,3,Send Money,120,29,Yes,Yes,0,No,Yes
TXN001506,380058,Mombasa,Kisumu,6,Send Money,31,15,No,No,0,No,No
TXN001507,208474,Kakamega,Uasin Gishu,5,Send Money,87,13,Yes,Yes,7,No,Yes
TXN001508,302438,Nakuru,Kiambu,0,Till,115,2,Yes,No,4,No,Yes
TXN001509,457224,Nyeri,Kakamega,7,Send Money,25,8,No,Yes,0,No,No
TXN001510,150267,Machakos,Machakos,23,Paybill,47,3,No,No,7,Yes,No
TXN001511,168195,Machakos,Kakamega,11,Till,95,21,No,No,2,No,No
TXN001512,77452,Mombasa,Meru,8,Paybill,105,22,No,No,5,No,No
TXN001513,174535,Nairobi,Machakos,16,Paybill,119,12,No,No,8,Yes,No
TXN001514,313989,Mombasa,Uasin Gishu,3,Send Money,44,18,Yes,Yes,3,No,Yes
TXN001515,272453,Nakuru,Machakos,15,Send Money,14,19,Yes,No,8,Yes,Yes
TXN001516,170699,Nakuru,Meru,11,Withdraw,94,27,No,No,8,No,No
TXN001517,360655,Nairobi,Nyeri,3,Withdraw,97,4,Yes,No,2,Yes,No
TXN001518,75733,Nakuru,Nyeri,20,Send Money,118,3,No,Yes,6,No,No
TXN001519,498936,Mombasa,Nakuru,5,Send Money,105,7,Yes,Yes,0,No,Yes
TXN001520,35188,Nairobi,Meru,9,Till,33,15,Yes,No,5,No,Yes
TXN001521,203341,Kakamega,Nairobi,15,Till,48,7,No,No,7,Yes,No
TXN001522,184335,Uasin Gishu,Meru,19,Till,4,9,No,No,8,Yes,No
TXN001523,497663,Mombasa,Kakamega,8,Send Money,88,16,Yes,No,0,No,No
TXN001524,43547,Nakuru,Meru,15,Send Money,32,24,Yes,No,6,No,Yes
TXN001525,169328,Nairobi,Kisumu,18,Send Money,40,18,No,Yes,6,Yes,Yes
TXN001526,490541,Meru,Uasin Gishu,17,Send Money,65,15,Yes,Yes,7,No,Yes
TXN001527,132801,Kisumu,Nairobi,9,Till,75,4,No,Yes,7,No,Yes
TXN001528,223780,Kakamega,Nakuru,0,Withdraw,15,22,Yes,Yes,3,No,Yes
TXN001529,406761,Kisumu,Nakuru,10,Withdraw,96,26,Yes,No,0,No,No
TXN001530,119971,Kisumu,Meru,18,Send Money,92,15,Yes,Yes,2,Yes,Yes
TXN001531,229739,Nyeri,Mombasa,13,Withdraw,64,12,No,Yes,8,No,Yes
TXN001532,17632,Kiambu,Machakos,15,Withdraw,36,14,No,Yes,1,Yes,No
TXN001533,265923,Mombasa,Meru,5,Paybill,118,8,Yes,Yes,0,Yes,Yes
TXN001534,233935,Kisumu,Meru,13,Send Money,85,18,No,No,7,Yes,No
TXN001535,293476,Uasin Gishu,Nairobi,11,Send Money,6,8,Yes,Yes,4,Yes,Yes
TXN001536,267539,Kiambu,Kisumu,10,Paybill,101,1,Yes,No,8,Yes,Yes
TXN001537,451244,Kakamega,Nakuru,3,Paybill,62,26,Yes,Yes,7,No,Yes
TXN001538,203399,Mombasa,Kakamega,16,Send Money,71,21,Yes,Yes,2,Yes,Yes
TXN001539,296879,Uasin Gishu,Nairobi,13,Send Money,22,8,No,No,3,No,No
TXN001540,456531,Uasin Gishu,Kakamega,19,Paybill,42,25,No,Yes,3,No,Yes
TXN001541,392536,Meru,Nyeri,9,Withdraw,117,5,No,No,2,Yes,No
TXN001542,405376,Kisumu,Nairobi,11,Till,10,14,Yes,No,1,Yes,No
TXN001543,206235,Kiambu,Kakamega,16,Withdraw,36,15,No,No,8,No,No
TXN001544,202474,Kakamega,Machakos,17,Send Money,97,28,Yes,No,5,Yes,Yes
TXN001545,131957,Machakos,Machakos,7,Paybill,81,9,No,No,8,Yes,No
TXN001546,182771,Meru,Uasin Gishu,21,Paybill,40,7,No,No,4,No,No
TXN001547,402867,Nyeri,Nyeri,10,Paybill,79,29,Yes,No,3,No,Yes
TXN001548,418447,Nakuru,Meru,20,Till,60,19,Yes,Yes,4,Yes,Yes
TXN001549,96035,Kakamega,Kiambu,18,Withdraw,114,21,No,No,3,No,No
TXN001550,281806,Uasin Gishu,Nyeri,12,Send Money,44,5,No,Yes,4,Yes,Yes
TXN001551,34939,Nyeri,Meru,13,Paybill,25,26,No,No,7,No,No
TXN001552,139353,Uasin Gishu,Machakos,3,Paybill,7,14,No,Yes,7,No,Yes
TXN001553,95001,Mombasa,Nyeri,17,Till,16,12,Yes,Yes,1,No,Yes
TXN001554,66855,Nairobi,Mombasa,10,Till,101,4,No,Yes,0,Yes,No
TXN001555,149046,Nakuru,Kisumu,0,Till,56,8,Yes,Yes,4,No,Yes
TXN001556,399741,Kisumu,Mombasa,18,Till,29,6,No,Yes,8,Yes,Yes
TXN001557,424487,Nakuru,Kakamega,19,Paybill,63,4,Yes,Yes,6,Yes,Yes
TXN001558,467654,Nakuru,Kiambu,13,Withdraw,23,30,Yes,No,1,Yes,No
TXN001559,233969,Kakamega,Kisumu,23,Withdraw,28,8,Yes,Yes,6,No,Yes
TXN001560,446002,Nakuru,Kakamega,13,Till,79,25,No,Yes,8,No,Yes
TXN001561,168912,Kisumu,Mombasa,19,Withdraw,3,16,No,No,3,No,No
TXN001562,88330,Uasin Gishu,Kiambu,7,Till,101,13,Yes,Yes,5,No,Yes
TXN001563,471097,Kakamega,Nairobi,12,Till,30,13,No,Yes,3,Yes,Yes
TXN001564,188542,Mombasa,Uasin Gishu,8,Till,49,1,No,No,7,No,No
TXN001565,119879,Nakuru,Meru,20,Paybill,35,12,No,No,2,Yes,No
TXN001566,443546,Kisumu,Mombasa,19,Send Money,5,13,No,Yes,3,Yes,Yes
TXN001567,131327,Kisumu,Uasin Gishu,8,Paybill,11,17,No,No,2,No,No
TXN001568,120158,Meru,Nairobi,18,Paybill,53,10,Yes,Yes,3,Yes,Yes
TXN001569,151172,Nakuru,Meru,22,Send Money,71,16,No,Yes,3,Yes,Yes
TXN001570,35377,Kakamega,Nyeri,11,Paybill,99,4,No,Yes,8,Yes,No
TXN001571,80118,Kisumu,Kiambu,16,Send Money,69,30,Yes,Yes,0,No,Yes
TXN001572,262672,Nairobi,Kakamega,4,Paybill,65,29,Yes,No,2,Yes,No
TXN001573,126888,Kakamega,Kisumu,22,Send Money,111,20,No,No,7,Yes,No
TXN001574,374092,Nairobi,Kiambu,14,Withdraw,32,6,Yes,Yes,6,Yes,Yes
TXN001575,355268,Meru,Meru,22,Withdraw,97,13,No,No,8,No,No
TXN001576,394121,Kisumu,Nairobi,6,Send Money,33,17,No,Yes,8,No,Yes
TXN001577,314517,Uasin Gishu,Kiambu,11,Send Money,48,27,No,Yes,6,No,Yes
TXN001578,164962,Kakamega,Meru,23,Paybill,63,7,Yes,Yes,6,Yes,Yes
TXN001579,340350,Nakuru,Kakamega,8,Withdraw,102,10,No,Yes,2,Yes,No
TXN001580,209366,Kisumu,Uasin Gishu,1,Paybill,60,23,No,No,3,No,No
TXN001581,496931,Machakos,Kakamega,12,Withdraw,19,29,Yes,No,5,Yes,Yes
TXN001582,41009,Mombasa,Machakos,10,Paybill,77,10,No,No,0,No,No
TXN001583,162758,Nyeri,Kiambu,1,Send Money,119,17,Yes,Yes,1,Yes,Yes
TXN001584,267178,Machakos,Meru,14,Till,28,21,No,Yes,7,No,Yes
TXN001585,326037,Kakamega,Kakamega,13,Send Money,42,10,No,Yes,8,Yes,Yes
TXN001586,349393,Kakamega,Kiambu,4,Paybill,100,18,Yes,Yes,6,No,Yes
TXN001587,399614,Nakuru,Nairobi,1,Till,118,7,Yes,No,4,No,Yes
TXN001588,6401,Uasin Gishu,Nyeri,18,Till,18,7,No,Yes,6,Yes,No
TXN001589,480335,Kakamega,Mombasa,7,Withdraw,27,1,Yes,Yes,0,No,Yes
TXN001590,479843,Machakos,Meru,23,Till,22,30,No,Yes,1,No,No
TXN001591,446006,Meru,Nyeri,21,Till,61,9,No,No,8,Yes,No
TXN001592,422725,Kakamega,Kiambu,10,Till,77,25,Yes,Yes,0,No,Yes
TXN001593,261603,Kisumu,Nyeri,7,Paybill,93,13,Yes,No,4,Yes,Yes
TXN001594,461814,Uasin Gishu,Uasin Gishu,13,Till,32,15,Yes,Yes,8,No,Yes
TXN001595,156856,Nairobi,Uasin Gishu,12,Withdraw,11,8,Yes,No,1,No,No
TXN001596,80814,Kiambu,Nakuru,15,Withdraw,54,16,Yes,No,5,Yes,Yes
TXN001597,486503,Kiambu,Nakuru,19,Paybill,51,19,Yes,No,6,Yes,Yes
TXN001598,176269,Mombasa,Mombasa,23,Send Money,21,20,No,No,1,Yes,No
TXN001599,78717,Nairobi,Kakamega,5,Send Money,70,14,No,Yes,2,Yes,No
TXN001600,70033,Kisumu,Kiambu,10,Send Money,38,27,No,No,1,Yes,No
TXN001601,20466,Uasin Gishu,Kakamega,3,Till,75,3,Yes,Yes,3,Yes,Yes
TXN001602,311146,Kakamega,Meru,8,Paybill,38,20,Yes,No,2,Yes,No
TXN001603,337410,Nairobi,Uasin Gishu,10,Paybill,100,23,Yes,No,3,No,Yes
TXN001604,364382,Kiambu,Uasin Gishu,13,Paybill,61,26,No,No,8,No,No
TXN001605,416469,Kisumu,Kisumu,1,Send Money,109,10,No,Yes,3,No,Yes
TXN001606,30850,Kisumu,Kisumu,23,Send Money,76,29,Yes,Yes,1,No,Yes
TXN001607,148148,Uasin Gishu,Mombasa,20,Till,99,11,No,Yes,7,No,Yes
TXN001608,491536,Uasin Gishu,Nakuru,11,Send Money,91,7,No,Yes,5,Yes,Yes
TXN001609,25694,Kakamega,Uasin Gishu,22,Till,5,27,No,No,2,No,No
TXN001610,235776,Nairobi,Kisumu,8,Withdraw,18,27,No,No,5,Yes,No
TXN001611,48922,Nakuru,Nyeri,19,Withdraw,63,29,No,Yes,0,Yes,No
TXN001612,145729,Machakos,Machakos,19,Till,117,7,Yes,No,0,Yes,No
TXN001613,176829,Machakos,Nyeri,8,Withdraw,1,4,No,Yes,3,Yes,Yes
TXN001614,466449,Meru,Nyeri,9,Withdraw,68,19,Yes,No,0,No,No
TXN001615,23387,Uasin Gishu,Kakamega,19,Paybill,37,11,Yes,No,1,No,No
TXN001616,484014,Nairobi,Nakuru,21,Till,41,27,Yes,No,4,No,Yes
TXN001617,207045,Nakuru,Uasin Gishu,0,Withdraw,34,1,Yes,Yes,3,No,Yes
TXN001618,25091,Meru,Nairobi,15,Paybill,10,26,No,No,0,No,No
TXN001619,280066,Nyeri,Machakos,5,Paybill,85,18,No,Yes,3,No,Yes
TXN001620,7500,Nairobi,Mombasa,4,Till,88,14,Yes,No,3,No,Yes
TXN001621,88666,Nakuru,Kisumu,11,Send Money,85,10,No,No,2,No,No
TXN001622,401178,Mombasa,Nairobi,7,Send Money,120,10,No,Yes,1,Yes,No
TXN001623,408294,Machakos,Mombasa,16,Withdraw,99,26,No,Yes,1,No,No
TXN001624,267845,Machakos,Kisumu,12,Paybill,16,16,No,Yes,5,Yes,Yes
TXN001625,285946,Kisumu,Machakos,5,Paybill,33,24,Yes,Yes,1,Yes,Yes
TXN001626,251021,Uasin Gishu,Mombasa,16,Withdraw,119,25,No,Yes,5,No,Yes
TXN001627,111387,Nyeri,Kakamega,12,Till,22,7,No,Yes,3,No,Yes
TXN001628,336919,Nairobi,Meru,11,Send Money,48,7,Yes,Yes,7,Yes,Yes
TXN001629,348481,Kakamega,Mombasa,4,Send Money,120,12,No,No,0,No,No
TXN001630,311817,Nyeri,Nyeri,23,Till,67,18,Yes,Yes,7,No,Yes
TXN001631,62835,Nyeri,Uasin Gishu,9,Send Money,80,26,Yes,No,3,No,Yes
TXN001632,450233,Kisumu,Kiambu,10,Withdraw,14,2,No,Yes,4,No,Yes
TXN001633,39055,Uasin Gishu,Nairobi,0,Till,68,12,Yes,No,4,No,Yes
TXN001634,171887,Machakos,Mombasa,3,Till,24,23,Yes,Yes,8,Yes,Yes
TXN001635,402702,Nakuru,Nairobi,8,Till,43,11,Yes,Yes,3,Yes,Yes
TXN001636,441221,Mombasa,Uasin Gishu,1,Till,98,18,Yes,No,8,No,Yes
TXN001637,481785,Kisumu,Mombasa,3,Send Money,113,14,Yes,No,4,Yes,Yes
TXN001638,56059,Nyeri,Mombasa,8,Paybill,115,16,Yes,No,5,No,Yes
TXN001639,309827,Kisumu,Meru,22,Send Money,72,29,Yes,Yes,5,Yes,Yes
TXN001640,330791,Nyeri,Nakuru,13,Send Money,104,1,No,Yes,2,Yes,No
TXN001641,357305,Nairobi,Uasin Gishu,6,Withdraw,67,29,No,Yes,7,Yes,Yes
TXN001642,100960,Meru,Uasin Gishu,18,Till,106,17,No,No,2,No,No
TXN001643,141272,Nairobi,Mombasa,12,Paybill,32,20,Yes,No,4,No,Yes
TXN001644,391580,Kisumu,Nairobi,7,Paybill,33,23,Yes,Yes,1,Yes,Yes
TXN001645,390581,Kiambu,Mombasa,18,Send Money,6,24,Yes,No,2,Yes,No
TXN001646,341808,Machakos,Nakuru,14,Paybill,27,23,Yes,Yes,6,Yes,Yes
TXN001647,77113,Uasin Gishu,Nyeri,21,Till,93,21,Yes,No,5,No,Yes
TXN001648,232525,Nakuru,Nakuru,15,Withdraw,85,7,Yes,Yes,6,No,Yes
TXN001649,497674,Kakamega,Kisumu,1,Send Money,36,14,Yes,No,0,No,No
TXN001650,392387,Kiambu,Kisumu,9,Till,59,17,No,Yes,6,Yes,Yes
TXN001651,92880,Meru,Kakamega,11,Till,55,25,Yes,No,8,Yes,Yes
TXN001652,337822,Kiambu,Kisumu,15,Paybill,29,15,Yes,No,7,No,Yes
TXN001653,229755,Nakuru,Nyeri,16,Paybill,116,5,Yes,Yes,7,No,Yes
TXN001654,57629,Nyeri,Kiambu,23,Withdraw,35,24,No,No,1,No,No
TXN001655,10692,Nakuru,Nyeri,19,Paybill,9,19,Yes,Yes,4,No,Yes
TXN001656,329050,Nyeri,Uasin Gishu,18,Till,64,17,Yes,Yes,0,No,Yes
TXN001657,815,Kiambu,Kiambu,18,Paybill,62,7,Yes,Yes,4,No,Yes
TXN001658,329746,Meru,Nakuru,7,Till,52,22,No,Yes,6,No,Yes
TXN001659,24064,Kakamega,Nakuru,13,Send Money,110,11,No,No,3,No,No
TXN001660,361666,Nakuru,Kakamega,13,Send Money,10,4,Yes,Yes,6,Yes,Yes
TXN001661,53849,Nakuru,Machakos,3,Send Money,88,18,No,Yes,3,Yes,Yes
TXN001662,134507,Nakuru,Mombasa,10,Paybill,2,30,No,Yes,4,No,Yes
TXN001663,320795,Kiambu,Nyeri,5,Send Money,16,3,No,Yes,0,No,No
TXN001664,485660,Mombasa,Nyeri,18,Paybill,108,16,Yes,No,5,Yes,Yes
TXN001665,484917,Kakamega,Nyeri,22,Paybill,74,9,Yes,No,5,No,Yes
TXN001666,14153,Kisumu,Nakuru,23,Send Money,95,4,Yes,No,3,Yes,No
TXN001667,384059,Kakamega,Nairobi,21,Withdraw,23,7,Yes,Yes,2,No,Yes
TXN001668,118342,Kiambu,Uasin Gishu,4,Send Money,80,5,Yes,Yes,3,No,Yes
TXN001669,437106,Machakos,Nairobi,17,Paybill,116,6,No,No,0,Yes,No
TXN001670,358893,Nakuru,Mombasa,4,Withdraw,108,29,No,Yes,1,Yes,No
TXN001671,56903,Kakamega,Kisumu,19,Paybill,56,8,Yes,No,8,No,No
TXN001672,235486,Meru,Nakuru,23,Send Money,55,6,No,No,5,No,No
TXN001673,102951,Kisumu,Nairobi,7,Send Money,52,10,No,No,1,Yes,No
TXN001674,293685,Nyeri,Nakuru,4,Paybill,62,13,Yes,Yes,8,Yes,Yes
TXN001675,476104,Machakos,Nyeri,17,Send Money,7,17,Yes,Yes,8,Yes,Yes
TXN001676,136185,Kakamega,Nakuru,4,Paybill,34,11,Yes,Yes,0,No,Yes
TXN001677,366409,Nyeri,Mombasa,23,Till,82,3,Yes,No,1,No,No
TXN001678,241693,Nairobi,Nairobi,21,Send Money,22,22,No,No,0,Yes,No
TXN001679,452450,Meru,Mombasa,2,Paybill,104,24,Yes,Yes,5,Yes,Yes
TXN001680,252117,Kisumu,Machakos,10,Withdraw,104,4,No,No,0,Yes,No
TXN001681,352465,Mombasa,Nyeri,4,Withdraw,15,26,No,No,4,Yes,No
TXN001682,150617,Nyeri,Meru,1,Till,63,17,Yes,Yes,2,No,Yes
TXN001683,198988,Meru,Nairobi,0,Till,61,2,No,No,0,Yes,No
TXN001684,464460,Nyeri,Kiambu,16,Paybill,32,13,No,No,1,No,No
TXN001685,212482,Kiambu,Nyeri,7,Till,49,19,Yes,Yes,6,Yes,Yes
TXN001686,193809,Nairobi,Nyeri,22,Send Money,85,2,No,No,2,No,No
TXN001687,327738,Meru,Meru,17,Withdraw,61,2,No,Yes,3,No,Yes
TXN001688,324107,Nairobi,Kiambu,1,Send Money,46,26,Yes,Yes,2,Yes,Yes
TXN001689,453690,Kisumu,Nyeri,15,Withdraw,51,9,Yes,Yes,4,No,Yes
TXN001690,461661,Uasin Gishu,Kiambu,7,Paybill,120,8,Yes,No,3,Yes,Yes
TXN001691,352895,Uasin Gishu,Kiambu,5,Send Money,9,5,No,No,2,No,No
TXN001692,127303,Nakuru,Mombasa,9,Till,113,14,Yes,No,8,No,Yes
TXN001693,43129,Kisumu,Machakos,11,Till,60,28,Yes,No,4,No,Yes
TXN001694,454226,Machakos,Nyeri,21,Paybill,112,2,Yes,No,3,No,Yes
TXN001695,154103,Kiambu,Uasin Gishu,8,Till,25,28,Yes,Yes,7,No,Yes
TXN001696,268999,Nakuru,Nyeri,22,Paybill,74,27,Yes,Yes,1,No,Yes
TXN001697,435426,Nairobi,Kiambu,21,Send Money,36,11,Yes,No,0,No,No
TXN001698,447249,Nakuru,Nyeri,8,Till,38,8,Yes,Yes,3,No,Yes
TXN001699,463248,Mombasa,Mombasa,22,Withdraw,91,4,No,Yes,2,Yes,No
TXN001700,275936,Meru,Mombasa,20,Paybill,60,24,Yes,Yes,3,Yes,Yes
TXN001701,258304,Uasin Gishu,Nairobi,23,Send Money,28,5,No,No,3,Yes,No
TXN001702,44019,Kakamega,Nyeri,13,Send Money,118,25,No,No,6,Yes,No
TXN001703,5645,Machakos,Uasin Gishu,3,Paybill,117,6,Yes,Yes,0,Yes,No
TXN001704,439191,Kakamega,Kakamega,8,Till,77,17,Yes,Yes,6,No,Yes
TXN001705,431560,Machakos,Meru,11,Paybill,77,4,No,Yes,3,No,Yes
TXN001706,464508,Mombasa,Nyeri,9,Paybill,8,3,No,Yes,1,No,No
TXN001707,121343,Uasin Gishu,Nakuru,5,Paybill,51,17,No,No,0,Yes,No
TXN001708,493719,Kiambu,Machakos,10,Withdraw,28,20,Yes,Yes,3,No,Yes
TXN001709,40286,Nairobi,Machakos,20,Send Money,12,9,Yes,No,2,No,No
TXN001710,407955,Uasin Gishu,Nairobi,16,Send Money,102,11,Yes,No,6,No,Yes
TXN001711,61136,Nairobi,Nyeri,6,Till,96,5,No,Yes,0,Yes,No
TXN001712,204831,Kakamega,Mombasa,10,Paybill,51,29,Yes,Yes,6,Yes,Yes
TXN001713,52450,Nairobi,Uasin Gishu,16,Paybill,23,25,Yes,No,5,No,Yes
TXN001714,228765,Meru,Nakuru,16,Till,74,4,No,No,6,Yes,No
TXN001715,152303,Nyeri,Kakamega,6,Till,96,2,Yes,Yes,4,Yes,Yes
TXN001716,156518,Nakuru,Machakos,19,Send Money,31,16,Yes,No,0,Yes,No
TXN001717,28047,Nyeri,Machakos,18,Send Money,14,22,No,No,0,Yes,No
TXN001718,421203,Meru,Kisumu,12,Withdraw,38,10,Yes,Yes,7,No,Yes
TXN001719,401984,Mombasa,Nyeri,9,Paybill,80,19,No,No,8,No,No
TXN001720,280682,Meru,Mombasa,9,Send Money,101,12,No,Yes,2,No,No
TXN001721,404957,Mombasa,Kisumu,7,Till,65,29,No,Yes,2,Yes,No
TXN001722,409271,Uasin Gishu,Meru,22,Send Money,19,25,No,No,8,Yes,No
TXN001723,292554,Nairobi,Kakamega,5,Paybill,61,5,No,Yes,7,No,Yes
TXN001724,162318,Nakuru,Nyeri,4,Send Money,72,24,Yes,Yes,5,No,Yes
TXN001725,438339,Kisumu,Meru,19,Withdraw,105,10,Yes,No,6,Yes,Yes
TXN001726,179010,Uasin Gishu,Kiambu,2,Withdraw,4,18,Yes,No,5,Yes,Yes
TXN001727,300421,Nyeri,Kakamega,13,Send Money,49,12,No,Yes,3,Yes,Yes
TXN001728,352377,Meru,Machakos,3,Till,107,22,Yes,Yes,8,No,Yes
TXN001729,442186,Nakuru,Meru,9,Till,25,25,No,No,8,Yes,No
TXN001730,328275,Nairobi,Nairobi,21,Withdraw,116,2,Yes,Yes,7,Yes,Yes
TXN001731,314828,Uasin Gishu,Nyeri,6,Send Money,51,30,No,Yes,0,Yes,No
TXN001732,42629,Uasin Gishu,Nyeri,1,Till,86,7,No,Yes,0,Yes,No
TXN001733,42047,Uasin Gishu,Kisumu,20,Paybill,38,21,Yes,No,0,No,No
TXN001734,457145,Nakuru,Kiambu,8,Send Money,75,15,No,Yes,0,No,No
TXN001735,469664,Nairobi,Kakamega,4,Withdraw,64,15,No,No,6,Yes,No
TXN001736,400064,Nyeri,Mombasa,23,Withdraw,111,14,Yes,Yes,5,Yes,Yes
TXN001737,380152,Meru,Meru,2,Till,81,27,No,No,0,Yes,No
TXN001738,11969,Nakuru,Kakamega,7,Send Money,51,30,No,Yes,3,Yes,Yes
TXN001739,491434,Machakos,Uasin Gishu,3,Withdraw,17,30,No,No,2,Yes,No
TXN001740,285622,Mombasa,Mombasa,19,Paybill,119,3,No,Yes,3,Yes,Yes
TXN001741,293,Kisumu,Kakamega,15,Till,49,4,Yes,No,3,No,No
TXN001742,197172,Kiambu,Kiambu,18,Send Money,16,7,Yes,No,1,No,No
TXN001743,380676,Kiambu,Nyeri,1,Send Money,22,28,No,Yes,2,No,No
TXN001744,226101,Kiambu,Mombasa,12,Withdraw,36,10,Yes,Yes,7,Yes,Yes
TXN001745,280115,Kisumu,Mombasa,0,Paybill,14,30,Yes,No,7,Yes,Yes
TXN001746,335102,Kiambu,Nyeri,13,Paybill,12,29,No,Yes,1,Yes,No
TXN001747,300215,Nakuru,Nyeri,7,Send Money,70,11,No,No,3,No,No
TXN001748,444686,Nakuru,Meru,14,Send Money,66,6,No,No,0,No,No
TXN001749,258432,Kakamega,Nairobi,12,Withdraw,101,23,No,No,1,No,No
TXN001750,123755,Uasin Gishu,Nyeri,4,Send Money,116,13,Yes,Yes,5,Yes,Yes
TXN001751,345508,Kisumu,Mombasa,12,Till,108,6,Yes,Yes,5,No,Yes
TXN001752,7826,Meru,Kisumu,23,Send Money,100,11,No,Yes,4,No,Yes
TXN001753,274167,Meru,Uasin Gishu,14,Send Money,84,25,Yes,Yes,2,No,Yes
TXN001754,292354,Nyeri,Nairobi,5,Paybill,76,18,No,Yes,6,No,Yes
TXN001755,467807,Meru,Kiambu,16,Till,118,2,No,Yes,3,No,Yes
TXN001756,339982,Machakos,Kakamega,20,Withdraw,17,10,No,Yes,1,No,No
TXN001757,424859,Kisumu,Nakuru,17,Withdraw,97,30,Yes,No,1,No,No
TXN001758,234710,Kiambu,Uasin Gishu,2,Send Money,50,16,Yes,Yes,0,No,Yes
TXN001759,377227,Uasin Gishu,Nyeri,4,Withdraw,81,22,No,No,8,No,No
TXN001760,265237,Kakamega,Nairobi,20,Till,64,23,Yes,Yes,5,Yes,Yes
TXN001761,357385,Nairobi,Kiambu,0,Till,68,1,No,Yes,3,No,Yes
TXN001762,396184,Mombasa,Kisumu,8,Paybill,50,13,No,No,0,Yes,No
TXN001763,408144,Nyeri,Uasin Gishu,14,Withdraw,96,11,No,No,4,Yes,No
TXN001764,102866,Nyeri,Meru,8,Withdraw,18,12,No,Yes,3,Yes,Yes
TXN001765,435370,Kisumu,Kiambu,2,Till,111,8,Yes,Yes,5,No,Yes
TXN001766,97883,Uasin Gishu,Kisumu,18,Paybill,69,25,No,No,2,No,No
TXN001767,211679,Mombasa,Nakuru,16,Send Money,76,8,Yes,No,8,No,Yes
TXN001768,293616,Nyeri,Kiambu,12,Till,91,13,No,No,0,No,No
TXN001769,8245,Nairobi,Nakuru,9,Send Money,79,11,No,No,4,Yes,No
TXN001770,460243,Kisumu,Nairobi,6,Till,87,29,Yes,Yes,7,No,Yes
TXN001771,305173,Uasin Gishu,Kiambu,2,Till,31,9,Yes,Yes,5,Yes,Yes
TXN001772,154007,Nakuru,Kisumu,11,Paybill,59,4,No,No,3,Yes,No
TXN001773,428675,Machakos,Nairobi,0,Till,54,16,Yes,Yes,6,No,Yes
TXN001774,499555,Machakos,Kisumu,14,Withdraw,109,5,Yes,No,1,Yes,No
TXN001775,322863,Nairobi,Kiambu,11,Paybill,68,4,No,Yes,2,No,No
TXN001776,123262,Machakos,Nyeri,13,Withdraw,109,17,No,No,2,Yes,No
TXN001777,30652,Kiambu,Kiambu,5,Paybill,42,28,No,No,8,No,No
TXN001778,258372,Meru,Uasin Gishu,11,Till,91,11,No,No,8,No,No
TXN001779,412983,Kiambu,Meru,3,Send Money,92,27,No,Yes,8,Yes,Yes
TXN001780,425990,Nairobi,Nairobi,4,Till,89,14,No,Yes,2,Yes,No
TXN001781,195349,Mombasa,Machakos,10,Send Money,82,8,Yes,Yes,3,Yes,Yes
TXN001782,109282,Uasin Gishu,Nyeri,23,Paybill,1,11,No,No,0,Yes,No
TXN001783,357611,Uasin Gishu,Meru,19,Withdraw,13,10,No,No,8,No,No
TXN001784,75585,Kiambu,Uasin Gishu,4,Send Money,64,28,Yes,No,7,No,Yes
TXN001785,68069,Mombasa,Nyeri,6,Paybill,47,28,Yes,No,4,Yes,Yes
TXN001786,371018,Kisumu,Nakuru,19,Paybill,70,26,Yes,Yes,3,Yes,Yes
TXN001787,460723,Uasin Gishu,Nairobi,2,Paybill,108,21,Yes,No,1,Yes,No
TXN001788,217822,Machakos,Nairobi,17,Paybill,34,16,Yes,Yes,8,No,Yes
TXN001789,402144,Machakos,Kakamega,14,Till,61,13,Yes,No,2,Yes,No
TXN001790,136543,Kisumu,Meru,1,Till,96,12,No,No,2,No,No
TXN001791,74732,Mombasa,Uasin Gishu,1,Paybill,80,3,No,No,8,Yes,No
TXN001792,376640,Nakuru,Nakuru,14,Paybill,57,4,No,Yes,1,No,No
TXN001793,485433,Kisumu,Kisumu,18,Paybill,73,21,Yes,Yes,5,Yes,Yes
TXN001794,388544,Meru,Mombasa,20,Till,53,29,Yes,Yes,6,No,Yes
TXN001795,123924,Machakos,Nakuru,18,Paybill,71,18,Yes,Yes,2,No,Yes
TXN001796,167928,Kakamega,Kakamega,7,Paybill,72,10,No,No,1,No,No
TXN001797,423801,Kiambu,Meru,15,Send Money,51,10,Yes,Yes,5,No,Yes
TXN001798,94663,Kakamega,Mombasa,5,Send Money,115,15,No,Yes,2,Yes,No
TXN001799,173646,Kakamega,Machakos,4,Paybill,32,22,No,No,1,Yes,No
TXN001800,68557,Nairobi,Nyeri,6,Paybill,20,1,Yes,Yes,5,No,Yes
TXN001801,19793,Machakos,Nakuru,22,Till,114,2,No,No,7,No,No
TXN001802,349932,Nairobi,Nairobi,6,Send Money,66,12,Yes,Yes,8,No,Yes
TXN001803,145870,Kakamega,Mombasa,11,Paybill,39,8,No,Yes,5,Yes,Yes
TXN001804,110177,Meru,Machakos,21,Send Money,112,24,Yes,Yes,2,Yes,Yes
TXN001805,48533,Nairobi,Meru,6,Send Money,39,7,No,No,8,Yes,No
TXN001806,302327,Meru,Mombasa,4,Withdraw,54,16,Yes,Yes,7,Yes,Yes
TXN001807,25434,Mombasa,Kakamega,13,Withdraw,82,5,Yes,Yes,3,Yes,Yes
TXN001808,394660,Mombasa,Uasin Gishu,12,Send Money,85,5,Yes,Yes,1,Yes,Yes
TXN001809,67946,Kisumu,Machakos,21,Withdraw,117,6,Yes,Yes,0,No,No
TXN001810,488897,Uasin Gishu,Uasin Gishu,10,Paybill,32,7,Yes,Yes,4,Yes,Yes
TXN001811,281146,Kisumu,Kiambu,5,Send Money,2,22,Yes,No,4,Yes,Yes
TXN001812,47288,Meru,Machakos,4,Paybill,37,1,No,Yes,5,Yes,No
TXN001813,312695,Machakos,Uasin Gishu,2,Send Money,37,13,Yes,Yes,3,No,Yes
TXN001814,422291,Mombasa,Nakuru,14,Send Money,120,7,No,Yes,7,Yes,Yes
TXN001815,74435,Nyeri,Machakos,12,Till,36,7,No,No,8,No,No
TXN001816,399857,Kisumu,Nairobi,4,Withdraw,119,5,Yes,Yes,4,Yes,Yes
TXN001817,487734,Nakuru,Nyeri,15,Till,7,14,Yes,No,2,No,No
TXN001818,31669,Uasin Gishu,Meru,0,Withdraw,22,20,Yes,No,1,No,No
TXN001819,119693,Kiambu,Kisumu,21,Send Money,17,5,No,Yes,5,No,Yes
TXN001820,116356,Mombasa,Nairobi,19,Till,90,23,No,Yes,3,Yes,Yes
TXN001821,476093,Kiambu,Meru,2,Till,116,13,No,No,5,No,No
TXN001822,232211,Kisumu,Nakuru,8,Withdraw,76,22,No,No,4,No,No
TXN001823,441279,Mombasa,Nairobi,17,Send Money,14,5,No,No,6,Yes,No
TXN001824,403309,Uasin Gishu,Nyeri,7,Send Money,16,26,Yes,Yes,3,Yes,Yes
TXN001825,235626,Nyeri,Nairobi,17,Send Money,52,9,Yes,No,2,No,No
TXN001826,271029,Meru,Nairobi,23,Send Money,13,26,No,No,1,Yes,No
TXN001827,179733,Uasin Gishu,Kakamega,3,Paybill,91,2,No,Yes,3,Yes,Yes
TXN001828,28300,Kiambu,Machakos,16,Till,60,23,Yes,No,1,Yes,No
TXN001829,258017,Nairobi,Nairobi,18,Withdraw,39,7,No,Yes,1,Yes,No
TXN001830,95326,Meru,Kiambu,15,Send Money,45,18,No,No,6,No,No
TXN001831,107299,Meru,Uasin Gishu,5,Withdraw,16,18,Yes,No,3,Yes,Yes
TXN001832,483427,Mombasa,Machakos,18,Send Money,33,27,No,No,6,Yes,No
TXN001833,275099,Nairobi,Kiambu,12,Withdraw,31,27,Yes,No,0,Yes,No
TXN001834,223167,Nairobi,Kakamega,18,Withdraw,13,10,No,Yes,1,Yes,No
TXN001835,349507,Meru,Nakuru,17,Send Money,60,4,No,Yes,0,No,No
TXN001836,430253,Mombasa,Machakos,5,Send Money,92,19,No,Yes,5,Yes,Yes
TXN001837,134016,Meru,Nyeri,15,Paybill,79,20,Yes,No,7,No,Yes
TXN001838,339802,Uasin Gishu,Meru,17,Till,9,7,No,No,1,No,No
TXN001839,53556,Kakamega,Kiambu,1,Withdraw,53,30,No,Yes,2,Yes,No
TXN001840,251651,Uasin Gishu,Kisumu,6,Till,74,9,Yes,Yes,2,No,Yes
TXN001841,305638,Kiambu,Kisumu,13,Paybill,73,30,Yes,No,0,Yes,No
TXN001842,13842,Mombasa,Mombasa,13,Send Money,28,15,Yes,No,8,Yes,Yes
TXN001843,440990,Nakuru,Machakos,21,Withdraw,21,22,Yes,No,1,Yes,No
TXN001844,472345,Nyeri,Nyeri,20,Till,19,29,Yes,Yes,7,Yes,Yes
TXN001845,486486,Kiambu,Kiambu,17,Paybill,85,17,Yes,Yes,8,No,Yes
TXN001846,84311,Meru,Kakamega,16,Till,98,4,No,No,8,Yes,No
TXN001847,229513,Nyeri,Nairobi,13,Withdraw,120,1,Yes,Yes,0,No,Yes
TXN001848,167926,Meru,Mombasa,9,Withdraw,61,22,Yes,Yes,3,No,Yes
TXN001849,48024,Meru,Kiambu,5,Withdraw,98,21,Yes,Yes,8,No,Yes
TXN001850,293488,Nairobi,Kiambu,1,Till,116,17,Yes,No,6,No,Yes
TXN001851,120288,Machakos,Uasin Gishu,1,Withdraw,92,4,No,Yes,6,Yes,Yes
TXN001852,471692,Nyeri,Nyeri,7,Till,71,21,Yes,Yes,7,No,Yes
TXN001853,379039,Kiambu,Nairobi,19,Withdraw,49,12,Yes,No,6,Yes,Yes
TXN001854,368105,Kiambu,Meru,13,Send Money,82,10,No,No,8,Yes,No
TXN001855,139324,Nairobi,Kisumu,17,Till,58,17,No,Yes,1,No,No
TXN001856,53637,Kiambu,Nyeri,17,Paybill,50,5,Yes,No,3,No,No
TXN001857,229,Nyeri,Nyeri,7,Send Money,65,19,Yes,No,8,No,Yes
TXN001858,461598,Nyeri,Kakamega,19,Send Money,56,5,No,No,7,Yes,No
TXN001859,222827,Nakuru,Mombasa,18,Paybill,3,20,Yes,Yes,4,Yes,Yes
TXN001860,187612,Nakuru,Nakuru,15,Withdraw,85,25,Yes,Yes,6,Yes,Yes
TXN001861,468995,Machakos,Nyeri,16,Send Money,1,11,Yes,Yes,0,No,Yes
TXN001862,210084,Kiambu,Kakamega,4,Till,43,25,Yes,Yes,5,No,Yes
TXN001863,65360,Kiambu,Kiambu,0,Withdraw,79,4,No,No,0,Yes,No
TXN001864,210847,Kiambu,Meru,17,Send Money,109,3,No,No,1,Yes,No
TXN001865,286680,Mombasa,Kiambu,2,Withdraw,70,30,Yes,No,7,Yes,Yes
TXN001866,142063,Uasin Gishu,Uasin Gishu,8,Withdraw,53,17,Yes,Yes,5,Yes,Yes
TXN001867,323256,Kiambu,Nyeri,12,Till,85,18,Yes,No,8,No,Yes
TXN001868,361121,Machakos,Nairobi,3,Send Money,115,28,Yes,No,5,No,Yes
TXN001869,321804,Nakuru,Uasin Gishu,22,Send Money,18,24,Yes,Yes,7,No,Yes
TXN001870,184211,Nakuru,Meru,17,Withdraw,15,3,No,Yes,6,Yes,Yes
TXN001871,108651,Nyeri,Meru,8,Till,54,11,Yes,No,2,Yes,No
TXN001872,195288,Nairobi,Meru,20,Till,77,2,No,No,0,Yes,No
TXN001873,423147,Uasin Gishu,Uasin Gishu,21,Till,18,10,No,Yes,0,No,No
TXN001874,411887,Nairobi,Machakos,13,Till,116,24,No,No,7,No,No
TXN001875,84895,Kakamega,Kakamega,10,Send Money,2,27,No,No,6,No,Yes
TXN001876,299528,Nyeri,Meru,0,Withdraw,58,26,No,No,3,Yes,No
TXN001877,68656,Kisumu,Kisumu,13,Till,32,28,No,No,6,No,No
TXN001878,367365,Nakuru,Nairobi,0,Withdraw,38,2,Yes,No,5,No,Yes
TXN001879,84074,Kisumu,Kakamega,13,Withdraw,110,6,Yes,Yes,2,No,No
TXN001880,363879,Meru,Mombasa,12,Send Money,85,16,No,No,2,No,No
TXN001881,54395,Nyeri,Kiambu,17,Withdraw,11,6,No,Yes,1,No,No
TXN001882,31490,Kakamega,Kakamega,17,Paybill,1,25,Yes,Yes,7,No,Yes
TXN001883,102749,Kiambu,Kakamega,4,Withdraw,112,3,Yes,No,7,Yes,Yes
TXN001884,415563,Mombasa,Kisumu,1,Paybill,34,28,Yes,No,1,Yes,No
TXN001885,277273,Machakos,Meru,23,Withdraw,33,8,No,No,3,No,No
TXN001886,454292,Kisumu,Machakos,8,Paybill,97,18,Yes,No,8,No,Yes
TXN001887,162454,Kiambu,Nairobi,1,Withdraw,17,4,Yes,No,4,No,Yes
TXN001888,133462,Kisumu,Nakuru,2,Send Money,40,21,No,No,7,No,No
TXN001889,73420,Meru,Mombasa,14,Withdraw,25,5,No,No,8,No,No
TXN001890,472522,Kakamega,Kisumu,0,Paybill,100,13,Yes,Yes,4,Yes,Yes
TXN001891,454927,Machakos,Nairobi,20,Send Money,107,18,No,Yes,1,No,No
TXN001892,420107,Machakos,Nakuru,1,Withdraw,109,3,No,Yes,0,No,No
TXN001893,319278,Machakos,Nakuru,9,Send Money,102,8,No,Yes,4,Yes,Yes
TXN001894,18800,Kakamega,Nyeri,9,Send Money,110,30,Yes,Yes,6,No,Yes
TXN001895,441794,Machakos,Kiambu,8,Withdraw,55,12,Yes,No,4,No,Yes
TXN001896,28092,Meru,Meru,6,Withdraw,106,18,Yes,No,1,No,No
TXN001897,369451,Meru,Mombasa,4,Withdraw,101,18,Yes,Yes,5,Yes,Yes
TXN001898,263420,Meru,Nairobi,9,Till,66,22,No,No,6,Yes,No
TXN001899,252358,Kakamega,Kisumu,8,Withdraw,75,23,Yes,No,1,No,No
TXN001900,121973,Kiambu,Kisumu,6,Paybill,5,26,Yes,No,4,Yes,Yes
TXN001901,310634,Mombasa,Nyeri,15,Send Money,58,6,Yes,Yes,1,Yes,Yes
TXN001902,205516,Meru,Nyeri,6,Paybill,118,27,Yes,Yes,2,Yes,Yes
TXN001903,76441,Kisumu,Nairobi,0,Send Money,16,2,Yes,Yes,2,Yes,No
TXN001904,362681,Nairobi,Nairobi,16,Withdraw,67,13,No,No,6,Yes,No
TXN001905,374845,Machakos,Uasin Gishu,2,Till,50,4,Yes,Yes,4,Yes,Yes
TXN001906,32404,Mombasa,Meru,16,Send Money,118,24,Yes,No,5,Yes,Yes
TXN001907,412228,Kiambu,Uasin Gishu,18,Till,62,9,No,Yes,3,No,Yes
TXN001908,436287,Nairobi,Kakamega,12,Paybill,87,26,Yes,Yes,0,Yes,Yes
TXN001909,1889,Mombasa,Machakos,0,Send Money,48,27,No,No,6,No,No
TXN001910,228593,Mombasa,Nairobi,20,Withdraw,56,29,No,No,4,Yes,No
TXN001911,480371,Nairobi,Kakamega,17,Till,48,10,Yes,Yes,3,No,Yes
TXN001912,52778,Machakos,Nyeri,6,Withdraw,52,20,No,No,0,Yes,No
TXN001913,220088,Kisumu,Uasin Gishu,19,Withdraw,71,7,No,Yes,6,No,Yes
TXN001914,411569,Kakamega,Nyeri,21,Withdraw,2,17,Yes,No,8,Yes,Yes
TXN001915,409827,Kisumu,Machakos,14,Send Money,79,3,No,Yes,5,No,Yes
TXN001916,298553,Nairobi,Mombasa,4,Withdraw,59,29,No,Yes,3,Yes,Yes
TXN001917,462041,Uasin Gishu,Nairobi,9,Send Money,90,25,No,No,8,Yes,No
TXN001918,290136,Machakos,Machakos,16,Till,110,1,No,Yes,1,No,No
TXN001919,61799,Kakamega,Kiambu,12,Paybill,59,16,No,No,1,Yes,No
TXN001920,411122,Kisumu,Uasin Gishu,8,Paybill,10,4,Yes,No,1,No,No
TXN001921,85361,Kakamega,Nairobi,22,Till,19,20,No,No,8,Yes,No
TXN001922,378064,Kiambu,Machakos,15,Send Money,94,12,No,Yes,1,No,No
TXN001923,167277,Machakos,Kakamega,0,Send Money,56,25,Yes,Yes,2,Yes,Yes
TXN001924,491882,Uasin Gishu,Kiambu,1,Withdraw,94,2,Yes,No,3,No,Yes
TXN001925,90058,Nyeri,Kisumu,17,Till,28,27,Yes,No,7,Yes,Yes
TXN001926,465315,Kakamega,Nyeri,20,Paybill,93,29,No,Yes,0,Yes,No
TXN001927,84417,Uasin Gishu,Mombasa,12,Till,89,9,No,Yes,1,Yes,No
TXN001928,3325,Mombasa,Mombasa,18,Till,62,3,Yes,No,8,Yes,No
TXN001929,587,Kisumu,Uasin Gishu,2,Send Money,79,6,No,Yes,1,No,No
TXN001930,390051,Nairobi,Nairobi,14,Send Money,47,8,No,Yes,2,Yes,No
TXN001931,424546,Kiambu,Mombasa,16,Till,56,19,No,Yes,0,No,No
TXN001932,294581,Uasin Gishu,Meru,17,Paybill,92,11,No,Yes,2,No,No
TXN001933,453666,Kakamega,Mombasa,13,Send Money,110,14,No,Yes,4,No,Yes
TXN001934,327418,Nyeri,Mombasa,6,Send Money,102,24,Yes,No,3,No,Yes
TXN001935,18673,Nakuru,Kisumu,2,Withdraw,34,11,Yes,Yes,5,No,Yes
TXN001936,467925,Machakos,Kisumu,13,Send Money,38,7,No,No,4,Yes,No
TXN001937,212717,Nakuru,Meru,17,Paybill,111,9,No,Yes,6,No,Yes
TXN001938,376356,Kisumu,Machakos,7,Withdraw,33,29,No,Yes,8,No,Yes
TXN001939,482991,Machakos,Machakos,1,Withdraw,103,30,No,No,2,Yes,No
TXN001940,428028,Kakamega,Meru,10,Till,57,30,No,Yes,6,No,Yes
TXN001941,42025,Meru,Nairobi,17,Till,47,13,Yes,Yes,2,Yes,Yes
TXN001942,473122,Nairobi,Meru,3,Paybill,99,11,Yes,Yes,7,No,Yes
TXN001943,52337,Kisumu,Machakos,9,Withdraw,11,4,No,No,1,Yes,No
TXN001944,357602,Meru,Machakos,7,Till,50,2,Yes,Yes,0,No,Yes
TXN001945,428693,Mombasa,Kisumu,5,Withdraw,118,30,No,Yes,2,Yes,No
TXN001946,472494,Uasin Gishu,Nairobi,2,Till,41,26,No,Yes,0,Yes,No
TXN001947,58242,Meru,Machakos,1,Withdraw,44,7,Yes,No,4,No,No
TXN001948,148171,Kisumu,Kakamega,19,Send Money,6,27,No,Yes,7,Yes,Yes
TXN001949,488031,Nairobi,Nairobi,12,Till,46,23,No,Yes,3,Yes,Yes
TXN001950,355275,Nairobi,Kiambu,11,Paybill,80,7,No,Yes,3,Yes,Yes
TXN001951,491668,Mombasa,Mombasa,17,Till,5,29,Yes,No,0,No,No
TXN001952,328705,Nyeri,Machakos,11,Paybill,79,30,Yes,Yes,5,Yes,Yes
TXN001953,476786,Uasin Gishu,Mombasa,1,Send Money,48,22,No,Yes,0,No,No
TXN001954,213727,Nyeri,Nairobi,2,Withdraw,63,19,Yes,Yes,6,No,Yes
TXN001955,376032,Nyeri,Kiambu,22,Paybill,57,16,No,Yes,3,No,Yes
TXN001956,375784,Nakuru,Nairobi,0,Withdraw,114,7,Yes,No,4,No,Yes
TXN001957,257358,Nakuru,Kisumu,20,Till,59,13,Yes,No,5,Yes,Yes
TXN001958,434392,Kiambu,Kisumu,12,Paybill,2,3,No,Yes,6,No,Yes
TXN001959,149927,Meru,Kisumu,7,Paybill,14,15,No,Yes,0,Yes,No
TXN001960,161381,Meru,Nairobi,20,Withdraw,43,28,Yes,Yes,0,Yes,Yes
TXN001961,439891,Nyeri,Kiambu,7,Send Money,87,2,No,Yes,0,No,No
TXN001962,79462,Kakamega,Nakuru,4,Send Money,114,29,Yes,Yes,6,No,Yes
TXN001963,147684,Machakos,Meru,5,Send Money,115,22,No,No,5,No,No
TXN001964,89699,Nairobi,Nakuru,7,Withdraw,76,24,No,No,2,No,No
TXN001965,351866,Machakos,Machakos,16,Paybill,103,29,Yes,Yes,2,No,Yes
TXN001966,40806,Kakamega,Mombasa,2,Till,33,15,No,Yes,2,Yes,No
TXN001967,441423,Kisumu,Mombasa,20,Paybill,21,8,Yes,Yes,3,No,Yes
TXN001968,35452,Meru,Mombasa,13,Send Money,46,30,Yes,No,0,No,No
TXN001969,405221,Machakos,Nyeri,17,Send Money,15,17,No,Yes,8,No,Yes
TXN001970,382953,Mombasa,Uasin Gishu,17,Send Money,76,29,No,No,7,Yes,No
TXN001971,371680,Mombasa,Nyeri,12,Paybill,7,25,No,Yes,7,Yes,Yes
TXN001972,266661,Machakos,Kiambu,1,Send Money,117,19,No,Yes,8,No,Yes
TXN001973,269488,Kisumu,Nyeri,6,Till,18,6,No,Yes,0,Yes,No
TXN001974,281411,Kiambu,Mombasa,8,Till,17,21,Yes,Yes,2,Yes,Yes
TXN001975,255522,Mombasa,Uasin Gishu,11,Paybill,36,21,Yes,Yes,8,Yes,Yes
TXN001976,367628,Nakuru,Nairobi,8,Paybill,2,22,Yes,Yes,2,Yes,Yes
TXN001977,114878,Kisumu,Mombasa,7,Till,110,5,Yes,No,7,No,Yes
TXN001978,376411,Nairobi,Uasin Gishu,8,Withdraw,25,2,Yes,Yes,6,No,Yes
TXN001979,103356,Kakamega,Kakamega,11,Withdraw,1,22,Yes,No,3,No,Yes
TXN001980,473531,Kisumu,Meru,2,Withdraw,75,4,Yes,Yes,1,Yes,Yes
TXN001981,357947,Meru,Nairobi,5,Paybill,114,27,Yes,No,4,No,Yes
TXN001982,62614,Mombasa,Meru,12,Withdraw,101,1,No,Yes,8,No,No
TXN001983,85090,Kakamega,Nairobi,16,Send Money,20,19,Yes,Yes,1,No,Yes
TXN001984,192407,Nairobi,Uasin Gishu,7,Withdraw,52,18,No,No,6,No,No
TXN001985,487565,Kiambu,Meru,9,Till,20,3,No,No,5,Yes,No
TXN001986,157600,Kiambu,Meru,6,Paybill,84,2,No,No,6,Yes,No
TXN001987,297611,Kakamega,Nakuru,4,Paybill,54,12,Yes,No,6,Yes,Yes
TXN001988,202079,Kiambu,Nakuru,13,Paybill,18,14,Yes,Yes,4,Yes,Yes
TXN001989,482203,Mombasa,Nyeri,16,Send Money,107,24,No,No,4,Yes,No
TXN001990,279915,Kiambu,Mombasa,21,Withdraw,95,16,Yes,No,2,Yes,No
TXN001991,138288,Kakamega,Kisumu,11,Send Money,29,7,No,Yes,2,No,No
TXN001992,191242,Nairobi,Nakuru,2,Send Money,69,8,Yes,Yes,4,Yes,Yes
TXN001993,370410,Kiambu,Machakos,14,Withdraw,107,12,No,No,0,No,No
TXN001994,480369,Uasin Gishu,Meru,22,Till,89,19,No,No,5,No,No
TXN001995,378452,Uasin Gishu,Machakos,18,Withdraw,99,29,No,Yes,5,Yes,Yes
TXN001996,449493,Nakuru,Kiambu,4,Send Money,35,13,No,No,1,No,No
TXN001997,92892,Meru,Machakos,19,Till,44,10,No,Yes,8,Yes,No
TXN001998,266412,Machakos,Machakos,18,Withdraw,12,27,No,Yes,6,Yes,Yes
TXN001999,208231,Nairobi,Kakamega,8,Paybill,39,28,No,Yes,1,Yes,No
TXN002000,125668,Mombasa,Kiambu,1,Till,48,25,Yes,No,2,No,No
TXN002001,341185,Mombasa,Kiambu,10,Till,70,19,Yes,Yes,2,No,Yes
TXN002002,111980,Kakamega,Nakuru,3,Send Money,92,26,Yes,No,6,Yes,Yes
TXN002003,15772,Kisumu,Kisumu,3,Send Money,69,21,Yes,No,8,No,Yes
TXN002004,193176,Machakos,Kisumu,6,Till,94,18,No,Yes,8,No,Yes
TXN002005,427683,Kiambu,Kiambu,21,Withdraw,85,9,Yes,No,8,No,Yes
TXN002006,25535,Machakos,Kisumu,7,Withdraw,15,16,Yes,Yes,0,No,Yes
TXN002007,242690,Nakuru,Nakuru,14,Send Money,58,5,No,No,5,No,No
TXN002008,58495,Kakamega,Nyeri,2,Send Money,36,30,Yes,Yes,5,Yes,Yes
TXN002009,486364,Kisumu,Kakamega,21,Paybill,120,12,No,Yes,0,Yes,No
TXN002010,382511,Nakuru,Mombasa,13,Send Money,17,3,No,Yes,5,No,Yes
TXN002011,316832,Kakamega,Kisumu,1,Paybill,39,8,Yes,Yes,6,Yes,Yes
TXN002012,63815,Kisumu,Nairobi,19,Paybill,26,13,No,No,2,No,No
TXN002013,301837,Machakos,Meru,11,Paybill,93,21,No,Yes,5,Yes,Yes
TXN002014,476913,Meru,Nakuru,16,Paybill,31,5,Yes,Yes,7,Yes,Yes
TXN002015,796,Kisumu,Nakuru,13,Withdraw,37,12,No,Yes,5,Yes,Yes
TXN002016,45719,Nairobi,Nyeri,14,Send Money,65,12,Yes,No,6,Yes,Yes
TXN002017,268197,Nakuru,Uasin Gishu,1,Send Money,24,13,No,Yes,8,Yes,Yes
TXN002018,7473,Nyeri,Nakuru,17,Paybill,63,4,Yes,No,1,No,No
TXN002019,370242,Uasin Gishu,Kakamega,6,Till,12,28,No,No,4,No,No
TXN002020,232108,Kisumu,Kisumu,5,Send Money,97,9,Yes,Yes,3,Yes,Yes
TXN002021,332836,Nyeri,Meru,4,Paybill,14,25,No,No,2,No,No
TXN002022,93707,Meru,Machakos,6,Till,94,12,No,Yes,6,Yes,Yes
TXN002023,344029,Mombasa,Mombasa,17,Send Money,7,29,No,Yes,7,Yes,Yes
TXN002024,142423,Nairobi,Kakamega,21,Till,51,22,No,No,1,Yes,No
TXN002025,120172,Kisumu,Nairobi,21,Send Money,110,18,No,Yes,8,No,Yes
TXN002026,115263,Uasin Gishu,Nakuru,18,Withdraw,100,13,Yes,No,0,No,No
TXN002027,344429,Nairobi,Machakos,10,Till,47,13,Yes,No,4,No,Yes
TXN002028,298200,Uasin Gishu,Kiambu,2,Send Money,10,26,Yes,Yes,5,Yes,Yes
TXN002029,296915,Nairobi,Meru,21,Send Money,99,30,No,No,6,No,No
TXN002030,302161,Machakos,Kisumu,1,Withdraw,93,13,Yes,No,7,No,Yes
TXN002031,421277,Uasin Gishu,Kisumu,21,Send Money,1,26,Yes,Yes,4,Yes,Yes
TXN002032,37337,Kisumu,Kiambu,2,Paybill,80,28,No,Yes,2,Yes,No
TXN002033,299719,Uasin Gishu,Nairobi,18,Withdraw,32,25,No,No,7,No,No
TXN002034,113096,Mombasa,Meru,5,Paybill,10,6,No,No,7,Yes,No
TXN002035,229609,Nyeri,Uasin Gishu,11,Paybill,84,13,Yes,No,5,No,Yes
TXN002036,440797,Meru,Mombasa,20,Withdraw,82,30,Yes,No,3,Yes,Yes
TXN002037,172444,Mombasa,Kisumu,1,Paybill,40,7,Yes,No,2,Yes,No
TXN002038,63515,Uasin Gishu,Kiambu,9,Withdraw,76,3,No,Yes,5,No,No
TXN002039,419239,Kisumu,Uasin Gishu,17,Withdraw,118,10,No,Yes,0,Yes,No
TXN002040,207480,Meru,Kakamega,18,Withdraw,40,10,No,No,6,No,No
TXN002041,484155,Machakos,Uasin Gishu,22,Send Money,40,29,Yes,No,3,No,Yes
TXN002042,134756,Machakos,Machakos,22,Paybill,110,11,Yes,Yes,6,Yes,Yes
TXN002043,246601,Kakamega,Kakamega,2,Send Money,26,2,No,No,6,Yes,No
TXN002044,462855,Machakos,Nakuru,1,Till,82,19,No,Yes,6,Yes,Yes
TXN002045,311248,Mombasa,Kisumu,16,Paybill,60,24,Yes,Yes,5,No,Yes
TXN002046,242623,Mombasa,Machakos,19,Till,53,22,Yes,No,4,Yes,Yes
TXN002047,480384,Uasin Gishu,Uasin Gishu,7,Till,68,20,No,No,5,No,No
TXN002048,173278,Mombasa,Kiambu,19,Send Money,97,9,No,Yes,4,No,Yes
TXN002049,207417,Meru,Kakamega,9,Paybill,73,30,Yes,Yes,4,No,Yes
TXN002050,301473,Kisumu,Nakuru,1,Till,113,9,No,No,0,Yes,No
TXN002051,262458,Mombasa,Nakuru,5,Send Money,54,5,No,Yes,8,No,Yes
TXN002052,4231,Mombasa,Kakamega,1,Withdraw,115,25,No,Yes,0,Yes,No
TXN002053,171399,Machakos,Machakos,15,Paybill,39,29,No,Yes,4,No,Yes
TXN002054,450488,Kiambu,Kiambu,18,Withdraw,100,5,Yes,Yes,0,Yes,Yes
TXN002055,444780,Nairobi,Kisumu,23,Till,39,13,Yes,Yes,3,Yes,Yes
TXN002056,55958,Uasin Gishu,Machakos,16,Withdraw,18,25,Yes,Yes,7,No,Yes
TXN002057,99829,Mombasa,Meru,19,Paybill,43,19,No,No,0,No,No
TXN002058,495178,Machakos,Uasin Gishu,12,Paybill,9,9,No,No,3,No,No
TXN002059,44426,Kisumu,Nakuru,13,Paybill,10,8,No,Yes,3,No,No
TXN002060,489099,Kiambu,Kakamega,9,Paybill,86,24,Yes,Yes,3,Yes,Yes
TXN002061,139050,Kakamega,Meru,13,Withdraw,53,7,Yes,Yes,4,Yes,Yes
TXN002062,409744,Kisumu,Meru,8,Withdraw,106,18,Yes,Yes,8,No,Yes
TXN002063,394976,Kiambu,Mombasa,14,Till,75,2,Yes,Yes,7,No,Yes
TXN002064,98785,Nakuru,Nyeri,11,Send Money,5,10,Yes,No,0,Yes,No
TXN002065,85702,Kisumu,Kakamega,10,Paybill,21,27,No,No,6,No,No
TXN002066,104367,Nairobi,Kisumu,10,Withdraw,26,5,Yes,Yes,0,Yes,Yes
TXN002067,300790,Nakuru,Nakuru,8,Withdraw,14,7,Yes,Yes,3,Yes,Yes
TXN002068,245650,Nairobi,Kakamega,13,Paybill,57,3,Yes,No,7,No,Yes
TXN002069,406848,Kisumu,Kiambu,20,Till,62,20,No,No,3,Yes,No
TXN002070,110469,Kakamega,Kisumu,7,Send Money,8,3,Yes,Yes,8,No,Yes
TXN002071,113707,Kakamega,Mombasa,18,Send Money,35,23,Yes,Yes,2,No,Yes
TXN002072,47690,Nairobi,Machakos,1,Withdraw,59,23,Yes,Yes,2,No,Yes
TXN002073,426990,Mombasa,Kakamega,20,Withdraw,113,24,No,No,8,No,No
TXN002074,168406,Nairobi,Uasin Gishu,11,Paybill,106,9,No,Yes,2,No,No
TXN002075,281499,Machakos,Nyeri,2,Paybill,112,30,No,Yes,7,Yes,Yes
TXN002076,81603,Nyeri,Kiambu,22,Till,41,20,Yes,No,6,No,Yes
TXN002077,479699,Nakuru,Kakamega,18,Send Money,65,24,Yes,Yes,7,Yes,Yes
TXN002078,416559,Mombasa,Nyeri,14,Send Money,24,4,Yes,Yes,1,Yes,Yes
TXN002079,123627,Nairobi,Kakamega,9,Send Money,90,12,No,Yes,1,No,No
TXN002080,418399,Meru,Meru,19,Till,81,30,Yes,Yes,5,Yes,Yes
TXN002081,364139,Kisumu,Kisumu,4,Withdraw,46,6,No,Yes,7,Yes,Yes
TXN002082,495683,Kisumu,Kisumu,0,Till,50,24,No,Yes,3,No,Yes
TXN002083,449446,Uasin Gishu,Machakos,21,Till,38,5,Yes,Yes,6,Yes,Yes
TXN002084,309958,Nyeri,Nakuru,6,Till,113,21,No,Yes,3,Yes,Yes
TXN002085,154414,Nyeri,Meru,18,Till,39,15,Yes,No,8,No,Yes
TXN002086,6207,Meru,Uasin Gishu,16,Till,35,15,Yes,Yes,0,No,Yes
TXN002087,37469,Kiambu,Meru,22,Paybill,79,25,No,Yes,7,No,Yes
TXN002088,208329,Nakuru,Kiambu,5,Withdraw,55,21,Yes,Yes,5,No,Yes
TXN002089,483067,Meru,Kisumu,0,Withdraw,64,16,No,Yes,2,No,No
TXN002090,42283,Nairobi,Machakos,18,Paybill,114,13,No,Yes,2,Yes,No
TXN002091,79169,Nakuru,Nairobi,4,Till,76,10,Yes,Yes,5,No,Yes
TXN002092,165622,Kakamega,Kisumu,20,Withdraw,97,22,No,Yes,6,Yes,Yes
TXN002093,90416,Uasin Gishu,Mombasa,10,Till,106,20,No,Yes,0,No,No
TXN002094,326944,Mombasa,Nakuru,20,Send Money,66,1,No,Yes,3,Yes,Yes
TXN002095,22913,Kisumu,Kisumu,3,Paybill,35,19,Yes,Yes,1,Yes,Yes
TXN002096,410101,Uasin Gishu,Nyeri,13,Withdraw,10,12,No,Yes,5,Yes,Yes
TXN002097,210532,Kiambu,Nyeri,17,Send Money,39,29,Yes,Yes,1,No,Yes
TXN002098,204240,Kisumu,Meru,16,Withdraw,40,10,Yes,Yes,0,No,Yes
TXN002099,231913,Uasin Gishu,Uasin Gishu,9,Withdraw,82,17,No,Yes,5,No,Yes
TXN002100,392707,Kiambu,Kisumu,3,Paybill,40,25,Yes,No,2,Yes,No
TXN002101,374842,Kisumu,Nairobi,9,Send Money,120,14,Yes,Yes,1,Yes,Yes
TXN002102,23890,Kakamega,Nyeri,18,Send Money,37,6,No,Yes,1,No,No
TXN002103,47260,Meru,Nyeri,3,Paybill,61,28,No,Yes,6,No,Yes
TXN002104,269370,Uasin Gishu,Uasin Gishu,13,Send Money,90,7,Yes,Yes,0,Yes,Yes
TXN002105,386712,Machakos,Nakuru,23,Paybill,89,24,Yes,Yes,0,Yes,Yes
TXN002106,282767,Machakos,Nairobi,10,Paybill,44,7,No,Yes,1,Yes,No
TXN002107,141687,Uasin Gishu,Meru,5,Send Money,32,29,Yes,Yes,5,Yes,Yes
TXN002108,31319,Nakuru,Nakuru,5,Paybill,58,13,No,Yes,7,No,Yes
TXN002109,462479,Uasin Gishu,Mombasa,16,Till,112,17,No,Yes,3,No,Yes
TXN002110,332972,Mombasa,Nakuru,13,Till,15,29,No,Yes,6,No,Yes
TXN002111,407406,Nakuru,Nakuru,22,Paybill,14,1,Yes,Yes,2,Yes,Yes
TXN002112,52032,Meru,Mombasa,16,Withdraw,87,18,Yes,No,2,No,No
TXN002113,170635,Uasin Gishu,Mombasa,20,Send Money,91,25,Yes,No,7,No,Yes
TXN002114,221557,Kiambu,Nakuru,2,Paybill,97,21,No,Yes,0,Yes,No
TXN002115,244939,Machakos,Meru,13,Paybill,78,15,No,Yes,7,Yes,Yes
TXN002116,283699,Kisumu,Uasin Gishu,12,Till,89,10,No,No,2,Yes,No
TXN002117,364918,Kisumu,Machakos,14,Paybill,106,13,No,Yes,5,Yes,Yes
TXN002118,161555,Meru,Kiambu,21,Withdraw,79,17,Yes,No,5,Yes,Yes
TXN002119,329446,Kakamega,Kiambu,20,Withdraw,82,1,No,No,2,Yes,No
TXN002120,74876,Kakamega,Meru,19,Withdraw,98,20,No,No,4,Yes,No
TXN002121,254031,Kiambu,Nyeri,11,Till,3,18,Yes,No,4,No,Yes
TXN002122,212715,Kakamega,Nakuru,9,Withdraw,36,3,Yes,No,1,No,No
TXN002123,272148,Uasin Gishu,Kiambu,18,Send Money,81,11,Yes,No,8,Yes,Yes
TXN002124,139102,Nairobi,Machakos,5,Send Money,38,11,Yes,Yes,8,No,Yes
TXN002125,438194,Nairobi,Uasin Gishu,12,Till,114,2,Yes,No,2,No,No
TXN002126,289916,Kiambu,Nyeri,8,Till,78,29,Yes,Yes,8,Yes,Yes
TXN002127,272723,Nairobi,Machakos,15,Till,14,25,Yes,Yes,8,Yes,Yes
TXN002128,349622,Nyeri,Machakos,13,Paybill,105,18,Yes,No,4,Yes,Yes
TXN002129,7688,Nairobi,Nakuru,1,Till,20,30,No,No,0,Yes,No
TXN002130,377644,Nairobi,Machakos,12,Till,50,25,No,Yes,5,Yes,Yes
TXN002131,50953,Uasin Gishu,Kakamega,18,Send Money,72,9,Yes,No,8,No,No
TXN002132,263585,Kisumu,Uasin Gishu,20,Send Money,98,16,Yes,Yes,8,No,Yes
TXN002133,16423,Nairobi,Nakuru,8,Till,15,21,Yes,No,5,Yes,Yes
TXN002134,158917,Machakos,Uasin Gishu,17,Withdraw,33,5,Yes,No,7,No,Yes
TXN002135,429179,Kisumu,Kisumu,3,Till,118,12,Yes,No,0,No,No
TXN002136,477236,Uasin Gishu,Kisumu,5,Paybill,45,20,No,No,2,No,No
TXN002137,65525,Kakamega,Nairobi,8,Withdraw,78,1,No,Yes,3,No,No
TXN002138,161165,Machakos,Machakos,19,Paybill,62,29,No,No,8,No,No
TXN002139,315032,Machakos,Nairobi,15,Send Money,56,11,Yes,Yes,3,Yes,Yes
TXN002140,71971,Meru,Nairobi,0,Paybill,37,11,No,Yes,1,Yes,No
TXN002141,206822,Nakuru,Kisumu,20,Withdraw,17,22,Yes,Yes,1,No,Yes
TXN002142,259390,Machakos,Nyeri,10,Paybill,21,14,No,Yes,5,No,Yes
TXN002143,94917,Machakos,Mombasa,12,Send Money,75,22,No,Yes,5,Yes,Yes
TXN002144,263429,Nairobi,Machakos,1,Send Money,42,16,No,Yes,7,Yes,Yes
TXN002145,190509,Kiambu,Kiambu,15,Paybill,40,20,Yes,No,7,No,Yes
TXN002146,400965,Kakamega,Nyeri,23,Till,47,21,Yes,No,2,No,No
TXN002147,58841,Meru,Kakamega,6,Till,107,26,No,Yes,5,No,Yes
TXN002148,151771,Kakamega,Nyeri,17,Send Money,109,29,Yes,Yes,5,Yes,Yes
TXN002149,116570,Nakuru,Nakuru,20,Paybill,25,4,Yes,No,1,Yes,No
TXN002150,223985,Machakos,Kisumu,15,Withdraw,120,2,No,Yes,8,Yes,Yes
TXN002151,102967,Machakos,Kisumu,3,Withdraw,2,10,No,Yes,5,Yes,Yes
TXN002152,362600,Kakamega,Nyeri,1,Send Money,40,14,No,Yes,5,Yes,Yes
TXN002153,268424,Nakuru,Kiambu,8,Withdraw,73,28,Yes,No,6,No,Yes
TXN002154,260392,Meru,Uasin Gishu,18,Send Money,12,24,No,No,6,Yes,No
TXN002155,162784,Uasin Gishu,Kiambu,10,Send Money,29,7,No,Yes,4,No,Yes
TXN002156,319651,Nyeri,Meru,17,Till,76,19,Yes,Yes,1,Yes,Yes
TXN002157,251546,Mombasa,Mombasa,17,Withdraw,30,19,Yes,Yes,5,Yes,Yes
TXN002158,347952,Kiambu,Nyeri,16,Till,67,10,No,Yes,4,No,Yes
TXN002159,324717,Nyeri,Machakos,15,Till,97,29,No,No,7,Yes,No
TXN002160,333030,Meru,Nairobi,5,Paybill,91,19,No,Yes,8,Yes,Yes
TXN002161,37514,Nyeri,Nyeri,6,Withdraw,57,24,No,Yes,2,No,No
TXN002162,471234,Kiambu,Machakos,3,Till,11,15,Yes,No,8,No,Yes
TXN002163,416756,Nyeri,Mombasa,2,Paybill,119,7,No,No,2,No,No
TXN002164,380745,Uasin Gishu,Nyeri,3,Send Money,28,21,Yes,Yes,8,No,Yes
TXN002165,303152,Meru,Nairobi,0,Paybill,32,20,No,Yes,4,No,Yes
TXN002166,436988,Kisumu,Nyeri,13,Withdraw,14,15,No,Yes,5,No,Yes
TXN002167,306863,Kakamega,Nairobi,21,Till,27,8,No,Yes,5,Yes,Yes
TXN002168,102369,Meru,Nakuru,18,Send Money,17,22,No,Yes,1,Yes,No
TXN002169,5521,Machakos,Machakos,3,Paybill,32,28,Yes,No,4,Yes,Yes
TXN002170,379376,Nyeri,Mombasa,1,Till,55,2,Yes,No,8,Yes,Yes
TXN002171,171880,Nakuru,Uasin Gishu,2,Till,8,29,Yes,No,3,No,Yes
TXN002172,489035,Kisumu,Kakamega,2,Paybill,90,26,No,Yes,6,No,Yes
TXN002173,361917,Nakuru,Meru,1,Send Money,45,17,No,Yes,3,No,Yes
TXN002174,328585,Kiambu,Kakamega,21,Paybill,43,18,No,No,1,No,No
TXN002175,45111,Meru,Kisumu,11,Till,84,11,No,No,3,No,No
TXN002176,414160,Uasin Gishu,Meru,1,Paybill,113,4,Yes,No,4,Yes,Yes
TXN002177,439570,Kakamega,Nairobi,5,Withdraw,66,30,Yes,No,7,Yes,Yes
TXN002178,401502,Kiambu,Kisumu,16,Send Money,84,13,No,Yes,5,Yes,Yes
TXN002179,198079,Nairobi,Mombasa,19,Withdraw,104,9,No,Yes,6,Yes,Yes
TXN002180,497489,Uasin Gishu,Kiambu,1,Till,42,21,Yes,No,8,No,Yes
TXN002181,65292,Nairobi,Kiambu,4,Withdraw,5,7,Yes,Yes,7,Yes,Yes
TXN002182,220092,Kiambu,Kakamega,3,Paybill,27,14,Yes,Yes,4,No,Yes
TXN002183,310416,Uasin Gishu,Kakamega,12,Till,41,26,Yes,Yes,6,Yes,Yes
TXN002184,364520,Meru,Nyeri,14,Till,97,28,Yes,Yes,2,No,Yes
TXN002185,456793,Nyeri,Kakamega,4,Withdraw,41,25,No,Yes,3,No,Yes
TXN002186,64687,Mombasa,Uasin Gishu,8,Send Money,59,9,Yes,Yes,6,Yes,Yes
TXN002187,106530,Kakamega,Machakos,16,Paybill,40,7,Yes,No,3,No,Yes
TXN002188,383985,Nairobi,Kiambu,3,Paybill,30,7,No,No,7,No,No
TXN002189,376205,Nyeri,Uasin Gishu,0,Paybill,2,20,Yes,Yes,5,Yes,Yes
TXN002190,285761,Nairobi,Kiambu,2,Paybill,17,13,Yes,No,4,Yes,Yes
TXN002191,452173,Kakamega,Kisumu,0,Till,112,8,Yes,Yes,5,No,Yes
TXN002192,397440,Mombasa,Meru,6,Paybill,36,3,Yes,Yes,7,No,Yes
TXN002193,141986,Meru,Kiambu,3,Paybill,48,25,Yes,Yes,0,No,Yes
TXN002194,75651,Kisumu,Uasin Gishu,8,Withdraw,97,9,No,Yes,8,No,No
TXN002195,107364,Kisumu,Kisumu,9,Send Money,24,6,No,Yes,7,No,Yes
TXN002196,138994,Mombasa,Nyeri,19,Send Money,107,29,Yes,Yes,6,Yes,Yes
TXN002197,18633,Nakuru,Nairobi,15,Send Money,25,10,No,No,1,No,No
TXN002198,78331,Nairobi,Nairobi,19,Till,70,13,No,Yes,0,Yes,No
TXN002199,408697,Meru,Machakos,6,Withdraw,102,8,No,No,2,Yes,No
TXN002200,285106,Meru,Machakos,0,Send Money,75,1,Yes,No,7,No,Yes
TXN002201,50266,Kakamega,Nakuru,19,Withdraw,64,8,Yes,No,0,Yes,No
TXN002202,46960,Mombasa,Mombasa,6,Withdraw,25,25,Yes,No,2,Yes,No
TXN002203,296991,Kisumu,Kisumu,3,Send Money,6,24,No,Yes,6,No,Yes
TXN002204,421716,Kakamega,Mombasa,18,Paybill,106,9,No,No,6,Yes,No
TXN002205,286918,Kiambu,Nakuru,13,Send Money,104,3,No,Yes,7,No,Yes
TXN002206,75914,Machakos,Kisumu,2,Withdraw,106,8,No,No,2,Yes,No
TXN002207,8122,Kisumu,Nairobi,18,Till,19,11,Yes,Yes,4,Yes,Yes
TXN002208,160005,Meru,Nairobi,6,Paybill,95,27,No,No,2,No,No
TXN002209,220600,Kisumu,Kakamega,13,Send Money,83,21,No,No,1,Yes,No
TXN002210,341647,Machakos,Machakos,18,Till,60,20,No,Yes,2,No,No
TXN002211,58742,Machakos,Nyeri,18,Send Money,49,2,Yes,Yes,1,Yes,No
TXN002212,89561,Kiambu,Kakamega,17,Withdraw,104,14,No,No,8,No,No
TXN002213,414847,Uasin Gishu,Nairobi,0,Till,113,30,No,Yes,3,No,Yes
TXN002214,163607,Meru,Mombasa,18,Send Money,59,9,Yes,Yes,7,Yes,Yes
TXN002215,257315,Nairobi,Nairobi,12,Paybill,38,20,Yes,Yes,6,No,Yes
TXN002216,206115,Kiambu,Nyeri,8,Withdraw,78,24,Yes,Yes,5,Yes,Yes
TXN002217,141827,Machakos,Kiambu,13,Paybill,58,2,Yes,Yes,3,No,Yes
TXN002218,77662,Nakuru,Kakamega,21,Paybill,92,28,Yes,Yes,1,Yes,Yes
TXN002219,454198,Nairobi,Nairobi,0,Send Money,2,12,No,Yes,3,Yes,Yes
TXN002220,287644,Nakuru,Meru,3,Send Money,67,13,Yes,No,6,No,Yes
TXN002221,1810,Uasin Gishu,Nairobi,0,Send Money,67,17,Yes,Yes,4,Yes,Yes
TXN002222,201629,Nakuru,Kakamega,23,Withdraw,73,25,Yes,Yes,2,No,Yes
TXN002223,388029,Kiambu,Nyeri,2,Withdraw,92,20,Yes,No,0,No,No
TXN002224,251723,Meru,Meru,16,Till,34,13,Yes,Yes,0,Yes,Yes
TXN002225,358818,Kakamega,Mombasa,3,Send Money,29,8,No,Yes,1,Yes,No
TXN002226,166952,Meru,Kiambu,4,Send Money,12,22,No,No,5,Yes,No
TXN002227,99199,Machakos,Nakuru,8,Withdraw,82,9,Yes,Yes,5,Yes,Yes
TXN002228,215593,Meru,Kiambu,12,Withdraw,4,15,No,No,4,No,No
TXN002229,231584,Kiambu,Nairobi,4,Send Money,19,23,Yes,Yes,0,Yes,Yes
TXN002230,361136,Meru,Kiambu,0,Paybill,65,5,Yes,Yes,8,No,Yes
TXN002231,467024,Kakamega,Kiambu,22,Till,51,5,Yes,No,8,Yes,Yes
TXN002232,474443,Kiambu,Kisumu,7,Till,18,15,Yes,No,3,No,Yes
TXN002233,238304,Nyeri,Kisumu,17,Till,3,1,No,Yes,2,Yes,No
TXN002234,56244,Machakos,Meru,0,Till,71,4,No,Yes,2,No,No
TXN002235,348994,Kakamega,Meru,5,Paybill,111,29,No,Yes,0,Yes,No
TXN002236,29085,Kisumu,Nyeri,7,Paybill,34,14,No,Yes,0,Yes,No
TXN002237,240321,Meru,Uasin Gishu,2,Till,12,1,Yes,Yes,3,Yes,Yes
TXN002238,47011,Uasin Gishu,Uasin Gishu,10,Paybill,17,1,No,No,0,No,No
TXN002239,427290,Kiambu,Kisumu,4,Withdraw,99,29,No,No,6,Yes,No
TXN002240,219706,Meru,Mombasa,10,Paybill,29,28,No,No,0,Yes,No
TXN002241,3638,Kiambu,Nakuru,11,Withdraw,47,16,Yes,No,7,Yes,Yes
TXN002242,43604,Kisumu,Kakamega,21,Paybill,63,14,Yes,Yes,5,Yes,Yes
TXN002243,206745,Uasin Gishu,Kisumu,4,Till,58,1,No,No,6,No,No
TXN002244,40204,Nyeri,Kiambu,19,Till,119,20,No,No,8,No,No
TXN002245,248198,Machakos,Nairobi,1,Withdraw,60,27,Yes,Yes,0,Yes,Yes
TXN002246,489026,Kisumu,Nakuru,10,Till,14,26,No,No,4,Yes,No
TXN002247,425611,Nyeri,Kisumu,3,Paybill,27,10,Yes,No,6,No,Yes
TXN002248,45600,Machakos,Kiambu,18,Paybill,44,26,No,No,5,Yes,No
TXN002249,9063,Mombasa,Meru,15,Paybill,52,22,No,No,1,Yes,No
TXN002250,286679,Uasin Gishu,Nakuru,9,Paybill,71,3,Yes,No,3,Yes,Yes
TXN002251,176925,Meru,Uasin Gishu,17,Send Money,87,19,No,Yes,1,No,No
TXN002252,212466,Nairobi,Kisumu,2,Paybill,52,9,Yes,No,1,Yes,No
TXN002253,427437,Kisumu,Nakuru,0,Send Money,113,12,No,Yes,4,Yes,Yes
TXN002254,371368,Kakamega,Kisumu,3,Withdraw,52,2,No,No,0,Yes,No
TXN002255,27769,Meru,Kakamega,17,Send Money,8,7,Yes,Yes,3,Yes,Yes
TXN002256,42088,Kiambu,Kakamega,3,Paybill,12,26,No,Yes,0,Yes,No
TXN002257,56116,Nairobi,Mombasa,20,Withdraw,97,23,No,Yes,7,No,Yes
TXN002258,463576,Mombasa,Meru,20,Till,119,5,No,Yes,8,No,Yes
TXN002259,443283,Mombasa,Nakuru,14,Till,82,15,No,No,0,Yes,No
TXN002260,117205,Kisumu,Nyeri,16,Withdraw,44,17,Yes,Yes,0,No,Yes
TXN002261,274035,Nakuru,Kakamega,3,Withdraw,96,1,No,Yes,7,Yes,Yes
TXN002262,55511,Nakuru,Meru,18,Withdraw,55,1,Yes,No,2,Yes,No
TXN002263,131811,Nakuru,Nairobi,14,Withdraw,62,16,Yes,Yes,7,No,Yes
TXN002264,293472,Nyeri,Machakos,11,Withdraw,111,4,Yes,Yes,4,Yes,Yes
TXN002265,454676,Nakuru,Kisumu,6,Withdraw,65,2,Yes,Yes,4,No,Yes
TXN002266,97684,Meru,Uasin Gishu,17,Till,21,27,Yes,No,0,No,No
TXN002267,444077,Kakamega,Machakos,2,Withdraw,59,9,No,No,0,No,No
TXN002268,324974,Machakos,Nairobi,23,Send Money,89,4,Yes,No,2,Yes,No
TXN002269,439785,Nairobi,Kakamega,0,Paybill,53,29,No,Yes,6,Yes,Yes
TXN002270,103662,Mombasa,Meru,17,Paybill,47,2,No,Yes,4,Yes,Yes
TXN002271,303029,Nairobi,Kiambu,3,Withdraw,18,10,No,Yes,3,Yes,Yes
TXN002272,314982,Nairobi,Kisumu,3,Till,104,26,Yes,Yes,5,Yes,Yes
TXN002273,477986,Kiambu,Uasin Gishu,22,Paybill,10,13,No,No,8,No,No
TXN002274,121206,Mombasa,Nairobi,10,Send Money,86,28,No,Yes,4,Yes,Yes
TXN002275,430063,Kisumu,Kakamega,16,Withdraw,16,29,No,No,6,No,No
TXN002276,448590,Machakos,Mombasa,4,Send Money,16,11,No,Yes,8,No,Yes
TXN002277,474967,Nakuru,Meru,11,Withdraw,58,30,No,No,1,Yes,No
TXN002278,265701,Nairobi,Meru,14,Paybill,13,11,No,No,2,No,No
TXN002279,119106,Uasin Gishu,Machakos,8,Withdraw,94,13,Yes,Yes,4,No,Yes
TXN002280,405410,Kakamega,Mombasa,0,Withdraw,60,15,Yes,Yes,5,Yes,Yes
TXN002281,106781,Kiambu,Kakamega,17,Paybill,8,27,No,Yes,5,No,Yes
TXN002282,252313,Machakos,Kiambu,7,Send Money,86,24,Yes,Yes,1,No,Yes
TXN002283,407063,Nyeri,Machakos,22,Withdraw,24,29,No,No,1,No,No
TXN002284,352224,Kiambu,Uasin Gishu,21,Withdraw,24,13,Yes,Yes,2,No,Yes
TXN002285,77382,Uasin Gishu,Uasin Gishu,8,Paybill,115,15,Yes,No,0,No,No
TXN002286,5442,Mombasa,Nakuru,10,Paybill,58,21,No,Yes,2,No,No
TXN002287,381012,Machakos,Meru,4,Paybill,71,30,No,No,6,Yes,No
TXN002288,468300,Kiambu,Nyeri,16,Withdraw,68,14,No,Yes,6,Yes,Yes
TXN002289,310072,Nakuru,Kiambu,0,Till,87,8,Yes,Yes,5,No,Yes
TXN002290,413297,Mombasa,Machakos,19,Withdraw,4,22,Yes,No,3,No,Yes
TXN002291,225003,Uasin Gishu,Kakamega,1,Withdraw,33,25,Yes,No,3,No,Yes
TXN002292,262294,Kiambu,Kisumu,13,Send Money,77,29,No,No,5,No,No
TXN002293,307647,Kisumu,Kisumu,15,Paybill,91,28,Yes,Yes,8,No,Yes
TXN002294,451101,Nairobi,Kisumu,5,Paybill,52,24,Yes,No,3,Yes,Yes
TXN002295,252833,Uasin Gishu,Meru,3,Withdraw,14,4,Yes,No,5,No,Yes
TXN002296,55943,Mombasa,Kiambu,8,Withdraw,55,6,Yes,No,2,No,No
TXN002297,302629,Uasin Gishu,Meru,0,Paybill,71,8,Yes,No,2,Yes,No
TXN002298,306503,Uasin Gishu,Meru,17,Send Money,110,26,Yes,Yes,0,Yes,Yes
TXN002299,50200,Mombasa,Nairobi,13,Send Money,114,9,Yes,No,4,No,No
TXN002300,455316,Uasin Gishu,Nakuru,14,Send Money,10,15,No,Yes,3,Yes,Yes
TXN002301,465708,Nakuru,Kisumu,13,Withdraw,44,22,Yes,Yes,4,Yes,Yes
TXN002302,96277,Kakamega,Kisumu,18,Till,33,30,No,No,3,Yes,No
TXN002303,410315,Meru,Nairobi,23,Withdraw,57,14,Yes,Yes,8,Yes,Yes
TXN002304,396533,Meru,Meru,17,Till,119,11,No,Yes,2,No,No
TXN002305,57053,Kisumu,Kakamega,5,Send Money,90,20,Yes,Yes,2,No,Yes
TXN002306,83970,Nairobi,Kiambu,18,Withdraw,115,19,Yes,No,3,No,Yes
TXN002307,31244,Machakos,Kisumu,14,Paybill,17,27,No,No,7,No,No
TXN002308,289962,Meru,Meru,11,Send Money,83,10,No,Yes,7,No,Yes
TXN002309,237365,Kakamega,Machakos,13,Send Money,93,1,No,No,0,No,No
TXN002310,88993,Kisumu,Kisumu,2,Till,6,18,Yes,Yes,2,Yes,Yes
TXN002311,407227,Nyeri,Meru,1,Paybill,106,10,Yes,Yes,4,No,Yes
TXN002312,90936,Kisumu,Nairobi,5,Paybill,116,6,No,Yes,3,Yes,No
TXN002313,187493,Nairobi,Mombasa,19,Paybill,9,2,Yes,No,5,No,Yes
TXN002314,177073,Nakuru,Meru,6,Paybill,37,11,Yes,Yes,6,No,Yes
TXN002315,101105,Meru,Uasin Gishu,4,Send Money,113,6,No,Yes,6,Yes,Yes
TXN002316,425690,Kiambu,Kiambu,2,Paybill,69,1,No,Yes,1,Yes,No
TXN002317,461268,Meru,Meru,19,Paybill,75,2,No,No,6,No,No
TXN002318,498846,Nakuru,Mombasa,15,Withdraw,8,4,Yes,Yes,7,No,Yes
TXN002319,162049,Uasin Gishu,Kisumu,19,Till,76,12,No,Yes,1,Yes,No
TXN002320,336075,Meru,Kisumu,5,Withdraw,12,19,Yes,No,5,Yes,Yes
TXN002321,234059,Nakuru,Uasin Gishu,4,Withdraw,10,23,Yes,Yes,7,No,Yes
TXN002322,448300,Kiambu,Uasin Gishu,3,Paybill,36,16,No,Yes,8,No,Yes
TXN002323,367690,Nairobi,Nairobi,18,Paybill,4,29,No,Yes,7,Yes,Yes
TXN002324,345998,Nairobi,Nakuru,5,Send Money,95,29,No,No,2,No,No
TXN002325,32972,Machakos,Mombasa,8,Paybill,46,23,Yes,No,5,Yes,Yes
TXN002326,377430,Nairobi,Nyeri,14,Withdraw,99,5,Yes,Yes,4,Yes,Yes
TXN002327,480992,Machakos,Kiambu,4,Paybill,76,15,Yes,No,7,Yes,Yes
TXN002328,49031,Meru,Kisumu,23,Send Money,65,18,Yes,No,5,Yes,Yes
TXN002329,158652,Kakamega,Uasin Gishu,18,Paybill,99,18,No,No,0,No,No
TXN002330,109610,Machakos,Meru,1,Paybill,113,8,Yes,No,5,Yes,Yes
TXN002331,178461,Nyeri,Machakos,20,Till,60,23,No,No,4,Yes,No
TXN002332,385527,Kakamega,Kisumu,12,Paybill,68,17,Yes,Yes,5,No,Yes
TXN002333,9481,Meru,Kisumu,11,Till,95,17,No,No,7,Yes,No
TXN002334,484480,Kisumu,Nyeri,5,Paybill,28,28,No,No,1,No,No
TXN002335,96291,Machakos,Uasin Gishu,5,Till,112,12,Yes,Yes,8,Yes,Yes
TXN002336,234523,Nairobi,Mombasa,5,Paybill,23,18,No,Yes,4,Yes,Yes
TXN002337,128859,Nairobi,Meru,22,Withdraw,119,9,Yes,No,2,Yes,No
TXN002338,206839,Uasin Gishu,Nairobi,8,Till,22,27,No,Yes,2,No,No
TXN002339,434176,Mombasa,Kakamega,9,Send Money,108,2,No,No,3,Yes,No
TXN002340,9887,Nakuru,Machakos,6,Paybill,92,8,Yes,Yes,1,Yes,No
TXN002341,70550,Uasin Gishu,Nairobi,22,Send Money,21,10,No,Yes,1,Yes,No
TXN002342,220183,Machakos,Uasin Gishu,8,Withdraw,3,30,Yes,No,7,Yes,Yes
TXN002343,58192,Kisumu,Uasin Gishu,9,Paybill,119,22,No,Yes,7,No,Yes
TXN002344,371618,Nakuru,Kakamega,5,Paybill,68,23,No,Yes,0,No,No
TXN002345,142329,Mombasa,Nakuru,6,Withdraw,55,3,No,No,2,Yes,No
TXN002346,60168,Kiambu,Kisumu,6,Send Money,2,21,No,No,1,No,No
TXN002347,204044,Kisumu,Kakamega,15,Withdraw,45,9,No,Yes,3,No,Yes
TXN002348,274440,Kiambu,Meru,9,Paybill,47,16,No,Yes,6,Yes,Yes
TXN002349,327035,Machakos,Machakos,3,Withdraw,6,27,No,No,1,No,No
TXN002350,10416,Kisumu,Nairobi,5,Till,12,27,No,Yes,2,No,No
TXN002351,293841,Kakamega,Kisumu,7,Till,29,15,No,No,4,Yes,No
TXN002352,181113,Meru,Kiambu,14,Send Money,55,25,No,Yes,8,No,Yes
TXN002353,86823,Kisumu,Uasin Gishu,17,Send Money,46,28,No,No,3,No,No
TXN002354,147308,Kiambu,Mombasa,20,Send Money,89,15,Yes,Yes,8,No,Yes
TXN002355,1734,Kiambu,Kisumu,2,Withdraw,77,11,Yes,No,5,No,Yes
TXN002356,380742,Kakamega,Nyeri,2,Till,36,8,No,Yes,0,Yes,No
TXN002357,352351,Kiambu,Nakuru,14,Till,55,2,No,No,6,Yes,No
TXN002358,144652,Nyeri,Kakamega,20,Till,28,15,Yes,No,6,Yes,Yes
TXN002359,460621,Nakuru,Uasin Gishu,17,Send Money,54,9,No,No,2,No,No
TXN002360,192853,Nairobi,Kisumu,14,Withdraw,85,10,Yes,No,8,Yes,Yes
TXN002361,484755,Machakos,Nairobi,22,Withdraw,90,6,Yes,Yes,8,No,Yes
TXN002362,340738,Machakos,Uasin Gishu,13,Send Money,108,27,No,Yes,4,Yes,Yes
TXN002363,176976,Uasin Gishu,Meru,16,Paybill,116,2,Yes,Yes,7,No,Yes
TXN002364,110818,Uasin Gishu,Kakamega,22,Send Money,4,13,No,No,3,Yes,No
TXN002365,287356,Kakamega,Meru,20,Till,120,5,Yes,Yes,6,No,Yes
TXN002366,406950,Machakos,Nakuru,16,Till,11,20,Yes,No,8,No,Yes
TXN002367,354601,Meru,Uasin Gishu,6,Till,77,26,Yes,No,7,Yes,Yes
TXN002368,356428,Machakos,Nairobi,21,Till,105,6,No,No,0,No,No
TXN002369,299419,Nyeri,Uasin Gishu,22,Send Money,18,5,Yes,No,0,No,No
TXN002370,285821,Nakuru,Kisumu,1,Send Money,111,13,No,Yes,6,No,Yes
TXN002371,210928,Nyeri,Meru,2,Paybill,98,6,Yes,No,3,Yes,Yes
TXN002372,257233,Nakuru,Kakamega,2,Withdraw,16,18,Yes,No,5,Yes,Yes
TXN002373,386732,Kisumu,Uasin Gishu,18,Till,118,30,Yes,No,4,No,Yes
TXN002374,82748,Kiambu,Meru,22,Send Money,4,7,Yes,Yes,3,No,Yes
TXN002375,59270,Meru,Kisumu,2,Till,37,12,No,No,0,No,No
TXN002376,429717,Meru,Nyeri,5,Till,69,15,Yes,Yes,5,No,Yes
TXN002377,121684,Mombasa,Kakamega,23,Send Money,72,30,No,Yes,0,Yes,No
TXN002378,217254,Nakuru,Mombasa,10,Send Money,61,17,Yes,No,6,No,Yes
TXN002379,54028,Machakos,Nairobi,6,Withdraw,49,21,No,Yes,8,Yes,Yes
TXN002380,406221,Kiambu,Nairobi,14,Send Money,6,4,No,Yes,2,No,No
TXN002381,106788,Uasin Gishu,Kisumu,16,Paybill,4,17,Yes,Yes,7,Yes,Yes
TXN002382,314957,Nairobi,Nairobi,14,Paybill,54,18,Yes,No,4,No,Yes
TXN002383,270760,Mombasa,Mombasa,13,Send Money,65,22,No,Yes,7,No,Yes
TXN002384,221814,Kakamega,Uasin Gishu,12,Paybill,120,19,Yes,No,1,Yes,No
TXN002385,8205,Kakamega,Nairobi,20,Paybill,72,2,Yes,Yes,3,Yes,Yes
TXN002386,483878,Machakos,Meru,12,Paybill,54,7,No,No,4,Yes,No
TXN002387,336603,Nairobi,Kiambu,21,Paybill,33,11,No,Yes,1,Yes,No
TXN002388,156422,Meru,Mombasa,4,Paybill,21,22,No,Yes,6,Yes,Yes
TXN002389,240451,Meru,Kakamega,12,Send Money,47,8,Yes,Yes,8,No,Yes
TXN002390,131082,Nakuru,Uasin Gishu,10,Paybill,79,13,No,Yes,2,No,No
TXN002391,442791,Nakuru,Uasin Gishu,8,Send Money,98,29,No,Yes,5,No,Yes
TXN002392,367005,Nakuru,Uasin Gishu,22,Till,69,27,No,No,4,Yes,No
TXN002393,440661,Kakamega,Nakuru,16,Till,113,29,Yes,Yes,5,No,Yes
TXN002394,144986,Nakuru,Uasin Gishu,1,Withdraw,92,13,No,Yes,3,Yes,Yes
TXN002395,211459,Machakos,Meru,9,Withdraw,104,15,No,No,1,Yes,No
TXN002396,477870,Kisumu,Meru,16,Withdraw,110,29,Yes,Yes,0,No,Yes
TXN002397,96791,Uasin Gishu,Mombasa,14,Withdraw,22,14,Yes,Yes,6,No,Yes
TXN002398,92807,Nakuru,Machakos,17,Withdraw,25,29,No,No,2,Yes,No
TXN002399,453643,Machakos,Uasin Gishu,0,Till,52,18,No,No,7,Yes,No
TXN002400,63708,Meru,Nakuru,3,Till,32,9,Yes,Yes,8,No,Yes
TXN002401,104982,Uasin Gishu,Nairobi,0,Send Money,78,17,Yes,Yes,2,Yes,Yes
TXN002402,470234,Kisumu,Meru,23,Send Money,9,10,No,Yes,7,No,Yes
TXN002403,415500,Nakuru,Kiambu,3,Send Money,40,24,Yes,Yes,4,Yes,Yes
TXN002404,107070,Kisumu,Nairobi,18,Withdraw,67,26,No,No,2,No,No
TXN002405,337915,Kiambu,Nairobi,10,Paybill,42,27,No,No,2,Yes,No
TXN002406,29206,Meru,Kakamega,13,Withdraw,67,6,Yes,No,3,Yes,No
TXN002407,319148,Machakos,Uasin Gishu,17,Paybill,103,4,No,No,2,Yes,No
TXN002408,461080,Kakamega,Meru,13,Withdraw,1,3,No,No,3,Yes,Yes
TXN002409,52743,Kiambu,Nairobi,9,Paybill,120,17,No,No,7,Yes,No
TXN002410,417070,Nakuru,Mombasa,21,Paybill,40,16,No,Yes,2,No,No
TXN002411,252841,Nairobi,Kakamega,15,Withdraw,85,20,No,No,1,Yes,No
TXN002412,103046,Nakuru,Uasin Gishu,2,Paybill,83,6,Yes,No,5,Yes,Yes
TXN002413,23636,Nakuru,Nakuru,14,Send Money,19,23,No,Yes,3,No,Yes
TXN002414,99600,Kakamega,Kiambu,17,Send Money,39,24,Yes,No,4,No,Yes
TXN002415,408853,Kisumu,Nakuru,10,Send Money,35,16,No,Yes,7,No,Yes
TXN002416,483970,Meru,Mombasa,15,Send Money,114,1,No,No,5,Yes,No
TXN002417,481827,Kisumu,Nyeri,18,Till,89,18,No,Yes,7,Yes,Yes
TXN002418,41184,Meru,Mombasa,17,Till,35,12,No,Yes,4,Yes,Yes
TXN002419,266851,Kakamega,Kiambu,8,Withdraw,1,12,No,Yes,1,No,Yes
TXN002420,350838,Kakamega,Nairobi,1,Till,47,8,Yes,No,0,No,No
TXN002421,5978,Mombasa,Nyeri,8,Send Money,76,8,Yes,No,5,No,No
TXN002422,399106,Nakuru,Meru,12,Withdraw,32,20,Yes,Yes,1,Yes,Yes
TXN002423,403198,Nyeri,Nyeri,12,Till,21,25,Yes,Yes,8,No,Yes
TXN002424,329482,Kisumu,Uasin Gishu,10,Paybill,89,24,Yes,No,8,Yes,Yes
TXN002425,318859,Meru,Nakuru,6,Paybill,90,11,Yes,No,4,No,Yes
TXN002426,179642,Meru,Kakamega,9,Till,93,14,Yes,Yes,0,Yes,Yes
TXN002427,445697,Nyeri,Meru,17,Withdraw,3,17,Yes,No,7,Yes,Yes
TXN002428,22363,Nakuru,Mombasa,2,Paybill,77,6,Yes,Yes,1,No,No
TXN002429,356958,Mombasa,Machakos,17,Till,110,30,Yes,No,6,Yes,Yes
TXN002430,290266,Nakuru,Kisumu,21,Send Money,44,18,Yes,No,2,No,No
TXN002431,58475,Kisumu,Kisumu,0,Till,77,21,No,Yes,4,No,Yes
TXN002432,118481,Kiambu,Machakos,22,Till,77,29,No,Yes,7,No,Yes
TXN002433,155378,Kakamega,Mombasa,9,Withdraw,62,24,Yes,Yes,3,Yes,Yes
TXN002434,391115,Kakamega,Uasin Gishu,13,Paybill,10,27,No,Yes,4,No,Yes
TXN002435,457637,Machakos,Nakuru,0,Paybill,53,6,Yes,No,6,Yes,Yes
TXN002436,392762,Kakamega,Nyeri,14,Send Money,50,3,No,Yes,2,No,No
TXN002437,113339,Uasin Gishu,Nakuru,1,Withdraw,117,13,No,Yes,5,Yes,Yes
TXN002438,207568,Nyeri,Mombasa,20,Withdraw,31,14,Yes,No,0,Yes,No
TXN002439,139501,Meru,Mombasa,5,Send Money,108,1,Yes,Yes,3,Yes,Yes
TXN002440,422360,Nairobi,Meru,8,Till,95,8,Yes,Yes,5,Yes,Yes
TXN002441,82929,Nakuru,Mombasa,18,Paybill,89,7,No,No,7,No,No
TXN002442,205792,Machakos,Kakamega,9,Till,6,2,No,Yes,2,No,No
TXN002443,135205,Nyeri,Meru,9,Till,104,9,Yes,Yes,5,No,Yes
TXN002444,485398,Nyeri,Mombasa,22,Withdraw,43,8,Yes,Yes,8,Yes,Yes
TXN002445,182429,Uasin Gishu,Uasin Gishu,5,Paybill,81,12,Yes,No,4,No,Yes
TXN002446,313111,Meru,Kakamega,1,Till,102,22,No,Yes,1,No,No
TXN002447,366742,Uasin Gishu,Kisumu,9,Withdraw,53,13,Yes,Yes,6,Yes,Yes
TXN002448,16032,Uasin Gishu,Nairobi,4,Paybill,58,1,No,No,2,No,No
TXN002449,185291,Machakos,Nakuru,21,Send Money,103,3,No,No,0,Yes,No
TXN002450,35623,Machakos,Uasin Gishu,1,Till,57,8,Yes,No,7,Yes,No
TXN002451,276118,Kiambu,Kiambu,2,Paybill,57,19,Yes,No,2,Yes,No
TXN002452,128655,Uasin Gishu,Kiambu,23,Till,76,11,No,No,4,Yes,No
TXN002453,112139,Kakamega,Mombasa,18,Send Money,13,22,No,No,0,No,No
TXN002454,397707,Meru,Nakuru,13,Till,83,30,No,No,4,No,No
TXN002455,203653,Kiambu,Nyeri,14,Withdraw,114,4,Yes,Yes,5,No,Yes
TXN002456,286803,Kakamega,Kakamega,23,Send Money,1,12,No,Yes,2,Yes,Yes
TXN002457,284246,Nairobi,Meru,11,Withdraw,34,8,Yes,Yes,2,Yes,Yes
TXN002458,256358,Kisumu,Nakuru,18,Withdraw,31,7,Yes,Yes,7,Yes,Yes
TXN002459,151619,Kisumu,Uasin Gishu,14,Withdraw,34,2,Yes,Yes,5,Yes,Yes
TXN002460,323699,Kakamega,Nakuru,19,Paybill,111,19,Yes,No,2,No,No
TXN002461,117403,Nakuru,Kisumu,0,Send Money,93,18,No,Yes,0,Yes,No
TXN002462,131836,Kisumu,Nyeri,8,Till,89,1,Yes,No,3,Yes,Yes
TXN002463,72559,Meru,Nairobi,21,Withdraw,28,10,No,Yes,8,Yes,No
TXN002464,173798,Kisumu,Uasin Gishu,1,Withdraw,105,11,Yes,No,4,No,Yes
TXN002465,169713,Mombasa,Nairobi,0,Withdraw,56,19,Yes,Yes,8,Yes,Yes
TXN002466,413504,Kisumu,Kisumu,15,Withdraw,37,8,Yes,Yes,2,No,Yes
TXN002467,245122,Uasin Gishu,Uasin Gishu,9,Withdraw,60,7,Yes,Yes,6,Yes,Yes
TXN002468,14875,Nairobi,Nakuru,12,Send Money,119,26,No,Yes,3,No,Yes
TXN002469,175716,Mombasa,Nairobi,20,Withdraw,79,11,Yes,No,2,No,No
TXN002470,414806,Nairobi,Uasin Gishu,15,Till,91,10,Yes,Yes,7,No,Yes
TXN002471,265517,Meru,Nairobi,13,Paybill,22,14,No,No,2,No,No
TXN002472,7281,Uasin Gishu,Kiambu,13,Send Money,108,2,Yes,No,3,No,No
TXN002473,148279,Mombasa,Nyeri,6,Withdraw,74,15,No,No,7,Yes,No
TXN002474,392511,Nairobi,Meru,23,Till,74,27,No,Yes,4,No,Yes
TXN002475,426751,Uasin Gishu,Kiambu,6,Paybill,41,1,No,Yes,2,No,No
TXN002476,69144,Mombasa,Kisumu,22,Send Money,96,8,No,No,1,Yes,No
TXN002477,346359,Nakuru,Kiambu,0,Send Money,111,30,Yes,No,4,No,Yes
TXN002478,366948,Nakuru,Meru,16,Till,10,6,No,No,2,Yes,No
TXN002479,492380,Kakamega,Nyeri,22,Withdraw,64,10,Yes,Yes,5,No,Yes
TXN002480,33716,Nyeri,Nyeri,20,Withdraw,109,17,Yes,Yes,3,No,Yes
TXN002481,30358,Uasin Gishu,Mombasa,23,Paybill,43,22,No,Yes,6,Yes,Yes
TXN002482,365954,Meru,Meru,17,Till,93,9,No,No,4,No,No
TXN002483,205264,Meru,Uasin Gishu,6,Paybill,4,25,No,No,7,No,No
TXN002484,1993,Mombasa,Nairobi,17,Send Money,110,20,No,Yes,3,No,Yes
TXN002485,300954,Kisumu,Nairobi,3,Withdraw,113,5,No,Yes,6,No,Yes
TXN002486,169212,Kiambu,Machakos,15,Withdraw,46,29,No,No,8,No,No
TXN002487,169119,Kisumu,Kiambu,15,Withdraw,42,25,No,No,5,Yes,No
TXN002488,144018,Machakos,Nyeri,13,Paybill,1,1,Yes,No,8,No,Yes
TXN002489,152707,Machakos,Kiambu,10,Send Money,88,2,No,Yes,6,No,Yes
TXN002490,80741,Nyeri,Meru,19,Withdraw,23,29,No,No,4,Yes,No
TXN002491,489186,Nyeri,Uasin Gishu,0,Paybill,38,1,Yes,Yes,3,No,Yes
TXN002492,438615,Nairobi,Nakuru,13,Paybill,41,27,No,Yes,1,No,No
TXN002493,23948,Nyeri,Uasin Gishu,1,Paybill,113,20,No,No,2,Yes,No
TXN002494,23759,Nairobi,Meru,8,Send Money,103,23,No,Yes,8,Yes,Yes
TXN002495,111508,Meru,Kakamega,18,Withdraw,35,22,Yes,No,1,No,No
TXN002496,70791,Mombasa,Nakuru,11,Withdraw,108,9,No,Yes,8,No,No
TXN002497,319547,Kakamega,Nakuru,11,Withdraw,35,17,Yes,No,5,Yes,Yes
TXN002498,394205,Nakuru,Meru,8,Send Money,89,16,No,Yes,5,No,Yes
TXN002499,465759,Kisumu,Meru,8,Till,44,19,Yes,Yes,6,Yes,Yes
TXN002500,77193,Nyeri,Meru,4,Till,84,28,Yes,Yes,1,No,Yes
TXN002501,272986,Kisumu,Nairobi,7,Send Money,36,20,Yes,No,3,No,Yes
TXN002502,295497,Kakamega,Machakos,19,Till,96,15,No,No,4,No,No
TXN002503,497399,Kiambu,Nyeri,23,Paybill,15,22,No,Yes,8,No,Yes
TXN002504,105676,Nyeri,Kiambu,3,Withdraw,1,17,Yes,No,8,No,Yes
TXN002505,83502,Machakos,Nyeri,12,Till,32,21,Yes,Yes,6,Yes,Yes
TXN002506,86948,Mombasa,Kakamega,6,Send Money,59,14,No,No,8,Yes,No
TXN002507,201349,Nyeri,Mombasa,14,Paybill,52,6,Yes,Yes,5,Yes,Yes
TXN002508,154663,Uasin Gishu,Meru,17,Send Money,100,5,No,No,5,No,No
TXN002509,489506,Kisumu,Nakuru,20,Withdraw,54,30,Yes,Yes,2,No,Yes
TXN002510,62464,Kakamega,Meru,1,Send Money,58,20,Yes,Yes,2,Yes,Yes
TXN002511,371471,Nairobi,Nyeri,8,Withdraw,105,26,No,No,4,No,No
TXN002512,234211,Kakamega,Machakos,10,Paybill,75,11,No,Yes,7,No,Yes
TXN002513,311135,Nyeri,Mombasa,11,Send Money,68,3,Yes,No,3,No,Yes
TXN002514,168034,Kisumu,Uasin Gishu,17,Paybill,64,20,Yes,No,5,No,Yes
TXN002515,265092,Kisumu,Nairobi,21,Withdraw,34,18,No,No,3,Yes,No
TXN002516,209027,Mombasa,Meru,0,Till,11,5,Yes,No,1,Yes,No
TXN002517,387093,Mombasa,Nyeri,4,Send Money,12,18,Yes,Yes,8,No,Yes
TXN002518,340237,Mombasa,Nairobi,14,Paybill,106,16,Yes,No,6,Yes,Yes
TXN002519,115102,Nakuru,Kiambu,22,Withdraw,62,25,Yes,Yes,6,Yes,Yes
TXN002520,346789,Nairobi,Uasin Gishu,15,Till,39,20,No,Yes,3,No,Yes
TXN002521,241349,Machakos,Kakamega,0,Withdraw,66,20,No,Yes,3,No,Yes
TXN002522,231921,Machakos,Machakos,10,Send Money,31,24,Yes,Yes,3,Yes,Yes
TXN002523,357271,Kisumu,Mombasa,16,Withdraw,109,25,No,No,0,No,No
TXN002524,323990,Nairobi,Kiambu,11,Paybill,78,22,Yes,No,4,No,Yes
TXN002525,54927,Mombasa,Kisumu,7,Till,10,10,Yes,No,7,Yes,No
TXN002526,446130,Uasin Gishu,Nyeri,19,Send Money,7,7,No,No,1,No,No
TXN002527,389939,Kisumu,Nakuru,20,Till,5,19,No,No,7,Yes,No
TXN002528,421733,Kiambu,Uasin Gishu,15,Till,100,21,No,No,6,No,No
TXN002529,13020,Nairobi,Mombasa,13,Paybill,118,25,Yes,No,6,No,Yes
TXN002530,491639,Nyeri,Nakuru,3,Till,18,20,No,No,3,No,No
TXN002531,305338,Nakuru,Mombasa,16,Withdraw,64,12,No,Yes,2,No,No
TXN002532,293420,Machakos,Nyeri,11,Till,100,24,Yes,Yes,2,Yes,Yes
TXN002533,336922,Mombasa,Uasin Gishu,23,Till,21,27,Yes,Yes,2,No,Yes
TXN002534,36211,Nairobi,Kakamega,6,Till,71,12,No,Yes,6,No,Yes
TXN002535,152951,Mombasa,Machakos,23,Till,102,13,No,No,6,Yes,No
TXN002536,285666,Uasin Gishu,Mombasa,14,Send Money,37,21,Yes,No,4,Yes,Yes
TXN002537,176562,Uasin Gishu,Meru,17,Send Money,2,6,Yes,Yes,8,Yes,Yes
TXN002538,338493,Kakamega,Uasin Gishu,22,Send Money,107,10,Yes,Yes,4,No,Yes
TXN002539,369795,Nairobi,Kisumu,18,Paybill,76,9,Yes,No,7,No,Yes
TXN002540,281075,Uasin Gishu,Machakos,23,Send Money,52,10,Yes,Yes,0,Yes,Yes
TXN002541,301587,Uasin Gishu,Uasin Gishu,14,Withdraw,93,21,No,Yes,1,Yes,No
TXN002542,64597,Mombasa,Nairobi,4,Till,77,24,No,No,6,No,No
TXN002543,391486,Kisumu,Kisumu,4,Paybill,51,30,Yes,No,2,Yes,No
TXN002544,140907,Uasin Gishu,Nyeri,7,Withdraw,79,19,Yes,Yes,3,No,Yes
TXN002545,256019,Meru,Mombasa,10,Paybill,46,20,Yes,Yes,7,No,Yes
TXN002546,333321,Nairobi,Meru,5,Paybill,39,9,No,Yes,4,No,Yes
TXN002547,128664,Uasin Gishu,Machakos,13,Till,100,28,No,Yes,7,No,Yes
TXN002548,73509,Nakuru,Kakamega,4,Withdraw,112,26,No,Yes,1,No,No
TXN002549,114441,Meru,Kisumu,20,Paybill,9,19,No,No,5,No,No
TXN002550,254836,Meru,Nairobi,0,Paybill,88,15,No,No,1,No,No
TXN002551,486219,Machakos,Mombasa,23,Paybill,110,26,No,Yes,2,No,No
TXN002552,436123,Kakamega,Kisumu,5,Paybill,120,26,No,No,4,No,No
TXN002553,300290,Kiambu,Machakos,8,Withdraw,1,10,No,Yes,3,Yes,Yes
TXN002554,383417,Meru,Nakuru,4,Till,95,23,Yes,No,7,No,Yes
TXN002555,48701,Mombasa,Kisumu,22,Send Money,15,9,No,No,5,Yes,No
TXN002556,151838,Kakamega,Uasin Gishu,13,Send Money,2,19,No,No,3,No,Yes
TXN002557,269446,Nyeri,Kakamega,7,Send Money,25,2,No,Yes,0,Yes,No
TXN002558,163638,Kiambu,Nakuru,13,Withdraw,27,19,Yes,No,1,Yes,No
TXN002559,280471,Nyeri,Kakamega,3,Send Money,53,6,Yes,Yes,7,Yes,Yes
TXN002560,322560,Machakos,Kakamega,1,Withdraw,86,13,No,No,4,Yes,No
TXN002561,336807,Nakuru,Mombasa,11,Till,71,21,Yes,Yes,6,Yes,Yes
TXN002562,94005,Nairobi,Kisumu,6,Send Money,91,24,Yes,Yes,6,Yes,Yes
TXN002563,97053,Kisumu,Kisumu,9,Send Money,65,14,No,No,0,No,No
TXN002564,50296,Kakamega,Nairobi,3,Till,38,26,Yes,Yes,6,No,Yes
TXN002565,39574,Uasin Gishu,Nakuru,6,Paybill,33,11,Yes,Yes,1,No,Yes
TXN002566,67538,Machakos,Nakuru,18,Paybill,18,28,Yes,No,0,Yes,No
TXN002567,96618,Nairobi,Mombasa,21,Send Money,86,6,Yes,No,6,Yes,No
TXN002568,445871,Nakuru,Nakuru,18,Send Money,10,4,Yes,No,8,No,Yes
TXN002569,100945,Mombasa,Nakuru,5,Paybill,30,21,Yes,No,2,No,No
TXN002570,384320,Kisumu,Nakuru,9,Paybill,77,9,No,No,4,No,No
TXN002571,262507,Kisumu,Kiambu,18,Withdraw,52,10,No,No,6,Yes,No
TXN002572,225178,Uasin Gishu,Kakamega,20,Withdraw,25,9,Yes,Yes,5,Yes,Yes
TXN002573,327783,Kisumu,Meru,15,Paybill,116,28,Yes,No,8,No,Yes
TXN002574,186807,Uasin Gishu,Machakos,10,Send Money,52,27,Yes,No,2,No,No
TXN002575,140302,Nyeri,Nairobi,19,Withdraw,63,25,No,Yes,5,Yes,Yes
TXN002576,218410,Nakuru,Uasin Gishu,18,Till,39,4,No,No,5,Yes,No
TXN002577,83544,Machakos,Nakuru,10,Paybill,37,29,No,No,6,No,No
TXN002578,294276,Nakuru,Kisumu,9,Paybill,75,23,No,Yes,8,No,Yes
TXN002579,460075,Mombasa,Machakos,15,Send Money,117,23,No,No,2,No,No
TXN002580,82181,Machakos,Kiambu,6,Till,83,15,No,Yes,8,Yes,Yes
TXN002581,215440,Mombasa,Uasin Gishu,23,Paybill,71,11,No,Yes,0,No,No
TXN002582,155257,Machakos,Nakuru,21,Send Money,73,16,Yes,Yes,6,Yes,Yes
TXN002583,53268,Nakuru,Nairobi,15,Paybill,51,29,Yes,No,1,Yes,No
TXN002584,248554,Mombasa,Kiambu,17,Withdraw,17,13,Yes,No,2,Yes,No
TXN002585,427092,Meru,Nakuru,3,Paybill,62,18,Yes,Yes,6,No,Yes
TXN002586,64267,Kisumu,Machakos,20,Till,37,13,Yes,No,7,No,Yes
TXN002587,439575,Uasin Gishu,Nakuru,6,Send Money,19,24,Yes,No,4,No,Yes
TXN002588,241227,Meru,Kiambu,16,Send Money,18,24,No,Yes,3,No,Yes
TXN002589,350153,Mombasa,Meru,13,Withdraw,15,6,No,No,4,No,No
TXN002590,352494,Meru,Mombasa,1,Send Money,4,14,Yes,Yes,5,Yes,Yes
TXN002591,204328,Nakuru,Meru,19,Till,14,6,No,Yes,1,No,No
TXN002592,383504,Kiambu,Kiambu,6,Withdraw,75,2,Yes,Yes,3,Yes,Yes
TXN002593,481158,Kiambu,Nairobi,18,Till,86,14,No,Yes,4,Yes,Yes
TXN002594,46507,Nairobi,Mombasa,8,Send Money,94,2,Yes,No,7,Yes,No
TXN002595,54434,Kiambu,Kisumu,1,Paybill,52,1,No,Yes,0,Yes,No
TXN002596,277732,Nyeri,Nairobi,23,Send Money,72,27,No,No,1,No,No
TXN002597,459415,Mombasa,Nakuru,8,Till,80,20,Yes,Yes,4,Yes,Yes
TXN002598,158575,Nakuru,Mombasa,13,Send Money,71,9,Yes,Yes,3,No,Yes
TXN002599,364618,Nyeri,Uasin Gishu,1,Send Money,62,19,Yes,No,1,Yes,No
TXN002600,169880,Nakuru,Kisumu,22,Send Money,101,16,Yes,Yes,7,Yes,Yes
TXN002601,305692,Nairobi,Kisumu,16,Send Money,88,10,Yes,Yes,4,No,Yes
TXN002602,151741,Kisumu,Kakamega,22,Send Money,12,4,Yes,No,4,No,Yes
TXN002603,405118,Kakamega,Uasin Gishu,9,Withdraw,119,20,Yes,No,7,No,Yes
TXN002604,98365,Kiambu,Meru,3,Withdraw,78,3,Yes,Yes,0,No,No
TXN002605,64073,Mombasa,Machakos,9,Send Money,101,19,No,Yes,3,Yes,Yes
TXN002606,39966,Nairobi,Uasin Gishu,19,Withdraw,91,8,Yes,No,3,No,No
TXN002607,347070,Machakos,Machakos,5,Till,24,13,Yes,No,8,No,Yes
TXN002608,92062,Kisumu,Machakos,9,Withdraw,97,21,No,No,1,Yes,No
TXN002609,377885,Uasin Gishu,Uasin Gishu,19,Till,104,3,No,No,8,No,No
TXN002610,265698,Mombasa,Meru,20,Till,73,20,Yes,Yes,0,No,Yes
TXN002611,226902,Nyeri,Kiambu,4,Paybill,58,12,No,Yes,5,No,Yes
TXN002612,235064,Uasin Gishu,Kisumu,20,Till,82,24,Yes,No,2,No,No
TXN002613,212435,Nairobi,Nairobi,2,Till,47,1,No,No,0,No,No
TXN002614,450424,Uasin Gishu,Nyeri,20,Withdraw,84,30,No,Yes,3,Yes,Yes
TXN002615,451538,Nairobi,Uasin Gishu,13,Send Money,24,9,Yes,No,1,Yes,No
TXN002616,352537,Nairobi,Kakamega,13,Paybill,35,26,Yes,No,2,Yes,No
TXN002617,100804,Kisumu,Nakuru,4,Paybill,65,24,Yes,Yes,5,Yes,Yes
TXN002618,94936,Kakamega,Machakos,4,Paybill,23,18,Yes,No,0,No,No
TXN002619,187700,Mombasa,Nairobi,23,Till,78,19,No,Yes,0,No,No
TXN002620,237222,Mombasa,Nakuru,11,Send Money,78,26,Yes,Yes,5,Yes,Yes
TXN002621,433134,Kisumu,Kisumu,20,Paybill,110,25,No,Yes,5,No,Yes
TXN002622,484248,Kakamega,Nyeri,1,Withdraw,106,1,No,No,1,No,No
TXN002623,274876,Kiambu,Mombasa,19,Till,31,1,Yes,Yes,1,Yes,Yes
TXN002624,477169,Meru,Machakos,4,Send Money,111,23,No,Yes,4,Yes,Yes
TXN002625,487551,Kakamega,Kiambu,23,Paybill,84,9,No,No,8,No,No
TXN002626,288724,Nakuru,Machakos,15,Send Money,5,6,Yes,Yes,0,No,Yes
TXN002627,353256,Meru,Kakamega,8,Paybill,30,15,Yes,Yes,1,Yes,Yes
TXN002628,431024,Machakos,Kakamega,11,Till,93,13,Yes,No,5,No,Yes
TXN002629,365936,Meru,Uasin Gishu,18,Send Money,99,1,No,Yes,0,No,No
TXN002630,361531,Mombasa,Nairobi,12,Till,39,12,Yes,No,0,No,No
TXN002631,220449,Kakamega,Nairobi,2,Withdraw,59,8,Yes,No,4,No,Yes
TXN002632,166955,Nyeri,Mombasa,9,Send Money,19,15,No,Yes,3,No,Yes
TXN002633,73457,Uasin Gishu,Meru,19,Paybill,46,8,Yes,No,3,No,No
TXN002634,335671,Kakamega,Kakamega,5,Till,79,28,No,No,4,No,No
TXN002635,420899,Kisumu,Kiambu,5,Paybill,113,26,Yes,No,2,Yes,No
TXN002636,158113,Kisumu,Kiambu,3,Till,66,1,Yes,No,1,No,No
TXN002637,179360,Machakos,Kakamega,9,Send Money,32,28,No,Yes,5,No,Yes
TXN002638,201467,Kiambu,Kisumu,11,Withdraw,23,27,No,No,0,Yes,No
TXN002639,32259,Meru,Kiambu,11,Paybill,31,25,Yes,Yes,2,No,Yes
TXN002640,488118,Nyeri,Uasin Gishu,7,Send Money,29,28,Yes,No,8,Yes,Yes
TXN002641,146606,Meru,Meru,2,Withdraw,3,30,Yes,No,6,Yes,Yes
TXN002642,82851,Nairobi,Kiambu,2,Withdraw,13,16,No,Yes,2,Yes,No
TXN002643,243325,Meru,Kisumu,12,Withdraw,70,30,Yes,Yes,5,Yes,Yes
TXN002644,316784,Machakos,Nairobi,6,Send Money,27,16,Yes,No,3,Yes,Yes
TXN002645,439928,Nairobi,Kisumu,4,Send Money,30,19,Yes,Yes,4,No,Yes
TXN002646,219195,Nakuru,Machakos,19,Paybill,13,22,Yes,Yes,3,Yes,Yes
TXN002647,256641,Nairobi,Kisumu,22,Till,78,16,Yes,Yes,0,Yes,Yes
TXN002648,225644,Kiambu,Kakamega,2,Till,13,13,Yes,Yes,5,No,Yes
TXN002649,185594,Nairobi,Kiambu,11,Paybill,77,10,Yes,No,2,Yes,No
TXN002650,71728,Nyeri,Mombasa,9,Till,96,8,Yes,No,7,No,No
TXN002651,197625,Mombasa,Meru,9,Till,38,15,No,Yes,7,Yes,Yes
TXN002652,102711,Uasin Gishu,Uasin Gishu,22,Withdraw,87,20,Yes,Yes,7,No,Yes
TXN002653,178298,Kisumu,Nairobi,18,Paybill,8,12,Yes,No,6,Yes,Yes
TXN002654,290387,Uasin Gishu,Mombasa,23,Send Money,12,27,No,No,8,Yes,No
TXN002655,81775,Nyeri,Kakamega,0,Withdraw,17,8,Yes,Yes,6,No,Yes
TXN002656,329931,Kisumu,Kisumu,6,Withdraw,106,16,No,Yes,5,Yes,Yes
TXN002657,64592,Nyeri,Kiambu,20,Till,70,12,Yes,Yes,2,No,Yes
TXN002658,217149,Kisumu,Meru,9,Paybill,29,30,No,Yes,1,No,No
TXN002659,11360,Meru,Nyeri,18,Paybill,6,1,Yes,No,5,Yes,No
TXN002660,458121,Uasin Gishu,Machakos,19,Withdraw,32,23,Yes,Yes,2,No,Yes
TXN002661,199273,Mombasa,Kakamega,21,Paybill,79,7,Yes,No,8,No,Yes
TXN002662,420239,Nakuru,Nyeri,4,Send Money,88,16,No,No,1,No,No
TXN002663,49462,Kisumu,Uasin Gishu,12,Till,13,25,No,Yes,6,No,Yes
TXN002664,96513,Kakamega,Kisumu,8,Till,56,15,Yes,No,1,Yes,No
TXN002665,494488,Machakos,Uasin Gishu,19,Withdraw,45,8,Yes,No,5,No,Yes
TXN002666,215392,Kisumu,Kiambu,18,Till,34,17,No,No,6,Yes,No
TXN002667,371328,Kisumu,Machakos,0,Withdraw,48,27,Yes,Yes,4,No,Yes
TXN002668,303400,Mombasa,Kisumu,21,Send Money,17,19,No,No,6,No,No
TXN002669,454276,Kisumu,Meru,7,Till,54,25,Yes,No,6,No,Yes
TXN002670,368180,Kisumu,Mombasa,4,Send Money,3,20,No,Yes,4,No,Yes
TXN002671,157945,Nakuru,Kiambu,15,Withdraw,56,28,No,Yes,2,Yes,No
TXN002672,288462,Meru,Kakamega,4,Till,110,23,Yes,No,5,No,Yes
TXN002673,60981,Nakuru,Nakuru,20,Paybill,111,17,No,Yes,7,Yes,Yes
TXN002674,49127,Kisumu,Nairobi,18,Till,38,15,Yes,Yes,3,No,Yes
TXN002675,166069,Nairobi,Uasin Gishu,6,Withdraw,9,23,No,No,6,No,No
TXN002676,330424,Mombasa,Mombasa,4,Paybill,29,22,Yes,No,3,Yes,Yes
TXN002677,14240,Kisumu,Uasin Gishu,8,Paybill,106,27,Yes,No,8,No,Yes
TXN002678,107315,Nyeri,Kisumu,22,Withdraw,97,7,No,No,6,Yes,No
TXN002679,261546,Machakos,Kiambu,19,Till,93,24,Yes,Yes,6,Yes,Yes
TXN002680,467008,Uasin Gishu,Kiambu,18,Send Money,56,29,Yes,Yes,8,No,Yes
TXN002681,59674,Meru,Nakuru,11,Send Money,111,7,Yes,No,5,Yes,No
TXN002682,432519,Kiambu,Uasin Gishu,3,Withdraw,84,29,Yes,Yes,1,No,Yes
TXN002683,180919,Kiambu,Kiambu,20,Send Money,101,29,Yes,Yes,3,Yes,Yes
TXN002684,32163,Uasin Gishu,Uasin Gishu,16,Till,37,2,No,Yes,1,No,No
TXN002685,39816,Kiambu,Nyeri,20,Paybill,88,7,No,Yes,8,Yes,No
TXN002686,250298,Nakuru,Nairobi,19,Send Money,40,15,No,No,8,Yes,No
TXN002687,54108,Mombasa,Kakamega,14,Till,119,13,No,No,4,No,No
TXN002688,18972,Uasin Gishu,Meru,16,Paybill,12,30,Yes,Yes,7,Yes,Yes
TXN002689,253665,Nyeri,Uasin Gishu,13,Withdraw,90,4,No,Yes,1,No,No
TXN002690,59201,Meru,Nyeri,6,Paybill,11,19,No,No,7,No,No
TXN002691,83847,Machakos,Nyeri,6,Till,53,3,No,Yes,5,Yes,No
TXN002692,99450,Kakamega,Kisumu,17,Till,33,12,Yes,No,6,No,Yes
TXN002693,129503,Uasin Gishu,Uasin Gishu,21,Paybill,47,8,Yes,Yes,4,Yes,Yes
TXN002694,49471,Mombasa,Machakos,17,Till,60,29,No,No,8,Yes,No
TXN002695,487129,Nairobi,Kisumu,16,Till,55,14,No,Yes,0,Yes,No
TXN002696,107271,Uasin Gishu,Meru,17,Paybill,21,29,No,Yes,7,No,Yes
TXN002697,133767,Kisumu,Nyeri,11,Till,41,3,No,Yes,2,No,No
TXN002698,223642,Nyeri,Meru,15,Paybill,14,8,Yes,No,3,Yes,Yes
TXN002699,464569,Kakamega,Kakamega,15,Withdraw,93,27,Yes,No,3,Yes,Yes
TXN002700,482318,Kisumu,Machakos,4,Withdraw,96,25,Yes,Yes,8,No,Yes
TXN002701,342133,Nairobi,Kakamega,2,Paybill,65,30,No,Yes,0,Yes,No
TXN002702,38419,Kiambu,Kiambu,15,Paybill,7,27,Yes,No,2,Yes,No
TXN002703,465852,Mombasa,Meru,22,Withdraw,87,2,No,No,7,No,No
TXN002704,490089,Meru,Uasin Gishu,11,Withdraw,16,22,No,Yes,6,No,Yes
TXN002705,211147,Nyeri,Nakuru,6,Till,99,15,No,No,0,No,No
TXN002706,408459,Kiambu,Kisumu,21,Withdraw,35,1,Yes,No,2,Yes,No
TXN002707,357693,Kisumu,Mombasa,18,Send Money,92,12,Yes,No,3,Yes,Yes
TXN002708,398634,Kiambu,Kakamega,21,Paybill,34,8,Yes,No,0,No,No
TXN002709,220950,Mombasa,Machakos,1,Send Money,7,25,Yes,No,7,Yes,Yes
TXN002710,23043,Nyeri,Nairobi,4,Withdraw,9,13,Yes,No,0,Yes,No
TXN002711,182842,Meru,Kakamega,17,Paybill,72,19,Yes,No,7,No,Yes
TXN002712,115737,Meru,Kisumu,3,Till,41,10,Yes,No,7,Yes,Yes
TXN002713,299132,Nyeri,Uasin Gishu,20,Withdraw,52,16,Yes,No,6,Yes,Yes
TXN002714,447301,Mombasa,Kakamega,22,Paybill,37,22,Yes,Yes,0,Yes,Yes
TXN002715,428543,Kiambu,Uasin Gishu,17,Till,85,14,No,No,2,Yes,No
TXN002716,138393,Nairobi,Nairobi,1,Paybill,110,29,Yes,No,2,No,No
TXN002717,10950,Nairobi,Machakos,2,Send Money,70,13,Yes,Yes,4,No,Yes
TXN002718,293377,Mombasa,Uasin Gishu,20,Paybill,99,11,No,Yes,2,No,No
TXN002719,382587,Nakuru,Uasin Gishu,19,Paybill,8,29,Yes,Yes,5,No,Yes
TXN002720,425679,Nyeri,Meru,18,Paybill,2,3,Yes,Yes,0,Yes,Yes
TXN002721,34635,Kisumu,Nyeri,20,Paybill,71,15,Yes,Yes,4,Yes,Yes
TXN002722,176170,Meru,Nairobi,19,Paybill,90,9,Yes,No,8,Yes,Yes
TXN002723,25933,Mombasa,Nakuru,13,Withdraw,119,9,Yes,No,6,No,No
TXN002724,89385,Uasin Gishu,Nyeri,2,Till,69,30,Yes,Yes,2,Yes,Yes
TXN002725,447293,Nairobi,Machakos,22,Paybill,111,25,No,No,4,No,No
TXN002726,38663,Nakuru,Nairobi,19,Withdraw,107,28,Yes,Yes,5,Yes,Yes
TXN002727,260723,Nyeri,Meru,3,Till,120,7,No,No,2,Yes,No
TXN002728,73414,Nairobi,Mombasa,12,Withdraw,86,14,Yes,No,6,No,Yes
TXN002729,223994,Kisumu,Nyeri,17,Paybill,62,23,Yes,No,7,No,Yes
TXN002730,214571,Uasin Gishu,Kisumu,14,Withdraw,119,8,No,No,0,Yes,No
TXN002731,90173,Kakamega,Nyeri,22,Send Money,76,6,Yes,No,6,No,No
TXN002732,298829,Uasin Gishu,Machakos,5,Paybill,90,23,Yes,No,6,Yes,Yes
TXN002733,288564,Machakos,Meru,17,Send Money,118,21,Yes,No,4,Yes,Yes
TXN002734,71132,Uasin Gishu,Machakos,19,Withdraw,42,11,No,No,7,Yes,No
TXN002735,199374,Machakos,Nairobi,2,Till,38,1,Yes,No,8,Yes,Yes
TXN002736,65480,Nyeri,Meru,6,Send Money,99,15,Yes,No,5,No,Yes
TXN002737,499904,Nyeri,Nyeri,14,Send Money,106,5,No,No,5,Yes,No
TXN002738,339939,Machakos,Nairobi,0,Paybill,15,27,No,No,0,Yes,No
TXN002739,137355,Machakos,Kakamega,1,Paybill,35,20,Yes,No,8,No,Yes
TXN002740,336936,Mombasa,Kisumu,10,Send Money,3,25,Yes,Yes,0,Yes,Yes
TXN002741,33503,Kisumu,Meru,0,Withdraw,83,17,No,Yes,7,No,Yes
TXN002742,346901,Nakuru,Nakuru,13,Paybill,83,20,No,Yes,2,Yes,No
TXN002743,430406,Nairobi,Kakamega,20,Paybill,16,21,Yes,No,2,Yes,No
TXN002744,10437,Kisumu,Kiambu,22,Withdraw,18,26,No,Yes,6,No,Yes
TXN002745,190618,Mombasa,Kiambu,9,Withdraw,31,16,No,Yes,5,No,Yes
TXN002746,496045,Nairobi,Uasin Gishu,17,Withdraw,85,20,No,No,7,No,No
TXN002747,413705,Kiambu,Machakos,23,Send Money,27,12,No,No,5,Yes,No
TXN002748,147211,Kiambu,Nyeri,6,Till,49,21,No,No,5,Yes,No
TXN002749,294471,Kisumu,Uasin Gishu,15,Paybill,95,28,Yes,No,8,No,Yes
TXN002750,227683,Nairobi,Kakamega,15,Till,51,27,No,No,3,Yes,No
TXN002751,275052,Meru,Nyeri,6,Till,61,1,No,Yes,2,No,No
TXN002752,157738,Machakos,Nairobi,23,Till,32,28,No,No,8,Yes,No
TXN002753,167364,Uasin Gishu,Kakamega,5,Send Money,103,2,No,Yes,2,No,No
TXN002754,26860,Kakamega,Kakamega,7,Withdraw,59,7,No,Yes,3,Yes,No
TXN002755,475571,Nakuru,Nyeri,0,Send Money,19,28,No,No,5,Yes,No
TXN002756,221147,Kisumu,Nairobi,9,Till,18,11,No,Yes,5,Yes,Yes
TXN002757,12192,Nakuru,Mombasa,4,Withdraw,85,6,Yes,No,3,No,No
TXN002758,312853,Nakuru,Mombasa,23,Send Money,34,25,Yes,Yes,7,No,Yes
TXN002759,58600,Uasin Gishu,Machakos,5,Withdraw,19,8,No,Yes,4,Yes,No
TXN002760,428453,Mombasa,Nairobi,16,Till,34,5,No,No,2,No,No
TXN002761,260049,Machakos,Mombasa,8,Withdraw,29,17,Yes,No,5,No,Yes
TXN002762,21534,Mombasa,Kakamega,21,Till,103,20,Yes,Yes,5,Yes,Yes
TXN002763,180415,Uasin Gishu,Kisumu,15,Paybill,107,12,No,Yes,7,Yes,Yes
TXN002764,285166,Kakamega,Kiambu,12,Send Money,109,4,No,No,3,Yes,No
TXN002765,442256,Uasin Gishu,Kisumu,13,Till,18,28,Yes,No,7,No,Yes
TXN002766,462980,Nyeri,Mombasa,16,Withdraw,13,6,No,Yes,8,No,Yes
TXN002767,205704,Meru,Uasin Gishu,7,Send Money,21,1,Yes,No,3,Yes,Yes
TXN002768,414289,Nairobi,Kiambu,10,Send Money,109,8,No,Yes,6,No,Yes
TXN002769,373488,Nakuru,Mombasa,5,Paybill,43,24,Yes,Yes,6,No,Yes
TXN002770,147058,Mombasa,Kiambu,20,Paybill,101,8,Yes,No,8,No,Yes
TXN002771,30031,Nairobi,Kisumu,17,Paybill,19,12,Yes,No,4,No,Yes
TXN002772,411843,Kakamega,Machakos,11,Withdraw,93,8,Yes,Yes,4,Yes,Yes
TXN002773,198543,Meru,Nairobi,23,Till,60,6,Yes,Yes,5,No,Yes
TXN002774,329675,Uasin Gishu,Meru,11,Paybill,34,7,Yes,Yes,4,Yes,Yes
TXN002775,479957,Mombasa,Mombasa,10,Send Money,102,3,Yes,Yes,7,No,Yes
TXN002776,213959,Machakos,Mombasa,14,Paybill,19,22,Yes,No,2,No,No
TXN002777,449487,Nairobi,Nyeri,15,Paybill,21,17,Yes,No,2,Yes,No
TXN002778,430016,Uasin Gishu,Meru,2,Till,80,5,Yes,Yes,8,Yes,Yes
TXN002779,232127,Nairobi,Machakos,4,Withdraw,28,22,No,No,7,Yes,No
TXN002780,255548,Nakuru,Nairobi,8,Till,1,15,No,No,1,No,No
TXN002781,166666,Nyeri,Nakuru,17,Withdraw,7,1,Yes,Yes,2,No,Yes
TXN002782,291004,Kisumu,Meru,10,Withdraw,79,2,Yes,No,5,Yes,Yes
TXN002783,237337,Nairobi,Meru,23,Paybill,98,13,Yes,Yes,0,No,Yes
TXN002784,143255,Nyeri,Kisumu,7,Withdraw,53,22,No,No,4,Yes,No
TXN002785,284058,Kakamega,Kisumu,2,Send Money,65,4,Yes,Yes,3,Yes,Yes
TXN002786,456887,Uasin Gishu,Nairobi,3,Till,97,11,Yes,Yes,3,No,Yes
TXN002787,83769,Machakos,Nakuru,5,Send Money,20,1,Yes,Yes,8,Yes,Yes
TXN002788,404248,Uasin Gishu,Nakuru,13,Send Money,71,24,Yes,Yes,6,Yes,Yes
TXN002789,124599,Meru,Nairobi,14,Till,69,19,Yes,No,3,No,Yes
TXN002790,339797,Nairobi,Machakos,4,Send Money,63,14,No,Yes,0,Yes,No
TXN002791,134781,Kakamega,Mombasa,13,Paybill,90,23,Yes,Yes,7,Yes,Yes
TXN002792,141080,Nakuru,Kakamega,0,Till,72,12,Yes,No,1,Yes,No
TXN002793,42479,Kiambu,Machakos,13,Withdraw,98,4,Yes,No,4,No,No
TXN002794,74377,Meru,Kisumu,14,Withdraw,79,13,No,No,6,Yes,No
TXN002795,261416,Kisumu,Uasin Gishu,7,Till,11,8,No,No,1,No,No
TXN002796,210180,Nairobi,Machakos,11,Withdraw,14,5,No,No,7,Yes,No
TXN002797,108825,Kisumu,Kisumu,6,Till,59,4,Yes,No,4,Yes,Yes
TXN002798,349863,Kisumu,Kakamega,13,Paybill,49,3,No,No,6,No,No
TXN002799,381480,Uasin Gishu,Mombasa,21,Till,28,1,No,Yes,1,No,No
TXN002800,91336,Nyeri,Nakuru,3,Withdraw,81,22,Yes,No,2,No,No
TXN002801,278900,Nairobi,Kiambu,12,Till,95,14,Yes,No,4,No,Yes
TXN002802,197763,Uasin Gishu,Nyeri,17,Paybill,69,19,No,No,0,Yes,No
TXN002803,1617,Nakuru,Mombasa,11,Paybill,4,9,Yes,No,3,No,No
TXN002804,391598,Uasin Gishu,Machakos,19,Paybill,19,25,Yes,Yes,7,Yes,Yes
TXN002805,146934,Meru,Mombasa,2,Withdraw,9,2,No,Yes,6,Yes,Yes
TXN002806,89356,Nyeri,Nakuru,0,Send Money,17,17,Yes,No,7,Yes,Yes
TXN002807,281316,Kakamega,Nyeri,19,Till,15,15,No,Yes,7,No,Yes
TXN002808,436588,Kisumu,Kisumu,3,Withdraw,74,16,No,No,0,No,No
TXN002809,65186,Nyeri,Mombasa,17,Send Money,15,9,No,No,6,No,No
TXN002810,493135,Machakos,Uasin Gishu,7,Send Money,115,1,No,Yes,7,Yes,Yes
TXN002811,213925,Machakos,Kakamega,5,Withdraw,26,27,Yes,Yes,7,No,Yes
TXN002812,54238,Nyeri,Nyeri,2,Send Money,54,20,No,No,3,No,No
TXN002813,300969,Nairobi,Mombasa,6,Send Money,108,29,Yes,Yes,6,Yes,Yes
TXN002814,261979,Mombasa,Uasin Gishu,7,Paybill,10,14,No,No,3,Yes,No
TXN002815,221085,Kiambu,Meru,1,Send Money,118,4,Yes,Yes,7,No,Yes
TXN002816,162826,Meru,Machakos,23,Till,89,20,Yes,Yes,7,Yes,Yes
TXN002817,194860,Nakuru,Meru,18,Send Money,67,25,No,Yes,5,No,Yes
TXN002818,80343,Machakos,Machakos,3,Withdraw,62,28,No,Yes,2,Yes,No
TXN002819,424053,Kiambu,Kakamega,13,Paybill,35,3,Yes,No,8,Yes,Yes
TXN002820,474322,Mombasa,Nyeri,12,Paybill,120,4,Yes,Yes,6,Yes,Yes
TXN002821,299653,Nyeri,Kiambu,10,Paybill,77,9,No,No,1,Yes,No
TXN002822,49236,Kakamega,Meru,12,Till,41,13,Yes,Yes,3,Yes,Yes
TXN002823,406462,Kisumu,Kiambu,23,Send Money,80,2,No,No,5,No,No
TXN002824,294911,Nakuru,Machakos,20,Send Money,96,20,Yes,Yes,7,No,Yes
TXN002825,219483,Meru,Kakamega,6,Withdraw,52,17,Yes,Yes,3,Yes,Yes
TXN002826,237458,Kiambu,Nairobi,22,Paybill,4,16,Yes,Yes,7,Yes,Yes
TXN002827,160288,Meru,Nyeri,23,Paybill,17,21,Yes,Yes,4,Yes,Yes
TXN002828,425120,Uasin Gishu,Machakos,9,Send Money,104,2,No,Yes,2,Yes,No
TXN002829,49408,Kisumu,Kiambu,17,Till,115,18,Yes,No,4,No,Yes
TXN002830,81472,Machakos,Nairobi,22,Till,86,22,Yes,Yes,4,Yes,Yes
TXN002831,230326,Mombasa,Machakos,13,Till,53,12,Yes,Yes,8,No,Yes
TXN002832,4278,Machakos,Nakuru,19,Send Money,79,26,No,Yes,4,No,Yes
TXN002833,470469,Kiambu,Machakos,2,Send Money,25,15,Yes,No,4,Yes,Yes
TXN002834,266687,Nairobi,Nakuru,10,Withdraw,117,27,Yes,No,1,Yes,No
TXN002835,167573,Nakuru,Kakamega,12,Withdraw,79,9,Yes,Yes,0,Yes,Yes
TXN002836,226952,Nakuru,Nakuru,17,Withdraw,75,22,No,Yes,2,No,No
TXN002837,48950,Meru,Nairobi,19,Paybill,73,9,Yes,Yes,8,Yes,Yes
TXN002838,410799,Nairobi,Uasin Gishu,13,Paybill,102,10,Yes,No,2,No,No
TXN002839,268688,Kiambu,Nyeri,17,Paybill,96,7,No,No,3,Yes,No
TXN002840,499314,Nyeri,Uasin Gishu,13,Till,31,9,Yes,No,5,Yes,Yes
TXN002841,383647,Kiambu,Nakuru,23,Paybill,5,17,No,No,4,Yes,No
TXN002842,201229,Kiambu,Nakuru,10,Send Money,80,5,No,No,0,No,No
TXN002843,302888,Nairobi,Nakuru,18,Withdraw,111,12,Yes,No,4,No,Yes
TXN002844,422976,Machakos,Meru,3,Withdraw,116,20,No,No,5,Yes,No
TXN002845,212311,Nairobi,Nairobi,18,Till,43,2,No,No,1,Yes,No
TXN002846,143688,Meru,Uasin Gishu,21,Withdraw,18,18,No,Yes,4,No,Yes
TXN002847,270763,Uasin Gishu,Mombasa,14,Send Money,56,14,No,No,7,Yes,No
TXN002848,457324,Meru,Kakamega,2,Send Money,111,28,No,Yes,1,No,No
TXN002849,13847,Uasin Gishu,Kakamega,11,Withdraw,98,7,No,No,1,No,No
TXN002850,226613,Nairobi,Mombasa,12,Withdraw,94,11,Yes,No,1,No,No
TXN002851,347226,Machakos,Meru,20,Withdraw,38,9,Yes,Yes,4,Yes,Yes
TXN002852,301769,Machakos,Uasin Gishu,13,Paybill,67,11,Yes,No,5,Yes,Yes
TXN002853,254053,Nyeri,Uasin Gishu,2,Withdraw,44,10,Yes,Yes,4,Yes,Yes
TXN002854,435963,Kiambu,Nairobi,4,Till,90,18,Yes,No,7,Yes,Yes
TXN002855,29251,Kisumu,Uasin Gishu,9,Send Money,111,22,Yes,No,7,No,Yes
TXN002856,329924,Nyeri,Nairobi,21,Withdraw,53,25,Yes,No,3,No,Yes
TXN002857,102738,Nairobi,Mombasa,4,Withdraw,42,17,No,Yes,0,Yes,No
TXN002858,288026,Kiambu,Nyeri,11,Paybill,74,13,No,Yes,3,Yes,Yes
TXN002859,475343,Kakamega,Nairobi,6,Withdraw,112,29,No,No,5,No,No
TXN002860,171779,Kiambu,Kiambu,21,Till,54,5,Yes,Yes,6,Yes,Yes
TXN002861,110824,Nakuru,Nakuru,3,Send Money,81,20,No,No,8,No,No
TXN002862,353559,Mombasa,Kakamega,22,Send Money,20,7,Yes,No,7,No,Yes
TXN002863,235189,Machakos,Kakamega,14,Withdraw,113,8,Yes,No,4,No,Yes
TXN002864,90782,Kakamega,Nyeri,10,Send Money,87,14,Yes,No,3,No,Yes
TXN002865,267143,Machakos,Meru,8,Till,79,29,No,No,4,No,No
TXN002866,340870,Kakamega,Kakamega,8,Send Money,31,10,No,Yes,5,Yes,Yes
TXN002867,394963,Nyeri,Kakamega,9,Send Money,101,8,No,No,7,No,No
TXN002868,139058,Machakos,Mombasa,9,Withdraw,112,5,Yes,No,6,No,Yes
TXN002869,183934,Nakuru,Nakuru,1,Send Money,26,10,Yes,Yes,5,No,Yes
TXN002870,413590,Machakos,Uasin Gishu,11,Paybill,5,21,Yes,No,0,No,No
TXN002871,127015,Uasin Gishu,Machakos,7,Till,96,10,No,No,3,No,No
TXN002872,94575,Nairobi,Nairobi,8,Withdraw,117,7,Yes,No,6,Yes,No
TXN002873,15203,Kiambu,Meru,21,Till,110,19,Yes,Yes,0,Yes,Yes
TXN002874,432310,Mombasa,Nyeri,3,Till,54,3,Yes,No,5,Yes,Yes
TXN002875,263443,Mombasa,Kiambu,23,Till,28,24,No,No,6,No,No
TXN002876,246666,Nairobi,Kiambu,23,Withdraw,58,14,Yes,No,8,No,Yes
TXN002877,384393,Meru,Nairobi,23,Till,75,14,No,No,8,Yes,No
TXN002878,373350,Nyeri,Meru,2,Till,18,12,No,No,5,Yes,No
TXN002879,376661,Meru,Kisumu,15,Withdraw,22,23,Yes,Yes,0,Yes,Yes
TXN002880,476244,Nakuru,Meru,17,Withdraw,37,28,Yes,No,4,No,Yes
TXN002881,91661,Mombasa,Nakuru,2,Withdraw,118,5,Yes,No,0,No,No
TXN002882,197232,Nakuru,Nyeri,18,Send Money,5,10,No,No,7,Yes,No
TXN002883,132868,Kiambu,Kiambu,4,Send Money,59,24,No,Yes,4,No,Yes
TXN002884,98604,Kisumu,Nakuru,16,Withdraw,42,20,No,No,1,Yes,No
TXN002885,338289,Uasin Gishu,Kiambu,15,Withdraw,29,27,No,Yes,8,No,Yes
TXN002886,158618,Nyeri,Nakuru,0,Paybill,13,7,Yes,Yes,5,Yes,Yes
TXN002887,186351,Nyeri,Mombasa,11,Paybill,66,12,Yes,No,6,No,Yes
TXN002888,498577,Nyeri,Meru,10,Till,80,30,No,Yes,1,No,No
TXN002889,459758,Nyeri,Uasin Gishu,10,Till,80,26,Yes,No,1,Yes,No
TXN002890,423491,Meru,Kisumu,6,Paybill,67,27,Yes,No,7,No,Yes
TXN002891,494172,Nyeri,Nairobi,23,Send Money,110,4,Yes,No,8,Yes,Yes
TXN002892,102851,Kisumu,Meru,5,Till,69,3,No,No,3,No,No
TXN002893,479630,Meru,Mombasa,5,Send Money,21,4,No,No,3,Yes,No
TXN002894,270063,Mombasa,Kiambu,23,Withdraw,41,5,No,Yes,4,Yes,Yes
TXN002895,46250,Nakuru,Nairobi,2,Till,26,8,Yes,No,5,No,No
TXN002896,117205,Kakamega,Kakamega,17,Send Money,5,7,Yes,No,4,Yes,Yes
TXN002897,352224,Machakos,Machakos,14,Withdraw,92,4,Yes,No,5,No,Yes
TXN002898,388768,Kiambu,Mombasa,17,Paybill,108,23,No,Yes,4,No,Yes
TXN002899,313383,Kisumu,Nairobi,13,Till,76,4,Yes,No,4,No,Yes
TXN002900,358891,Uasin Gishu,Uasin Gishu,22,Send Money,11,30,Yes,Yes,6,Yes,Yes
TXN002901,9104,Mombasa,Uasin Gishu,17,Paybill,8,29,Yes,Yes,4,Yes,Yes
TXN002902,218889,Machakos,Uasin Gishu,5,Withdraw,106,17,Yes,Yes,1,No,Yes
TXN002903,438175,Kiambu,Kakamega,18,Send Money,80,19,No,Yes,0,Yes,No
TXN002904,391040,Kakamega,Kisumu,4,Withdraw,1,1,No,Yes,2,No,Yes
TXN002905,25822,Kakamega,Kiambu,17,Till,91,7,Yes,Yes,0,Yes,No
TXN002906,322846,Mombasa,Kisumu,19,Till,64,24,Yes,No,3,No,Yes
TXN002907,46382,Kisumu,Nyeri,12,Send Money,38,11,Yes,Yes,5,Yes,Yes
TXN002908,422633,Kiambu,Nairobi,13,Till,49,2,No,Yes,2,Yes,No
TXN002909,444225,Meru,Machakos,1,Send Money,39,29,No,No,7,No,No
TXN002910,134884,Nakuru,Nairobi,3,Withdraw,112,3,No,No,6,No,No
TXN002911,172660,Nyeri,Nyeri,15,Withdraw,81,27,No,No,2,Yes,No
TXN002912,381734,Nakuru,Uasin Gishu,21,Send Money,113,13,No,No,3,Yes,No
TXN002913,218515,Nakuru,Nyeri,12,Send Money,83,5,Yes,Yes,1,Yes,Yes
TXN002914,483498,Nakuru,Nyeri,0,Paybill,36,16,No,No,1,Yes,No
TXN002915,172682,Meru,Kiambu,9,Send Money,16,25,No,No,3,Yes,No
TXN002916,308919,Machakos,Nakuru,9,Withdraw,92,25,Yes,No,7,Yes,Yes
TXN002917,67235,Nakuru,Nairobi,18,Till,72,8,No,Yes,6,No,No
TXN002918,382105,Nyeri,Nyeri,12,Withdraw,29,5,No,No,0,No,No
TXN002919,437680,Nyeri,Kisumu,5,Paybill,103,11,No,Yes,2,No,No
TXN002920,375914,Kisumu,Nakuru,11,Paybill,69,29,Yes,Yes,8,Yes,Yes
TXN002921,21930,Uasin Gishu,Kakamega,13,Withdraw,56,29,No,No,8,No,No
TXN002922,263442,Kakamega,Kiambu,23,Till,3,20,No,No,5,Yes,No
TXN002923,301270,Nakuru,Machakos,20,Paybill,42,27,No,No,2,Yes,No
TXN002924,42601,Kiambu,Nyeri,22,Withdraw,62,11,No,No,2,No,No
TXN002925,144981,Kisumu,Uasin Gishu,14,Till,12,22,Yes,No,8,No,Yes
TXN002926,398830,Machakos,Nakuru,8,Withdraw,16,27,Yes,No,6,No,Yes
TXN002927,186482,Mombasa,Meru,12,Withdraw,101,11,Yes,No,6,No,Yes
TXN002928,277601,Machakos,Nyeri,5,Send Money,77,14,Yes,Yes,0,Yes,Yes
TXN002929,437867,Meru,Kakamega,20,Paybill,15,13,Yes,Yes,1,No,Yes
TXN002930,90516,Nyeri,Nakuru,9,Paybill,119,9,Yes,Yes,8,No,Yes
TXN002931,251497,Mombasa,Nyeri,1,Till,49,14,Yes,No,6,Yes,Yes
TXN002932,4300,Mombasa,Machakos,7,Withdraw,102,7,Yes,No,8,Yes,No
TXN002933,392086,Machakos,Machakos,8,Till,31,12,No,No,7,Yes,No
TXN002934,218588,Nairobi,Meru,13,Withdraw,113,1,No,Yes,2,No,No
TXN002935,448731,Nairobi,Machakos,23,Paybill,35,30,No,Yes,7,Yes,Yes
TXN002936,207189,Nyeri,Machakos,13,Withdraw,119,23,No,Yes,1,Yes,No
TXN002937,387438,Mombasa,Machakos,10,Paybill,81,30,Yes,No,0,Yes,No
TXN002938,292121,Machakos,Nyeri,4,Send Money,32,28,Yes,No,7,No,Yes
TXN002939,479346,Meru,Machakos,12,Withdraw,21,13,Yes,No,4,Yes,Yes
TXN002940,336300,Nyeri,Meru,0,Withdraw,66,9,No,No,0,No,No
TXN002941,435280,Machakos,Machakos,2,Paybill,44,3,Yes,Yes,7,No,Yes
TXN002942,300250,Meru,Kisumu,10,Paybill,87,23,No,No,1,No,No
TXN002943,352468,Nyeri,Machakos,21,Withdraw,13,14,No,Yes,8,Yes,Yes
TXN002944,142715,Meru,Nairobi,15,Send Money,57,15,No,No,6,No,No
TXN002945,189656,Uasin Gishu,Nyeri,15,Withdraw,42,10,No,Yes,4,Yes,Yes
TXN002946,53447,Meru,Kiambu,19,Send Money,44,28,No,Yes,2,Yes,No
TXN002947,255313,Nakuru,Machakos,18,Withdraw,52,23,Yes,No,1,No,No
TXN002948,244693,Kiambu,Kakamega,14,Paybill,16,2,Yes,Yes,1,No,Yes
TXN002949,401916,Nyeri,Kakamega,4,Paybill,37,20,No,Yes,1,No,No
TXN002950,184807,Nakuru,Machakos,8,Withdraw,47,15,No,No,4,Yes,No
TXN002951,162065,Meru,Machakos,4,Paybill,13,13,No,No,7,Yes,No
TXN002952,451306,Meru,Machakos,15,Till,19,18,No,No,5,Yes,No
TXN002953,436710,Kisumu,Nyeri,8,Send Money,63,12,Yes,No,6,Yes,Yes
TXN002954,407261,Kakamega,Nairobi,9,Send Money,25,14,Yes,Yes,3,No,Yes
TXN002955,243851,Kakamega,Meru,15,Paybill,14,9,No,No,1,No,No
TXN002956,152537,Nyeri,Nakuru,15,Till,16,18,No,No,5,Yes,No
TXN002957,195537,Nairobi,Nakuru,19,Withdraw,92,25,No,Yes,1,No,No
TXN002958,52884,Mombasa,Kakamega,23,Send Money,3,3,No,No,0,Yes,No
TXN002959,492942,Meru,Kisumu,16,Till,50,15,No,Yes,7,No,Yes
TXN002960,164579,Meru,Nakuru,21,Withdraw,88,4,No,Yes,1,No,No
TXN002961,233447,Kakamega,Nakuru,11,Till,52,22,Yes,No,3,No,Yes
TXN002962,368745,Kakamega,Kisumu,4,Paybill,68,20,No,Yes,7,Yes,Yes
TXN002963,141655,Nakuru,Meru,0,Send Money,100,3,Yes,Yes,5,Yes,Yes
TXN002964,142711,Kiambu,Meru,7,Withdraw,25,2,No,No,2,No,No
TXN002965,212485,Kakamega,Mombasa,22,Till,109,22,Yes,No,7,No,Yes
TXN002966,272763,Machakos,Uasin Gishu,11,Paybill,3,7,Yes,Yes,7,Yes,Yes
TXN002967,204434,Nakuru,Kakamega,18,Till,106,1,Yes,No,2,No,No
TXN002968,371005,Uasin Gishu,Meru,3,Send Money,100,26,Yes,Yes,8,No,Yes
TXN002969,424853,Kiambu,Kisumu,10,Paybill,17,22,Yes,Yes,2,Yes,Yes
TXN002970,422156,Machakos,Meru,9,Withdraw,49,3,Yes,No,8,Yes,Yes
TXN002971,397577,Machakos,Nakuru,5,Till,98,11,No,No,4,No,No
TXN002972,359942,Nyeri,Mombasa,22,Till,105,11,No,No,1,Yes,No
TXN002973,44786,Machakos,Kisumu,1,Paybill,28,13,No,Yes,8,Yes,Yes
TXN002974,289780,Nyeri,Kiambu,3,Till,106,21,Yes,Yes,7,No,Yes
TXN002975,451962,Nairobi,Mombasa,8,Paybill,64,3,No,No,2,Yes,No
TXN002976,104030,Kisumu,Kakamega,5,Paybill,32,11,No,Yes,1,Yes,No
TXN002977,477895,Uasin Gishu,Kiambu,14,Withdraw,50,1,Yes,Yes,8,No,Yes
TXN002978,24277,Mombasa,Nyeri,7,Withdraw,94,19,Yes,No,7,No,Yes
TXN002979,197820,Kakamega,Mombasa,20,Withdraw,19,24,No,Yes,7,No,Yes
TXN002980,97327,Nyeri,Nairobi,21,Till,13,16,Yes,Yes,4,No,Yes
TXN002981,54040,Uasin Gishu,Kiambu,20,Till,65,13,Yes,Yes,3,Yes,Yes
TXN002982,417302,Meru,Meru,2,Withdraw,52,9,No,No,4,Yes,No
TXN002983,19451,Meru,Nairobi,18,Withdraw,42,23,Yes,Yes,6,No,Yes
TXN002984,338306,Meru,Kakamega,21,Send Money,2,8,No,Yes,5,Yes,Yes
TXN002985,64738,Nyeri,Kisumu,18,Withdraw,71,3,No,Yes,3,No,No
TXN002986,243606,Nakuru,Mombasa,19,Paybill,2,15,No,Yes,1,No,Yes
TXN002987,334344,Nairobi,Kisumu,5,Send Money,116,13,Yes,No,2,No,No
TXN002988,222056,Nyeri,Nairobi,4,Paybill,74,24,Yes,No,5,No,Yes
TXN002989,104376,Nairobi,Uasin Gishu,11,Withdraw,99,12,Yes,No,3,Yes,Yes
TXN002990,125518,Machakos,Kiambu,12,Paybill,114,26,No,Yes,7,No,Yes
TXN002991,404532,Mombasa,Kiambu,1,Send Money,89,23,No,Yes,0,Yes,No
TXN002992,78977,Machakos,Nyeri,20,Withdraw,117,18,Yes,Yes,1,No,Yes
TXN002993,296934,Kakamega,Kakamega,2,Withdraw,75,1,Yes,No,7,Yes,Yes
TXN002994,366663,Nairobi,Meru,9,Send Money,4,7,Yes,No,6,No,Yes
TXN002995,67981,Uasin Gishu,Kiambu,17,Paybill,33,30,No,Yes,5,Yes,Yes
TXN002996,398910,Uasin Gishu,Nyeri,8,Send Money,82,21,No,Yes,3,No,Yes
TXN002997,396440,Nairobi,Nairobi,12,Till,72,15,No,No,7,No,No
TXN002998,117721,Nakuru,Nairobi,7,Paybill,40,11,No,Yes,1,No,No
TXN002999,92873,Kiambu,Machakos,3,Send Money,34,19,No,No,5,No,No
TXN003000,158487,Mombasa,Nyeri,2,Till,70,9,Yes,No,7,Yes,Yes
TXN003001,202958,Nairobi,Kakamega,19,Till,3,28,No,No,2,No,No
TXN003002,428722,Mombasa,Mombasa,1,Withdraw,75,23,No,No,6,Yes,No
TXN003003,499886,Kiambu,Machakos,13,Till,74,16,No,No,7,No,No
TXN003004,241922,Meru,Nakuru,9,Till,20,17,No,Yes,2,No,No
TXN003005,140749,Uasin Gishu,Nyeri,11,Withdraw,88,1,Yes,Yes,8,No,Yes
TXN003006,6030,Nakuru,Nyeri,4,Withdraw,108,14,No,Yes,6,Yes,Yes
TXN003007,409931,Kakamega,Meru,11,Withdraw,71,16,Yes,No,7,No,Yes
TXN003008,21483,Nakuru,Kakamega,14,Paybill,97,21,Yes,No,2,No,No
TXN003009,461078,Kakamega,Nakuru,11,Send Money,96,26,No,Yes,1,Yes,No
TXN003010,68216,Uasin Gishu,Nyeri,20,Paybill,71,20,No,Yes,2,Yes,No
TXN003011,150740,Kisumu,Nakuru,19,Paybill,26,6,Yes,Yes,3,Yes,Yes
TXN003012,132291,Meru,Kiambu,22,Paybill,36,13,Yes,No,0,No,No
TXN003013,356592,Machakos,Kakamega,17,Withdraw,118,1,No,No,2,Yes,No
TXN003014,169457,Nakuru,Kakamega,22,Send Money,100,5,No,Yes,2,No,No
TXN003015,17354,Kiambu,Nyeri,15,Till,101,13,No,No,8,No,No
TXN003016,128714,Machakos,Kiambu,4,Send Money,14,4,Yes,No,2,No,No
TXN003017,169910,Machakos,Nairobi,15,Withdraw,32,15,No,No,2,No,No
TXN003018,288748,Nairobi,Nakuru,23,Paybill,68,21,No,No,0,Yes,No
TXN003019,88541,Meru,Machakos,17,Withdraw,16,8,Yes,No,0,Yes,No
TXN003020,217475,Kisumu,Nyeri,15,Paybill,119,7,Yes,No,8,No,Yes
TXN003021,433303,Meru,Machakos,13,Paybill,103,23,Yes,No,2,No,No
TXN003022,302185,Mombasa,Uasin Gishu,0,Paybill,105,4,No,No,4,No,No
TXN003023,102127,Machakos,Mombasa,22,Send Money,98,6,Yes,No,0,Yes,No
TXN003024,93791,Nairobi,Kisumu,21,Paybill,68,16,No,No,1,Yes,No
TXN003025,383106,Kiambu,Machakos,8,Send Money,91,21,Yes,Yes,7,No,Yes
TXN003026,208899,Kiambu,Uasin Gishu,13,Paybill,36,17,No,Yes,1,Yes,No
TXN003027,458511,Uasin Gishu,Meru,14,Till,60,11,Yes,Yes,5,Yes,Yes
TXN003028,144635,Kakamega,Nyeri,10,Till,22,27,Yes,Yes,6,Yes,Yes
TXN003029,385372,Nyeri,Kakamega,4,Paybill,70,30,Yes,Yes,0,No,Yes
TXN003030,361176,Mombasa,Kiambu,10,Withdraw,72,7,No,Yes,6,Yes,Yes
TXN003031,311696,Kiambu,Nyeri,10,Send Money,20,8,Yes,No,7,Yes,Yes
TXN003032,325612,Mombasa,Meru,13,Withdraw,82,15,Yes,Yes,5,Yes,Yes
TXN003033,319500,Mombasa,Meru,4,Send Money,109,16,Yes,Yes,2,No,Yes
TXN003034,62523,Nakuru,Kisumu,18,Withdraw,109,18,Yes,No,2,Yes,No
TXN003035,441383,Nyeri,Kisumu,18,Send Money,1,27,No,Yes,7,No,Yes
TXN003036,180232,Uasin Gishu,Nakuru,19,Withdraw,69,21,No,No,1,Yes,No
TXN003037,43713,Kakamega,Kiambu,22,Send Money,37,20,Yes,Yes,7,No,Yes
TXN003038,415137,Nakuru,Meru,13,Paybill,40,30,Yes,No,8,No,Yes
TXN003039,202151,Kiambu,Meru,15,Withdraw,17,12,Yes,Yes,1,Yes,Yes
TXN003040,123590,Kiambu,Kiambu,6,Till,98,30,No,No,7,Yes,No
TXN003041,103624,Kisumu,Meru,12,Till,81,29,No,No,7,No,No
TXN003042,249900,Kisumu,Meru,18,Send Money,15,11,No,No,3,Yes,No
TXN003043,400028,Kiambu,Kakamega,18,Withdraw,104,8,No,Yes,4,Yes,Yes
TXN003044,26560,Uasin Gishu,Machakos,15,Paybill,81,1,Yes,No,0,Yes,No
TXN003045,250597,Kisumu,Kisumu,11,Till,54,5,No,Yes,6,No,Yes
TXN003046,311424,Nairobi,Meru,2,Till,20,30,Yes,Yes,6,Yes,Yes
TXN003047,483942,Kakamega,Nakuru,3,Send Money,107,21,Yes,Yes,5,Yes,Yes
TXN003048,394389,Kiambu,Kakamega,10,Withdraw,59,6,Yes,No,4,Yes,Yes
TXN003049,299721,Kisumu,Meru,7,Paybill,101,1,Yes,Yes,8,No,Yes
TXN003050,173043,Kisumu,Meru,17,Paybill,79,17,No,No,4,Yes,No
TXN003051,437339,Kakamega,Mombasa,11,Paybill,102,25,No,No,6,No,No
TXN003052,452533,Kiambu,Kakamega,23,Paybill,77,1,Yes,Yes,6,Yes,Yes
TXN003053,211172,Meru,Nairobi,22,Send Money,42,1,Yes,Yes,2,Yes,Yes
TXN003054,226712,Kiambu,Kisumu,14,Withdraw,39,27,No,No,1,No,No
TXN003055,130817,Kiambu,Kisumu,20,Paybill,108,24,No,No,4,Yes,No
TXN003056,65555,Kakamega,Machakos,8,Paybill,52,20,No,Yes,0,No,No
TXN003057,326142,Machakos,Nakuru,23,Paybill,26,10,Yes,No,0,No,No
TXN003058,414858,Machakos,Kakamega,6,Paybill,89,12,Yes,No,8,Yes,Yes
TXN003059,433759,Kakamega,Nakuru,8,Till,103,27,Yes,Yes,3,Yes,Yes
TXN003060,130362,Uasin Gishu,Kiambu,3,Paybill,81,29,Yes,Yes,2,Yes,Yes
TXN003061,80018,Nakuru,Kakamega,5,Send Money,38,25,No,No,0,No,No
TXN003062,126784,Nairobi,Kisumu,7,Paybill,30,12,Yes,No,1,No,No
TXN003063,171310,Machakos,Machakos,17,Withdraw,13,27,Yes,No,1,No,No
TXN003064,28434,Kisumu,Kiambu,10,Withdraw,103,19,No,Yes,4,Yes,Yes
TXN003065,160245,Kisumu,Machakos,7,Send Money,10,3,Yes,No,5,Yes,Yes
TXN003066,493604,Nairobi,Machakos,22,Paybill,63,25,Yes,Yes,3,No,Yes
TXN003067,382374,Machakos,Kakamega,10,Till,89,10,No,Yes,7,Yes,Yes
TXN003068,260189,Nyeri,Kisumu,8,Withdraw,16,29,No,No,3,Yes,No
TXN003069,129041,Mombasa,Nyeri,21,Till,3,27,No,Yes,6,Yes,Yes
TXN003070,467598,Nairobi,Kakamega,13,Send Money,92,14,Yes,No,2,Yes,No
TXN003071,163974,Nyeri,Machakos,21,Withdraw,6,10,Yes,Yes,5,No,Yes
TXN003072,312340,Uasin Gishu,Nairobi,16,Send Money,58,15,Yes,No,3,Yes,Yes
TXN003073,390729,Kiambu,Uasin Gishu,23,Send Money,98,19,Yes,Yes,0,Yes,Yes
TXN003074,445474,Nyeri,Meru,6,Send Money,7,24,Yes,Yes,7,Yes,Yes
TXN003075,147399,Nyeri,Nyeri,3,Withdraw,103,29,No,Yes,6,Yes,Yes
TXN003076,266522,Uasin Gishu,Meru,1,Till,61,23,No,Yes,8,No,Yes
TXN003077,329151,Uasin Gishu,Kakamega,5,Send Money,5,22,No,No,6,Yes,No
TXN003078,6357,Kiambu,Kakamega,4,Paybill,62,5,No,Yes,0,Yes,No
TXN003079,240227,Nyeri,Nakuru,23,Send Money,27,12,No,No,0,No,No
TXN003080,279740,Mombasa,Kiambu,11,Till,29,2,No,No,8,No,No
TXN003081,318588,Uasin Gishu,Kakamega,8,Send Money,71,7,No,No,1,No,No
TXN003082,494883,Nyeri,Machakos,15,Send Money,56,13,No,No,5,Yes,No
TXN003083,44090,Meru,Machakos,12,Paybill,55,10,No,No,0,No,No
TXN003084,159260,Meru,Kisumu,0,Send Money,32,30,Yes,Yes,7,Yes,Yes
TXN003085,70673,Nakuru,Kakamega,22,Withdraw,45,17,No,No,5,Yes,No
TXN003086,252814,Kakamega,Nyeri,15,Send Money,102,8,Yes,Yes,1,No,Yes
TXN003087,310377,Nyeri,Kakamega,21,Paybill,101,6,No,Yes,5,No,Yes
TXN003088,6664,Machakos,Kiambu,10,Till,110,4,Yes,No,0,Yes,No
TXN003089,12514,Meru,Meru,17,Paybill,85,2,No,No,0,Yes,No
TXN003090,297860,Kisumu,Kiambu,12,Send Money,109,16,No,No,3,No,No
TXN003091,205428,Nairobi,Nairobi,0,Send Money,28,1,Yes,No,3,Yes,Yes
TXN003092,152643,Kakamega,Kiambu,3,Withdraw,29,11,Yes,No,3,Yes,Yes
TXN003093,297918,Uasin Gishu,Kisumu,16,Withdraw,73,21,No,No,4,No,No
TXN003094,363479,Machakos,Kisumu,14,Till,25,12,Yes,No,2,Yes,No
TXN003095,331314,Nairobi,Kisumu,7,Till,52,2,Yes,Yes,2,Yes,Yes
TXN003096,20472,Machakos,Mombasa,21,Till,48,13,No,No,1,Yes,No
TXN003097,271975,Nyeri,Nairobi,10,Send Money,73,24,Yes,No,1,Yes,No
TXN003098,216485,Meru,Kisumu,15,Till,52,14,Yes,Yes,2,Yes,Yes
TXN003099,404445,Mombasa,Machakos,4,Withdraw,36,16,Yes,No,3,No,Yes
TXN003100,204998,Nairobi,Kisumu,5,Till,79,11,No,No,4,Yes,No
TXN003101,363947,Nakuru,Kakamega,7,Withdraw,72,5,No,No,3,Yes,No
TXN003102,40320,Nyeri,Nairobi,22,Paybill,39,12,Yes,Yes,1,Yes,Yes
TXN003103,199415,Meru,Uasin Gishu,0,Withdraw,87,13,Yes,No,1,Yes,No
TXN003104,44755,Mombasa,Meru,19,Paybill,4,9,No,Yes,8,Yes,No
TXN003105,384687,Uasin Gishu,Nyeri,17,Paybill,41,28,No,Yes,4,No,Yes
TXN003106,151813,Mombasa,Nakuru,2,Send Money,9,2,Yes,No,1,No,No
TXN003107,58174,Mombasa,Nakuru,5,Till,110,28,Yes,No,0,No,No
TXN003108,333592,Nairobi,Nyeri,11,Withdraw,15,15,Yes,No,4,No,Yes
TXN003109,764,Mombasa,Kiambu,21,Withdraw,74,24,No,Yes,6,No,Yes
TXN003110,276122,Machakos,Uasin Gishu,8,Till,28,3,Yes,Yes,1,No,Yes
TXN003111,248458,Meru,Kiambu,1,Withdraw,17,25,Yes,No,5,No,Yes
TXN003112,380496,Kiambu,Meru,20,Withdraw,35,1,Yes,Yes,7,No,Yes
TXN003113,1995,Meru,Kiambu,2,Paybill,78,8,Yes,Yes,3,No,Yes
TXN003114,427774,Nairobi,Nakuru,5,Withdraw,81,13,No,Yes,0,No,No
TXN003115,398025,Machakos,Kakamega,12,Paybill,104,15,No,Yes,1,Yes,No
TXN003116,45971,Machakos,Kiambu,13,Send Money,88,27,Yes,Yes,0,No,Yes
TXN003117,86947,Nairobi,Nairobi,8,Withdraw,42,8,No,Yes,6,No,No
TXN003118,152404,Meru,Nyeri,18,Till,67,13,No,No,8,No,No
TXN003119,266789,Uasin Gishu,Mombasa,0,Send Money,33,17,Yes,No,0,Yes,No
TXN003120,483104,Kakamega,Nakuru,20,Withdraw,115,15,No,Yes,1,No,No
TXN003121,164256,Kakamega,Nyeri,3,Send Money,74,30,No,Yes,3,Yes,Yes
TXN003122,488464,Nairobi,Kiambu,19,Send Money,114,3,No,Yes,6,Yes,Yes
TXN003123,89294,Machakos,Machakos,18,Withdraw,119,3,No,No,4,Yes,No
TXN003124,234794,Meru,Uasin Gishu,22,Till,36,8,Yes,Yes,8,No,Yes
TXN003125,196147,Nakuru,Machakos,7,Send Money,21,8,Yes,No,0,Yes,No
TXN003126,459553,Uasin Gishu,Machakos,6,Withdraw,120,25,Yes,No,2,No,No
TXN003127,376296,Kakamega,Nakuru,18,Till,15,24,No,No,3,Yes,No
TXN003128,400264,Kisumu,Nakuru,23,Till,55,23,Yes,No,8,No,Yes
TXN003129,443491,Uasin Gishu,Nyeri,14,Send Money,68,13,No,Yes,2,No,No
TXN003130,136770,Kakamega,Meru,12,Withdraw,90,3,Yes,No,3,Yes,Yes
TXN003131,491426,Kakamega,Nakuru,10,Withdraw,5,14,Yes,No,5,Yes,Yes
TXN003132,318568,Nairobi,Uasin Gishu,22,Paybill,17,4,Yes,No,2,No,No
TXN003133,489977,Nakuru,Meru,17,Withdraw,113,12,No,No,4,No,No
TXN003134,8216,Nakuru,Meru,22,Paybill,14,10,No,No,7,Yes,No
TXN003135,131403,Uasin Gishu,Meru,4,Till,85,5,No,Yes,8,No,Yes
TXN003136,168951,Uasin Gishu,Nairobi,0,Send Money,17,20,Yes,No,0,Yes,No
TXN003137,349650,Uasin Gishu,Mombasa,13,Send Money,11,26,Yes,Yes,1,No,Yes
TXN003138,443643,Kisumu,Mombasa,7,Send Money,75,15,Yes,No,4,Yes,Yes
TXN003139,24627,Uasin Gishu,Meru,19,Send Money,87,24,Yes,Yes,8,No,Yes
TXN003140,400690,Nakuru,Mombasa,1,Till,88,22,No,No,2,Yes,No
TXN003141,348864,Uasin Gishu,Machakos,10,Withdraw,34,17,Yes,No,7,Yes,Yes
TXN003142,36858,Kisumu,Nairobi,13,Paybill,78,5,Yes,Yes,8,Yes,Yes
TXN003143,393608,Uasin Gishu,Mombasa,20,Paybill,11,17,No,No,1,No,No
TXN003144,434406,Uasin Gishu,Meru,7,Withdraw,4,5,Yes,No,4,Yes,Yes
TXN003145,265729,Kiambu,Nairobi,7,Paybill,25,11,Yes,No,7,No,Yes
TXN003146,118186,Kisumu,Nyeri,4,Withdraw,101,19,Yes,Yes,2,No,Yes
TXN003147,422124,Kakamega,Meru,8,Till,59,30,Yes,Yes,6,Yes,Yes
TXN003148,443419,Kiambu,Kiambu,9,Till,111,6,Yes,No,2,No,No
TXN003149,398572,Mombasa,Mombasa,9,Paybill,32,26,No,No,8,Yes,No
TXN003150,115805,Machakos,Nyeri,15,Withdraw,6,14,No,Yes,8,Yes,Yes
TXN003151,44705,Kisumu,Kakamega,16,Withdraw,108,11,No,No,0,No,No
TXN003152,487150,Nairobi,Kiambu,12,Paybill,79,2,Yes,No,1,Yes,No
TXN003153,245396,Nairobi,Nakuru,4,Paybill,22,4,No,Yes,6,No,Yes
TXN003154,169919,Machakos,Meru,18,Withdraw,66,10,Yes,Yes,2,No,Yes
TXN003155,245630,Meru,Machakos,11,Send Money,99,8,No,Yes,5,No,Yes
TXN003156,295918,Mombasa,Mombasa,2,Withdraw,83,27,Yes,No,7,No,Yes
TXN003157,354160,Kisumu,Machakos,12,Withdraw,28,13,No,Yes,3,No,Yes
TXN003158,452429,Kisumu,Nakuru,6,Send Money,56,4,Yes,Yes,5,No,Yes
TXN003159,417636,Nairobi,Nyeri,22,Paybill,2,18,Yes,No,6,Yes,Yes
TXN003160,303107,Nakuru,Kisumu,3,Send Money,22,21,No,Yes,8,No,Yes
TXN003161,465605,Nakuru,Uasin Gishu,11,Till,61,22,Yes,Yes,2,No,Yes
TXN003162,285665,Nairobi,Mombasa,19,Withdraw,45,5,Yes,Yes,7,Yes,Yes
TXN003163,443049,Kiambu,Mombasa,13,Paybill,3,18,No,Yes,8,No,Yes
TXN003164,256980,Mombasa,Kisumu,19,Till,79,23,No,Yes,6,No,Yes
TXN003165,185376,Nairobi,Nyeri,3,Till,43,3,Yes,Yes,5,Yes,Yes
TXN003166,361093,Kisumu,Nakuru,22,Send Money,69,25,No,Yes,2,No,No
TXN003167,6794,Nakuru,Machakos,1,Paybill,27,14,Yes,No,2,Yes,No
TXN003168,391075,Kisumu,Kiambu,6,Withdraw,84,17,Yes,Yes,3,No,Yes
TXN003169,173533,Meru,Mombasa,13,Withdraw,104,7,Yes,No,2,Yes,No
TXN003170,115977,Kiambu,Nairobi,7,Paybill,16,14,No,No,8,No,No
TXN003171,449956,Nairobi,Uasin Gishu,3,Withdraw,1,9,No,No,4,Yes,Yes
TXN003172,205027,Kiambu,Machakos,17,Send Money,34,19,No,Yes,0,No,No
TXN003173,52401,Kisumu,Meru,13,Paybill,43,24,Yes,No,6,No,Yes
TXN003174,270438,Machakos,Nairobi,10,Send Money,1,19,Yes,No,1,Yes,Yes
TXN003175,343037,Mombasa,Machakos,5,Till,79,26,No,No,1,Yes,No
TXN003176,195335,Machakos,Nyeri,17,Paybill,21,23,Yes,Yes,2,Yes,Yes
TXN003177,239140,Nairobi,Kiambu,15,Withdraw,83,15,No,Yes,5,No,Yes
TXN003178,91463,Mombasa,Mombasa,10,Paybill,44,24,Yes,No,0,Yes,No
TXN003179,428430,Nyeri,Nyeri,17,Paybill,42,11,No,Yes,7,No,Yes
TXN003180,210743,Nakuru,Nairobi,8,Till,6,8,Yes,No,4,Yes,Yes
TXN003181,420708,Mombasa,Kiambu,4,Paybill,116,18,Yes,No,1,No,No
TXN003182,319421,Meru,Kisumu,1,Till,115,8,No,No,4,No,No
TXN003183,386163,Kakamega,Meru,19,Send Money,102,12,No,No,5,No,No
TXN003184,56135,Machakos,Kakamega,13,Paybill,88,7,No,Yes,0,No,No
TXN003185,231864,Nairobi,Nyeri,18,Till,112,9,No,Yes,1,No,No
TXN003186,278240,Kisumu,Mombasa,6,Paybill,74,15,Yes,Yes,5,Yes,Yes
TXN003187,198710,Kiambu,Kakamega,13,Send Money,91,17,No,Yes,0,Yes,No
TXN003188,68157,Uasin Gishu,Mombasa,23,Send Money,86,17,Yes,Yes,7,No,Yes
TXN003189,392060,Machakos,Uasin Gishu,1,Paybill,32,24,No,Yes,7,Yes,Yes
TXN003190,110802,Nyeri,Meru,16,Withdraw,67,22,No,No,2,No,No
TXN003191,268763,Nakuru,Nairobi,22,Send Money,84,4,No,Yes,7,No,Yes
TXN003192,338241,Kiambu,Machakos,14,Till,1,16,Yes,No,4,No,Yes
TXN003193,455943,Uasin Gishu,Meru,5,Withdraw,103,10,No,Yes,0,No,No
TXN003194,71058,Kakamega,Machakos,18,Send Money,50,21,No,No,3,No,No
TXN003195,361478,Meru,Nyeri,10,Send Money,51,1,No,Yes,5,Yes,Yes
TXN003196,242303,Kakamega,Nyeri,7,Withdraw,104,20,No,No,8,No,No
TXN003197,172994,Nakuru,Kiambu,21,Send Money,54,22,Yes,No,7,No,Yes
TXN003198,256324,Kakamega,Kakamega,12,Send Money,108,23,Yes,Yes,7,Yes,Yes
TXN003199,461508,Kakamega,Nyeri,17,Paybill,118,22,Yes,No,0,Yes,No
TXN003200,203423,Kiambu,Nairobi,7,Paybill,75,6,Yes,Yes,3,No,Yes
TXN003201,214379,Nairobi,Kisumu,7,Send Money,75,19,No,Yes,8,No,Yes
TXN003202,401119,Kakamega,Nakuru,10,Till,18,30,No,No,3,Yes,No
TXN003203,424126,Nakuru,Kisumu,4,Paybill,16,10,No,Yes,4,Yes,Yes
TXN003204,140474,Nairobi,Meru,7,Till,62,16,Yes,No,6,No,Yes
TXN003205,164657,Nairobi,Uasin Gishu,3,Withdraw,48,12,No,Yes,2,Yes,No
TXN003206,131896,Meru,Kiambu,15,Withdraw,10,7,No,No,4,No,No
TXN003207,58328,Kakamega,Nairobi,13,Till,99,6,Yes,Yes,1,Yes,No
TXN003208,15602,Kisumu,Nyeri,20,Paybill,57,24,No,Yes,2,Yes,No
TXN003209,344095,Kiambu,Uasin Gishu,17,Till,91,21,Yes,No,6,No,Yes
TXN003210,130247,Machakos,Meru,10,Send Money,86,1,No,No,5,No,No
TXN003211,66146,Kakamega,Kakamega,17,Till,53,7,No,No,0,No,No
TXN003212,483932,Nakuru,Meru,23,Send Money,102,7,Yes,Yes,7,No,Yes
TXN003213,137860,Nakuru,Uasin Gishu,18,Withdraw,87,27,No,Yes,0,Yes,No
TXN003214,377994,Kisumu,Kisumu,1,Withdraw,85,27,Yes,No,0,Yes,No
TXN003215,196408,Meru,Nairobi,13,Withdraw,44,22,Yes,No,1,No,No
TXN003216,12505,Nairobi,Nairobi,6,Paybill,118,24,Yes,No,1,Yes,No
TXN003217,132616,Kisumu,Mombasa,12,Paybill,40,20,Yes,No,6,No,Yes
TXN003218,381792,Meru,Kisumu,18,Withdraw,10,18,Yes,Yes,3,Yes,Yes
TXN003219,410670,Nakuru,Nairobi,15,Send Money,84,20,Yes,Yes,0,No,Yes
TXN003220,83734,Kisumu,Nyeri,7,Withdraw,23,30,No,Yes,0,Yes,No
TXN003221,233081,Kiambu,Meru,17,Till,96,9,Yes,No,0,No,No
TXN003222,257473,Nairobi,Uasin Gishu,6,Paybill,95,18,No,Yes,8,Yes,Yes
TXN003223,83296,Meru,Nyeri,1,Till,89,22,Yes,Yes,2,No,Yes
TXN003224,135676,Kisumu,Kiambu,15,Withdraw,54,23,No,No,8,No,No
TXN003225,6939,Kakamega,Kisumu,22,Till,109,19,No,Yes,6,No,Yes
TXN003226,480725,Kakamega,Nyeri,14,Till,105,11,Yes,No,7,Yes,Yes
TXN003227,246084,Meru,Kiambu,13,Till,64,18,No,Yes,7,Yes,Yes
TXN003228,250948,Meru,Nyeri,16,Withdraw,60,15,Yes,No,1,Yes,No
TXN003229,499956,Meru,Kisumu,16,Paybill,118,5,No,Yes,6,Yes,Yes
TXN003230,468543,Kakamega,Nairobi,0,Till,52,22,Yes,No,4,Yes,Yes
TXN003231,102744,Uasin Gishu,Uasin Gishu,17,Send Money,111,16,Yes,No,0,No,No
TXN003232,416805,Meru,Machakos,20,Send Money,26,3,No,No,4,No,No
TXN003233,75728,Kisumu,Nyeri,21,Till,60,19,Yes,Yes,2,No,Yes
TXN003234,124947,Mombasa,Meru,19,Send Money,48,22,No,Yes,6,Yes,Yes
TXN003235,323433,Nairobi,Mombasa,15,Send Money,72,22,No,Yes,8,No,Yes
TXN003236,362930,Kisumu,Nairobi,15,Withdraw,66,25,No,No,1,No,No
TXN003237,340241,Kiambu,Nakuru,7,Withdraw,14,24,Yes,No,4,Yes,Yes
TXN003238,287345,Kiambu,Uasin Gishu,2,Send Money,75,12,No,No,7,Yes,No
TXN003239,171766,Nairobi,Mombasa,15,Till,9,3,Yes,Yes,0,No,Yes
TXN003240,14770,Machakos,Kiambu,18,Withdraw,93,6,Yes,No,0,Yes,No
TXN003241,85756,Nairobi,Kisumu,19,Withdraw,88,25,Yes,Yes,0,Yes,Yes
TXN003242,191139,Nakuru,Meru,13,Till,116,20,No,No,7,No,No
TXN003243,312002,Machakos,Kisumu,12,Till,111,24,No,No,4,Yes,No
TXN003244,350771,Kiambu,Mombasa,11,Paybill,84,6,Yes,No,1,No,No
TXN003245,231160,Kakamega,Meru,7,Withdraw,38,2,No,Yes,3,Yes,Yes
TXN003246,413930,Uasin Gishu,Nairobi,16,Till,55,26,No,No,6,Yes,No
TXN003247,180145,Machakos,Nyeri,9,Withdraw,64,25,Yes,No,4,Yes,Yes
TXN003248,270693,Nakuru,Machakos,16,Withdraw,66,3,No,No,0,Yes,No
TXN003249,89658,Kiambu,Machakos,0,Withdraw,37,24,Yes,No,7,No,Yes
TXN003250,109678,Kakamega,Meru,3,Send Money,24,9,No,Yes,5,Yes,Yes
TXN003251,472623,Uasin Gishu,Uasin Gishu,16,Till,15,3,Yes,No,1,No,No
TXN003252,312763,Meru,Uasin Gishu,3,Paybill,29,27,Yes,Yes,3,No,Yes
TXN003253,27478,Nairobi,Kisumu,4,Withdraw,105,22,No,Yes,4,Yes,Yes
TXN003254,138827,Machakos,Kiambu,17,Paybill,20,12,No,Yes,0,No,No
TXN003255,431348,Kiambu,Kakamega,21,Till,74,17,No,Yes,2,Yes,No
TXN003256,319262,Nairobi,Kiambu,5,Paybill,94,18,No,No,4,No,No
TXN003257,490508,Mombasa,Kiambu,13,Send Money,59,4,No,No,7,Yes,No
TXN003258,240179,Kisumu,Meru,5,Withdraw,24,16,No,Yes,4,No,Yes
TXN003259,233889,Kakamega,Machakos,9,Till,111,27,No,No,8,No,No
TXN003260,172744,Kiambu,Nairobi,3,Paybill,66,9,No,No,1,Yes,No
TXN003261,378608,Meru,Uasin Gishu,5,Withdraw,120,19,Yes,No,0,No,No
TXN003262,174570,Nyeri,Meru,0,Send Money,85,3,Yes,No,6,Yes,Yes
TXN003263,80366,Uasin Gishu,Machakos,13,Send Money,108,9,No,No,7,Yes,No
TXN003264,482983,Kisumu,Kisumu,22,Paybill,114,3,No,No,8,No,No
TXN003265,455033,Meru,Kiambu,16,Send Money,115,2,No,Yes,6,No,Yes
TXN003266,454287,Kisumu,Kakamega,20,Till,41,8,Yes,No,0,Yes,No
TXN003267,126546,Mombasa,Nyeri,13,Paybill,32,2,Yes,No,2,No,No
TXN003268,149088,Mombasa,Kisumu,20,Send Money,39,15,No,No,3,Yes,No
TXN003269,109996,Nyeri,Kakamega,17,Send Money,70,23,Yes,No,8,Yes,Yes
TXN003270,475144,Meru,Nyeri,10,Withdraw,51,14,Yes,No,4,No,Yes
TXN003271,197553,Nyeri,Nairobi,5,Paybill,30,12,No,No,4,Yes,No
TXN003272,177567,Machakos,Meru,8,Withdraw,18,3,Yes,No,6,Yes,Yes
TXN003273,309029,Nyeri,Kiambu,14,Send Money,119,23,No,Yes,8,Yes,Yes
TXN003274,172193,Meru,Nyeri,17,Withdraw,20,2,Yes,Yes,3,Yes,Yes
TXN003275,47849,Nakuru,Uasin Gishu,12,Withdraw,102,24,Yes,Yes,2,Yes,Yes
TXN003276,153655,Kisumu,Uasin Gishu,17,Till,17,26,No,No,8,No,No
TXN003277,97647,Kisumu,Nairobi,16,Withdraw,61,5,No,No,0,Yes,No
TXN003278,235369,Uasin Gishu,Kisumu,21,Paybill,72,8,No,No,1,Yes,No
TXN003279,431999,Machakos,Uasin Gishu,5,Paybill,29,9,No,No,7,Yes,No
TXN003280,341033,Kiambu,Machakos,6,Till,17,28,No,No,0,Yes,No
TXN003281,278310,Kakamega,Nakuru,23,Paybill,46,23,No,Yes,0,Yes,No
TXN003282,89291,Kiambu,Nairobi,23,Paybill,71,12,No,Yes,4,Yes,Yes
TXN003283,173624,Meru,Kakamega,14,Send Money,44,11,No,No,8,Yes,No
TXN003284,153756,Machakos,Meru,13,Till,14,4,No,No,8,Yes,No
TXN003285,209624,Machakos,Uasin Gishu,19,Send Money,112,21,No,Yes,8,No,Yes
TXN003286,155774,Nakuru,Kisumu,22,Paybill,36,17,No,No,7,Yes,No
TXN003287,326995,Machakos,Nyeri,14,Withdraw,109,3,Yes,No,8,No,Yes
TXN003288,15258,Machakos,Meru,18,Till,2,22,No,Yes,3,No,Yes
TXN003289,83757,Nyeri,Meru,10,Paybill,54,9,Yes,No,6,Yes,No
TXN003290,31065,Mombasa,Nakuru,23,Withdraw,11,5,Yes,Yes,3,Yes,Yes
TXN003291,47821,Nakuru,Machakos,13,Send Money,111,25,No,Yes,8,Yes,Yes
TXN003292,168067,Mombasa,Machakos,6,Paybill,115,29,Yes,Yes,8,Yes,Yes
TXN003293,239667,Nairobi,Kisumu,20,Withdraw,36,27,Yes,No,6,No,Yes
TXN003294,257476,Machakos,Meru,13,Till,22,17,No,Yes,5,No,Yes
TXN003295,242627,Meru,Machakos,19,Till,90,30,No,No,7,No,No
TXN003296,192906,Kisumu,Meru,22,Send Money,4,29,No,No,3,No,No
TXN003297,232367,Meru,Machakos,5,Till,15,10,No,No,1,Yes,No
TXN003298,68722,Nyeri,Nyeri,5,Send Money,95,28,No,Yes,0,No,No
TXN003299,206806,Kiambu,Machakos,15,Till,84,11,Yes,Yes,2,Yes,Yes
TXN003300,372573,Kisumu,Kakamega,20,Withdraw,38,11,Yes,Yes,3,Yes,Yes
TXN003301,401148,Nyeri,Nyeri,4,Till,80,29,No,No,3,Yes,No
TXN003302,498685,Kisumu,Kiambu,9,Send Money,8,7,No,Yes,2,Yes,No
TXN003303,386337,Nairobi,Meru,8,Send Money,90,6,Yes,No,3,No,Yes
TXN003304,92339,Machakos,Kakamega,18,Till,103,23,Yes,Yes,5,Yes,Yes
TXN003305,305707,Mombasa,Kisumu,20,Paybill,73,2,Yes,No,7,No,Yes
TXN003306,474130,Nyeri,Meru,2,Send Money,20,11,No,No,0,Yes,No
TXN003307,106976,Kakamega,Mombasa,6,Paybill,103,10,Yes,No,8,No,Yes
TXN003308,315056,Nyeri,Uasin Gishu,2,Paybill,99,22,No,Yes,7,No,Yes
TXN003309,258822,Nairobi,Kisumu,19,Send Money,31,10,Yes,Yes,1,Yes,Yes
TXN003310,462918,Mombasa,Kiambu,18,Till,90,23,Yes,Yes,3,Yes,Yes
TXN003311,293904,Kiambu,Machakos,5,Paybill,5,6,Yes,Yes,6,No,Yes
TXN003312,61400,Mombasa,Nakuru,6,Till,106,19,Yes,Yes,8,Yes,Yes
TXN003313,205861,Nakuru,Uasin Gishu,20,Withdraw,72,24,Yes,Yes,7,Yes,Yes
TXN003314,256456,Nakuru,Nyeri,18,Send Money,7,10,Yes,No,1,Yes,No
TXN003315,324259,Nairobi,Mombasa,7,Paybill,15,29,No,No,0,No,No
TXN003316,409897,Uasin Gishu,Nairobi,15,Send Money,21,1,Yes,No,4,No,Yes
TXN003317,134321,Kakamega,Kakamega,11,Paybill,115,17,No,No,5,Yes,No
TXN003318,187800,Uasin Gishu,Nakuru,3,Withdraw,91,28,No,Yes,3,Yes,Yes
TXN003319,13732,Machakos,Kakamega,0,Paybill,107,7,No,Yes,1,Yes,No
TXN003320,398347,Uasin Gishu,Kakamega,0,Send Money,110,19,No,Yes,0,No,No
TXN003321,181123,Meru,Nakuru,22,Paybill,77,20,No,No,6,No,No
TXN003322,401585,Mombasa,Machakos,16,Send Money,32,7,No,Yes,0,No,No
TXN003323,409702,Nyeri,Uasin Gishu,6,Paybill,4,19,No,Yes,4,Yes,Yes
TXN003324,95787,Nyeri,Kakamega,9,Till,28,10,Yes,Yes,6,No,Yes
TXN003325,462306,Machakos,Meru,23,Send Money,90,18,Yes,Yes,3,No,Yes
TXN003326,440834,Nyeri,Kisumu,21,Till,74,16,Yes,Yes,8,No,Yes
TXN003327,288623,Nakuru,Meru,3,Withdraw,44,24,No,No,5,Yes,No
TXN003328,409897,Kakamega,Nyeri,17,Paybill,4,7,No,Yes,3,No,Yes
TXN003329,287257,Nakuru,Nyeri,0,Send Money,91,16,Yes,No,3,Yes,Yes
TXN003330,135367,Nyeri,Kiambu,13,Withdraw,89,8,No,No,7,No,No
TXN003331,471167,Uasin Gishu,Nakuru,15,Send Money,103,9,No,No,4,Yes,No
TXN003332,68348,Machakos,Kisumu,18,Withdraw,5,13,Yes,Yes,7,No,Yes
TXN003333,252120,Nairobi,Nyeri,3,Send Money,52,2,Yes,No,5,No,Yes
TXN003334,392897,Kisumu,Nyeri,3,Till,100,9,No,Yes,5,No,Yes
TXN003335,372996,Nyeri,Uasin Gishu,3,Send Money,28,23,No,Yes,1,No,No
TXN003336,160962,Mombasa,Nyeri,19,Paybill,50,30,Yes,Yes,6,Yes,Yes
TXN003337,209591,Kiambu,Uasin Gishu,11,Till,96,24,Yes,No,5,No,Yes
TXN003338,92036,Nakuru,Kakamega,14,Send Money,95,13,Yes,No,8,No,Yes
TXN003339,139991,Kiambu,Machakos,18,Till,104,1,Yes,No,4,No,Yes
TXN003340,353717,Nairobi,Mombasa,2,Withdraw,53,26,No,Yes,0,Yes,No
TXN003341,337444,Meru,Kakamega,8,Paybill,18,5,No,Yes,3,No,Yes
TXN003342,362052,Nyeri,Machakos,21,Send Money,13,21,No,Yes,6,Yes,Yes
TXN003343,494087,Nairobi,Meru,18,Send Money,75,11,No,Yes,3,No,Yes
TXN003344,213114,Mombasa,Nakuru,13,Till,88,30,No,Yes,8,Yes,Yes
TXN003345,448910,Nyeri,Kiambu,6,Withdraw,115,25,Yes,Yes,4,No,Yes
TXN003346,426270,Meru,Machakos,22,Till,60,2,Yes,No,2,No,No
TXN003347,459469,Kiambu,Meru,23,Withdraw,91,4,No,Yes,5,No,Yes
TXN003348,224312,Machakos,Uasin Gishu,4,Withdraw,74,11,No,Yes,1,No,No
TXN003349,179773,Mombasa,Kakamega,6,Till,22,17,Yes,Yes,1,No,Yes
TXN003350,160499,Machakos,Mombasa,13,Paybill,60,19,No,No,2,Yes,No
TXN003351,288829,Mombasa,Nairobi,1,Send Money,30,27,Yes,No,4,No,Yes
TXN003352,233335,Kakamega,Uasin Gishu,2,Paybill,2,15,Yes,Yes,4,No,Yes
TXN003353,21521,Kisumu,Nakuru,10,Till,110,9,No,No,1,No,No
TXN003354,405779,Nyeri,Kakamega,22,Till,20,26,Yes,Yes,7,Yes,Yes
TXN003355,450646,Kisumu,Uasin Gishu,10,Withdraw,52,22,No,Yes,3,Yes,Yes
TXN003356,143662,Nyeri,Nyeri,4,Send Money,82,15,No,Yes,1,No,No
TXN003357,438245,Mombasa,Nairobi,15,Send Money,68,28,No,Yes,8,No,Yes
TXN003358,60864,Kiambu,Uasin Gishu,22,Send Money,54,4,Yes,No,6,No,No
TXN003359,54088,Kiambu,Kisumu,23,Till,75,28,Yes,Yes,7,No,Yes
TXN003360,457838,Kakamega,Kakamega,9,Withdraw,118,16,Yes,No,2,Yes,No
TXN003361,240431,Nakuru,Kisumu,10,Send Money,1,2,No,Yes,2,No,Yes
TXN003362,82271,Kakamega,Meru,18,Send Money,12,25,Yes,Yes,2,No,Yes
TXN003363,322227,Nyeri,Uasin Gishu,11,Paybill,53,22,No,No,0,Yes,No
TXN003364,288048,Kiambu,Uasin Gishu,21,Paybill,28,27,No,No,1,No,No
TXN003365,56891,Nairobi,Meru,0,Withdraw,99,23,Yes,Yes,3,No,Yes
TXN003366,24504,Uasin Gishu,Meru,7,Paybill,104,8,No,Yes,8,No,No
TXN003367,19230,Meru,Kisumu,21,Withdraw,64,26,Yes,Yes,4,No,Yes
TXN003368,257846,Machakos,Nairobi,15,Till,93,10,No,No,2,No,No
TXN003369,352999,Kisumu,Uasin Gishu,15,Withdraw,111,9,No,No,5,No,No
TXN003370,189029,Kakamega,Meru,8,Withdraw,87,9,Yes,Yes,8,Yes,Yes
TXN003371,249940,Machakos,Kisumu,4,Send Money,74,12,Yes,Yes,3,No,Yes
TXN003372,97516,Kisumu,Uasin Gishu,21,Till,56,6,No,Yes,0,Yes,No
TXN003373,181093,Nairobi,Meru,22,Send Money,22,30,No,No,3,Yes,No
TXN003374,241980,Machakos,Mombasa,13,Till,97,25,No,Yes,6,Yes,Yes
TXN003375,76930,Machakos,Mombasa,4,Till,83,5,No,No,6,No,No
TXN003376,371293,Nakuru,Uasin Gishu,23,Withdraw,72,7,No,Yes,0,No,No
TXN003377,314874,Nakuru,Nakuru,8,Paybill,120,7,Yes,Yes,7,No,Yes
TXN003378,78404,Kakamega,Kisumu,7,Withdraw,69,12,No,Yes,8,Yes,Yes
TXN003379,353508,Nakuru,Nakuru,22,Withdraw,23,6,No,Yes,1,Yes,No
TXN003380,432352,Kisumu,Nakuru,8,Send Money,99,24,Yes,Yes,8,No,Yes
TXN003381,107221,Nakuru,Nakuru,21,Send Money,96,15,Yes,No,3,Yes,Yes
TXN003382,331534,Mombasa,Kisumu,11,Withdraw,81,18,Yes,No,5,No,Yes
TXN003383,467113,Kakamega,Mombasa,18,Till,71,21,Yes,No,7,Yes,Yes
TXN003384,394703,Nyeri,Nairobi,20,Withdraw,120,22,Yes,No,6,No,Yes
TXN003385,155130,Mombasa,Machakos,15,Paybill,48,28,No,No,4,Yes,No
TXN003386,243092,Machakos,Nakuru,22,Paybill,80,22,Yes,No,4,Yes,Yes
TXN003387,329952,Meru,Nakuru,8,Paybill,106,15,Yes,No,8,No,Yes
TXN003388,275916,Nyeri,Nakuru,21,Paybill,72,7,Yes,Yes,7,No,Yes
TXN003389,42151,Meru,Nyeri,11,Withdraw,89,12,Yes,Yes,2,Yes,Yes
TXN003390,181162,Nairobi,Uasin Gishu,13,Withdraw,103,12,Yes,Yes,2,No,Yes
TXN003391,459824,Nakuru,Kiambu,15,Withdraw,117,24,No,Yes,6,No,Yes
TXN003392,247006,Nyeri,Meru,11,Send Money,12,28,No,No,3,Yes,No
TXN003393,466969,Kisumu,Kakamega,12,Paybill,94,1,Yes,No,2,No,No
TXN003394,80110,Kiambu,Nakuru,18,Withdraw,14,11,No,No,3,No,No
TXN003395,119510,Nakuru,Nyeri,18,Till,77,20,No,No,4,Yes,No
TXN003396,168024,Machakos,Nakuru,2,Withdraw,101,24,No,No,5,No,No
TXN003397,30567,Mombasa,Nairobi,21,Paybill,66,16,Yes,Yes,0,Yes,Yes
TXN003398,386083,Kisumu,Machakos,23,Withdraw,104,15,Yes,No,6,Yes,Yes
TXN003399,344408,Kiambu,Nyeri,14,Till,102,15,Yes,Yes,2,Yes,Yes
TXN003400,295895,Mombasa,Meru,3,Send Money,28,20,Yes,No,6,Yes,Yes
TXN003401,316304,Nakuru,Kisumu,13,Till,2,10,No,No,0,No,No
TXN003402,159541,Meru,Machakos,20,Till,119,25,No,Yes,7,No,Yes
TXN003403,47951,Mombasa,Uasin Gishu,9,Till,62,14,Yes,Yes,3,No,Yes
TXN003404,334808,Nakuru,Kiambu,13,Withdraw,72,4,Yes,No,5,No,Yes
TXN003405,301331,Nyeri,Kakamega,17,Send Money,107,10,No,No,3,Yes,No
TXN003406,390225,Machakos,Uasin Gishu,13,Till,99,26,No,Yes,8,Yes,Yes
TXN003407,481551,Kakamega,Kakamega,2,Paybill,12,18,Yes,No,8,No,Yes
TXN003408,233389,Nyeri,Machakos,19,Paybill,36,8,No,No,0,No,No
TXN003409,263957,Nakuru,Nairobi,16,Withdraw,6,13,Yes,No,0,Yes,No
TXN003410,147070,Nakuru,Machakos,8,Withdraw,51,26,Yes,No,3,No,Yes
TXN003411,311930,Uasin Gishu,Nairobi,7,Withdraw,43,6,Yes,Yes,1,No,Yes
TXN003412,33341,Uasin Gishu,Meru,9,Withdraw,1,17,Yes,Yes,5,No,Yes
TXN003413,224008,Uasin Gishu,Kiambu,14,Till,1,29,No,Yes,3,No,Yes
TXN003414,240989,Kisumu,Kisumu,3,Till,56,24,Yes,Yes,6,Yes,Yes
TXN003415,23265,Nyeri,Mombasa,20,Send Money,97,8,No,No,5,No,No
TXN003416,22282,Nakuru,Nakuru,11,Paybill,101,27,No,Yes,5,Yes,Yes
TXN003417,443121,Nyeri,Machakos,10,Send Money,70,14,No,Yes,1,Yes,No
TXN003418,401874,Nyeri,Nairobi,3,Send Money,111,1,Yes,No,7,Yes,Yes
TXN003419,36005,Nyeri,Mombasa,11,Send Money,24,28,No,No,7,Yes,No
TXN003420,201778,Uasin Gishu,Machakos,1,Till,96,30,Yes,No,1,Yes,No
TXN003421,176233,Mombasa,Nyeri,13,Withdraw,16,19,Yes,Yes,6,No,Yes
TXN003422,40316,Kisumu,Nyeri,22,Till,62,1,Yes,No,2,Yes,No
TXN003423,9105,Meru,Nakuru,6,Paybill,63,30,Yes,No,1,Yes,No
TXN003424,38965,Nairobi,Meru,8,Send Money,98,7,No,No,2,Yes,No
TXN003425,349081,Kakamega,Machakos,16,Till,7,27,Yes,No,1,No,No
TXN003426,202087,Uasin Gishu,Uasin Gishu,3,Send Money,20,23,No,No,8,Yes,No
TXN003427,362073,Nakuru,Nairobi,12,Till,118,29,Yes,No,2,Yes,No
TXN003428,494554,Mombasa,Mombasa,17,Withdraw,10,14,No,No,1,Yes,No
TXN003429,25250,Nakuru,Meru,19,Paybill,107,21,Yes,Yes,1,Yes,Yes
TXN003430,102635,Meru,Kisumu,1,Withdraw,8,6,No,No,8,No,No
TXN003431,413204,Nyeri,Nyeri,22,Send Money,20,8,Yes,No,5,No,Yes
TXN003432,443502,Kiambu,Machakos,0,Till,3,29,No,Yes,6,Yes,Yes
TXN003433,85654,Nairobi,Nyeri,3,Withdraw,12,3,Yes,Yes,3,No,Yes
TXN003434,412152,Uasin Gishu,Nairobi,17,Send Money,36,25,Yes,Yes,4,No,Yes
TXN003435,362748,Kiambu,Uasin Gishu,18,Till,79,16,Yes,No,0,Yes,No
TXN003436,138258,Meru,Machakos,16,Send Money,36,19,No,Yes,6,Yes,Yes
TXN003437,217089,Uasin Gishu,Meru,17,Paybill,106,5,No,No,5,No,No
TXN003438,358797,Kisumu,Meru,8,Send Money,80,21,No,Yes,7,No,Yes
TXN003439,159983,Kakamega,Uasin Gishu,5,Till,19,22,Yes,No,5,No,Yes
TXN003440,444631,Meru,Mombasa,19,Till,25,22,No,No,6,No,No
TXN003441,102417,Nyeri,Uasin Gishu,3,Withdraw,6,4,No,No,7,Yes,No
TXN003442,153924,Uasin Gishu,Kisumu,19,Withdraw,87,23,No,No,0,Yes,No
TXN003443,203518,Uasin Gishu,Nairobi,6,Till,11,4,No,No,2,No,No
TXN003444,312926,Kakamega,Nairobi,3,Withdraw,67,5,No,No,8,No,No
TXN003445,193815,Kisumu,Mombasa,11,Withdraw,49,6,No,No,4,Yes,No
TXN003446,499091,Kiambu,Kisumu,6,Till,17,7,Yes,Yes,5,Yes,Yes
TXN003447,79412,Nyeri,Meru,9,Withdraw,44,27,No,Yes,0,No,No
TXN003448,460673,Machakos,Kisumu,0,Till,9,15,Yes,Yes,5,Yes,Yes
TXN003449,476204,Nakuru,Mombasa,16,Till,94,29,Yes,No,3,Yes,Yes
TXN003450,194805,Kisumu,Nakuru,4,Paybill,118,14,Yes,No,3,No,Yes
TXN003451,380474,Meru,Kiambu,8,Paybill,92,23,Yes,Yes,1,Yes,Yes
TXN003452,380440,Nyeri,Kakamega,16,Paybill,14,26,No,Yes,4,Yes,Yes
TXN003453,139111,Kiambu,Nairobi,4,Send Money,89,30,Yes,No,7,Yes,Yes
TXN003454,486573,Kakamega,Meru,18,Send Money,15,14,Yes,Yes,1,Yes,Yes
TXN003455,263372,Kiambu,Kisumu,13,Till,14,21,Yes,Yes,6,Yes,Yes
TXN003456,242881,Nyeri,Kakamega,14,Till,67,25,No,Yes,5,No,Yes
TXN003457,407055,Nyeri,Nyeri,17,Paybill,112,12,Yes,No,3,No,Yes
TXN003458,102507,Kiambu,Kisumu,4,Till,96,25,No,Yes,5,No,Yes
TXN003459,106270,Nyeri,Nairobi,10,Send Money,42,4,Yes,No,8,Yes,Yes
TXN003460,130874,Nyeri,Kakamega,5,Send Money,33,11,No,Yes,8,Yes,Yes
TXN003461,137411,Nairobi,Nyeri,4,Withdraw,57,13,No,No,6,No,No
TXN003462,156931,Kakamega,Machakos,6,Send Money,42,23,No,Yes,2,Yes,No
TXN003463,358670,Meru,Nakuru,3,Till,108,27,Yes,No,8,No,Yes
TXN003464,407492,Nairobi,Kakamega,9,Send Money,97,23,Yes,No,2,Yes,No
TXN003465,134752,Uasin Gishu,Mombasa,8,Till,102,9,Yes,Yes,1,Yes,Yes
TXN003466,186419,Kiambu,Kiambu,6,Paybill,19,19,No,No,5,No,No
TXN003467,36292,Nakuru,Nakuru,7,Till,77,26,No,Yes,1,No,No
TXN003468,411873,Nairobi,Mombasa,0,Send Money,75,30,No,Yes,6,No,Yes
TXN003469,391332,Meru,Meru,15,Till,27,26,No,Yes,4,No,Yes
TXN003470,387442,Kakamega,Nyeri,12,Send Money,92,18,No,No,1,Yes,No
TXN003471,497090,Kakamega,Meru,8,Paybill,91,30,Yes,Yes,5,Yes,Yes
TXN003472,239305,Meru,Nairobi,6,Paybill,56,30,Yes,Yes,7,No,Yes
TXN003473,61666,Nyeri,Nairobi,14,Send Money,21,6,Yes,Yes,5,No,Yes
TXN003474,152008,Uasin Gishu,Nyeri,14,Till,58,7,Yes,No,8,Yes,Yes
TXN003475,241134,Nairobi,Nakuru,12,Withdraw,61,24,No,No,0,No,No
TXN003476,215600,Kakamega,Uasin Gishu,22,Paybill,111,25,No,No,0,Yes,No
TXN003477,85013,Mombasa,Meru,6,Withdraw,110,18,Yes,Yes,2,Yes,Yes
TXN003478,453670,Uasin Gishu,Kiambu,22,Paybill,69,6,No,No,7,Yes,No
TXN003479,313939,Meru,Kisumu,21,Send Money,27,7,Yes,No,5,No,Yes
TXN003480,471979,Nakuru,Mombasa,5,Paybill,52,13,No,Yes,4,No,Yes
TXN003481,132366,Meru,Nyeri,2,Send Money,84,30,No,Yes,5,No,Yes
TXN003482,273127,Kiambu,Kisumu,3,Send Money,85,10,No,No,1,Yes,No
TXN003483,457710,Kakamega,Nairobi,9,Paybill,50,24,Yes,No,8,Yes,Yes
TXN003484,413862,Meru,Machakos,11,Till,49,9,Yes,Yes,6,No,Yes
TXN003485,300318,Meru,Nakuru,3,Paybill,120,9,Yes,Yes,3,No,Yes
TXN003486,400114,Kisumu,Kakamega,12,Withdraw,110,14,Yes,No,5,No,Yes
TXN003487,224272,Machakos,Nyeri,13,Send Money,67,16,No,No,5,Yes,No
TXN003488,109426,Meru,Mombasa,18,Till,107,25,No,Yes,7,No,Yes
TXN003489,115424,Kakamega,Kisumu,6,Paybill,100,27,Yes,No,2,No,No
TXN003490,318715,Nairobi,Nairobi,3,Send Money,78,1,No,No,1,No,No
TXN003491,43040,Kiambu,Kiambu,5,Paybill,29,20,Yes,No,4,Yes,Yes
TXN003492,216422,Mombasa,Nairobi,23,Withdraw,33,16,Yes,Yes,4,Yes,Yes
TXN003493,51036,Kiambu,Meru,18,Send Money,103,30,No,No,7,Yes,No
TXN003494,179685,Meru,Meru,12,Withdraw,116,16,Yes,Yes,6,No,Yes
TXN003495,349386,Mombasa,Nairobi,5,Paybill,30,13,No,Yes,0,No,No
TXN003496,240210,Machakos,Nyeri,12,Withdraw,24,14,No,Yes,2,Yes,No
TXN003497,83008,Machakos,Kakamega,19,Paybill,115,9,No,No,1,No,No
TXN003498,82340,Mombasa,Machakos,9,Send Money,99,29,No,No,0,Yes,No
TXN003499,437063,Nairobi,Meru,13,Till,60,22,No,Yes,2,No,No
TXN003500,213068,Meru,Kakamega,6,Till,66,18,No,Yes,0,No,No
TXN003501,262694,Kiambu,Kiambu,15,Send Money,49,16,No,Yes,3,No,Yes
TXN003502,88243,Uasin Gishu,Machakos,19,Withdraw,49,7,Yes,No,6,No,No
TXN003503,423923,Uasin Gishu,Uasin Gishu,19,Till,112,26,No,No,8,No,No
TXN003504,429580,Machakos,Nakuru,8,Withdraw,75,21,No,No,1,No,No
TXN003505,475644,Nairobi,Machakos,7,Withdraw,33,28,No,Yes,2,No,No
TXN003506,259653,Machakos,Nakuru,20,Till,22,20,Yes,No,8,No,Yes
TXN003507,174515,Nyeri,Nairobi,15,Send Money,113,1,Yes,No,5,No,Yes
TXN003508,196446,Uasin Gishu,Meru,6,Paybill,30,18,Yes,Yes,8,No,Yes
TXN003509,378384,Nyeri,Nairobi,22,Till,78,4,Yes,No,6,No,Yes
TXN003510,425469,Nairobi,Kiambu,2,Till,100,1,No,Yes,7,Yes,Yes
TXN003511,735,Nairobi,Machakos,3,Send Money,93,29,No,Yes,2,No,No
TXN003512,420615,Nyeri,Kakamega,20,Withdraw,95,29,Yes,No,5,Yes,Yes
TXN003513,108040,Uasin Gishu,Kiambu,22,Withdraw,26,29,No,No,7,No,No
TXN003514,452913,Kakamega,Nakuru,18,Withdraw,56,24,Yes,Yes,3,Yes,Yes
TXN003515,138701,Nairobi,Mombasa,0,Paybill,15,11,Yes,Yes,4,Yes,Yes
TXN003516,329452,Meru,Machakos,3,Withdraw,63,14,Yes,No,8,Yes,Yes
TXN003517,156827,Nyeri,Nakuru,7,Send Money,67,9,No,No,7,Yes,No
TXN003518,223981,Machakos,Kiambu,22,Withdraw,12,9,No,Yes,5,No,Yes
TXN003519,276929,Uasin Gishu,Nairobi,5,Withdraw,76,7,No,Yes,5,Yes,Yes
TXN003520,15250,Nairobi,Kakamega,2,Send Money,93,13,No,No,6,No,No
TXN003521,493635,Nakuru,Meru,3,Paybill,21,20,Yes,Yes,6,Yes,Yes
TXN003522,98408,Mombasa,Nakuru,7,Withdraw,63,15,No,No,8,No,No
TXN003523,215650,Kakamega,Meru,2,Send Money,120,17,No,Yes,5,Yes,Yes
TXN003524,329286,Uasin Gishu,Kiambu,1,Withdraw,103,25,No,No,1,Yes,No
TXN003525,18826,Nyeri,Nakuru,0,Paybill,59,17,Yes,No,7,No,Yes
TXN003526,133379,Machakos,Kiambu,22,Send Money,67,27,No,No,3,No,No
TXN003527,455119,Nyeri,Nairobi,19,Send Money,38,29,No,Yes,7,Yes,Yes
TXN003528,99214,Nakuru,Mombasa,13,Withdraw,16,28,No,Yes,6,No,Yes
TXN003529,390228,Nyeri,Nyeri,21,Till,67,11,No,No,4,Yes,No
TXN003530,389299,Kakamega,Machakos,13,Send Money,76,7,Yes,Yes,2,Yes,Yes
TXN003531,442937,Mombasa,Machakos,5,Paybill,92,27,No,Yes,6,Yes,Yes
TXN003532,436994,Nakuru,Nakuru,0,Paybill,117,21,Yes,Yes,6,No,Yes
TXN003533,477285,Nakuru,Nairobi,14,Send Money,32,12,No,No,4,Yes,No
TXN003534,421182,Kisumu,Nairobi,3,Paybill,46,9,Yes,Yes,7,Yes,Yes
TXN003535,454283,Nairobi,Nairobi,9,Paybill,81,20,No,Yes,1,No,No
TXN003536,105158,Nairobi,Kiambu,16,Send Money,11,22,Yes,Yes,6,Yes,Yes
TXN003537,409918,Nyeri,Kiambu,22,Withdraw,89,2,Yes,Yes,5,No,Yes
TXN003538,114090,Nakuru,Meru,16,Paybill,118,17,No,No,7,No,No
TXN003539,142077,Machakos,Mombasa,17,Paybill,107,23,No,No,3,Yes,No
TXN003540,254864,Kisumu,Meru,11,Send Money,19,28,Yes,Yes,6,No,Yes
TXN003541,264523,Nyeri,Nyeri,21,Send Money,44,6,No,No,7,No,No
TXN003542,176495,Meru,Uasin Gishu,23,Till,116,11,Yes,Yes,0,Yes,Yes
TXN003543,443055,Nairobi,Kiambu,16,Till,39,9,No,No,1,No,No
TXN003544,306865,Kiambu,Kiambu,13,Till,95,4,No,Yes,8,Yes,Yes
TXN003545,21583,Meru,Machakos,11,Till,31,30,No,Yes,7,No,Yes
TXN003546,315322,Nairobi,Nyeri,22,Paybill,90,26,Yes,No,5,Yes,Yes
TXN003547,348201,Kakamega,Kakamega,15,Till,20,15,No,No,4,No,No
TXN003548,195139,Kisumu,Nakuru,16,Withdraw,74,28,Yes,No,4,Yes,Yes
TXN003549,77846,Nairobi,Kakamega,1,Till,109,10,Yes,No,7,Yes,No
TXN003550,458364,Meru,Uasin Gishu,14,Till,43,29,No,No,8,No,No
TXN003551,483455,Nakuru,Meru,10,Withdraw,93,28,Yes,No,6,Yes,Yes
TXN003552,345551,Meru,Nakuru,10,Send Money,109,16,Yes,Yes,5,No,Yes
TXN003553,487705,Meru,Nairobi,12,Till,22,25,No,No,7,No,No
TXN003554,65022,Uasin Gishu,Machakos,6,Send Money,101,5,Yes,No,2,No,No
TXN003555,493884,Mombasa,Kakamega,20,Send Money,37,27,No,Yes,3,No,Yes
TXN003556,29348,Kiambu,Machakos,11,Till,44,10,No,No,8,Yes,No
TXN003557,465476,Nyeri,Nakuru,6,Till,107,12,No,Yes,1,No,No
TXN003558,416508,Nyeri,Meru,11,Send Money,119,22,No,No,6,Yes,No
TXN003559,158134,Nairobi,Kiambu,6,Send Money,103,24,Yes,Yes,8,No,Yes
TXN003560,248378,Kisumu,Mombasa,20,Withdraw,12,12,No,No,8,No,No
TXN003561,305747,Mombasa,Uasin Gishu,1,Till,30,8,No,No,0,Yes,No
TXN003562,338860,Nyeri,Nakuru,19,Send Money,87,1,Yes,Yes,5,No,Yes
TXN003563,48722,Uasin Gishu,Kiambu,1,Send Money,14,12,Yes,Yes,0,Yes,Yes
TXN003564,320436,Kakamega,Meru,1,Paybill,91,7,Yes,Yes,6,Yes,Yes
TXN003565,476967,Mombasa,Nyeri,17,Paybill,1,22,Yes,No,8,Yes,Yes
TXN003566,276985,Uasin Gishu,Uasin Gishu,7,Till,39,10,No,Yes,6,No,Yes
TXN003567,461778,Kiambu,Nyeri,22,Send Money,108,26,Yes,Yes,8,Yes,Yes
TXN003568,97354,Kiambu,Kisumu,23,Withdraw,38,6,No,No,4,No,No
TXN003569,160982,Kisumu,Kakamega,19,Withdraw,36,28,Yes,No,7,Yes,Yes
TXN003570,213154,Kakamega,Kiambu,8,Paybill,31,15,No,Yes,8,No,Yes
TXN003571,163156,Uasin Gishu,Meru,6,Till,50,17,No,Yes,4,No,Yes
TXN003572,130766,Kiambu,Kisumu,6,Till,12,26,No,No,6,No,No
TXN003573,5417,Kiambu,Meru,12,Withdraw,20,21,No,Yes,8,No,Yes
TXN003574,219359,Kisumu,Meru,4,Paybill,86,26,Yes,Yes,8,Yes,Yes
TXN003575,348695,Kisumu,Kisumu,1,Paybill,99,21,Yes,No,6,No,Yes
TXN003576,245264,Mombasa,Nakuru,16,Withdraw,27,8,No,No,0,No,No
TXN003577,257968,Nairobi,Kiambu,10,Till,118,10,No,No,8,Yes,No
TXN003578,306297,Kakamega,Nyeri,12,Send Money,50,22,No,No,6,No,No
TXN003579,28420,Kakamega,Uasin Gishu,8,Till,114,12,No,Yes,2,No,No
TXN003580,493215,Kakamega,Nairobi,11,Withdraw,78,9,Yes,No,3,Yes,Yes
TXN003581,56343,Kisumu,Nairobi,1,Till,33,14,No,Yes,4,No,Yes
TXN003582,79178,Mombasa,Machakos,4,Send Money,12,22,No,No,4,No,No
TXN003583,130891,Uasin Gishu,Machakos,20,Send Money,42,3,Yes,No,0,No,No
TXN003584,123484,Kiambu,Nakuru,5,Paybill,29,11,No,Yes,8,Yes,Yes
TXN003585,372070,Kisumu,Kakamega,21,Send Money,73,17,No,No,6,Yes,No
TXN003586,408688,Nairobi,Uasin Gishu,1,Send Money,36,5,Yes,Yes,8,Yes,Yes
TXN003587,386281,Kisumu,Meru,2,Till,106,16,Yes,Yes,5,Yes,Yes
TXN003588,183326,Machakos,Kisumu,15,Send Money,59,29,No,No,5,Yes,No
TXN003589,368776,Nakuru,Machakos,16,Paybill,24,12,No,Yes,1,No,No
TXN003590,23510,Mombasa,Nakuru,1,Withdraw,40,28,Yes,No,7,No,Yes
TXN003591,40320,Nyeri,Meru,14,Till,2,20,Yes,Yes,1,No,Yes
TXN003592,177863,Kakamega,Nakuru,4,Send Money,103,30,Yes,No,1,No,No
TXN003593,148642,Mombasa,Kisumu,13,Withdraw,32,3,Yes,No,4,Yes,Yes
TXN003594,215654,Uasin Gishu,Mombasa,13,Till,45,13,Yes,Yes,3,Yes,Yes
TXN003595,178178,Machakos,Machakos,10,Paybill,66,1,No,Yes,4,No,Yes
TXN003596,220768,Nairobi,Kisumu,14,Till,59,5,Yes,Yes,6,No,Yes
TXN003597,59155,Nairobi,Uasin Gishu,18,Send Money,1,1,No,No,8,No,No
TXN003598,167406,Uasin Gishu,Kakamega,22,Paybill,60,3,Yes,Yes,1,Yes,Yes
TXN003599,424824,Nairobi,Machakos,8,Till,24,8,No,Yes,3,Yes,Yes
TXN003600,384917,Kakamega,Nairobi,14,Till,75,23,No,Yes,6,No,Yes
TXN003601,98797,Kiambu,Kisumu,12,Till,19,28,Yes,Yes,0,Yes,Yes
TXN003602,216195,Kisumu,Nairobi,9,Send Money,96,17,No,No,1,Yes,No
TXN003603,448942,Machakos,Mombasa,1,Paybill,100,21,Yes,No,4,Yes,Yes
TXN003604,99854,Nakuru,Nakuru,0,Till,37,13,No,Yes,3,No,Yes
TXN003605,252753,Nairobi,Nairobi,18,Till,91,25,No,No,3,No,No
TXN003606,62711,Nairobi,Kisumu,3,Withdraw,52,25,No,Yes,7,No,Yes
TXN003607,5672,Kisumu,Machakos,22,Paybill,107,24,No,No,0,Yes,No
TXN003608,289351,Kakamega,Nyeri,11,Withdraw,116,22,Yes,Yes,7,Yes,Yes
TXN003609,277495,Machakos,Meru,3,Withdraw,14,15,No,No,5,Yes,No
TXN003610,499088,Machakos,Machakos,18,Send Money,95,8,Yes,Yes,1,Yes,Yes
TXN003611,406085,Meru,Nakuru,12,Till,49,20,Yes,Yes,1,No,Yes
TXN003612,337472,Machakos,Kiambu,11,Paybill,64,1,No,No,0,No,No
TXN003613,388049,Kakamega,Uasin Gishu,11,Send Money,43,19,Yes,No,7,Yes,Yes
TXN003614,302327,Uasin Gishu,Kisumu,20,Paybill,34,13,Yes,Yes,7,No,Yes
TXN003615,236067,Uasin Gishu,Mombasa,3,Withdraw,15,19,Yes,No,0,Yes,No
TXN003616,268764,Uasin Gishu,Nairobi,18,Send Money,111,28,Yes,Yes,0,Yes,Yes
TXN003617,309153,Nairobi,Nakuru,4,Withdraw,36,28,Yes,Yes,7,Yes,Yes
TXN003618,361963,Kakamega,Kakamega,15,Send Money,52,22,Yes,Yes,5,No,Yes
TXN003619,44418,Mombasa,Mombasa,18,Till,36,22,No,Yes,6,Yes,Yes
TXN003620,223817,Kakamega,Kakamega,6,Till,83,21,No,No,6,Yes,No
TXN003621,311805,Machakos,Mombasa,6,Till,47,13,Yes,Yes,2,Yes,Yes
TXN003622,210430,Machakos,Nairobi,1,Withdraw,31,28,No,No,8,Yes,No
TXN003623,187181,Kakamega,Nakuru,11,Send Money,14,14,No,No,8,No,No
TXN003624,288930,Nyeri,Kakamega,9,Withdraw,17,24,Yes,No,7,No,Yes
TXN003625,236570,Nakuru,Nyeri,7,Till,78,8,No,No,8,No,No
TXN003626,202754,Kisumu,Nairobi,2,Paybill,78,19,No,Yes,2,No,No
TXN003627,32336,Uasin Gishu,Kakamega,3,Send Money,90,13,No,No,1,Yes,No
TXN003628,298158,Nairobi,Nakuru,20,Send Money,54,19,Yes,Yes,5,Yes,Yes
TXN003629,128666,Uasin Gishu,Nyeri,4,Withdraw,98,18,No,Yes,0,No,No
TXN003630,196087,Kisumu,Nairobi,4,Till,30,8,No,No,2,No,No
TXN003631,406662,Mombasa,Kisumu,17,Paybill,71,16,No,No,8,Yes,No
TXN003632,211459,Kakamega,Nakuru,18,Paybill,76,28,Yes,No,5,Yes,Yes
TXN003633,419817,Nyeri,Uasin Gishu,10,Send Money,17,5,Yes,Yes,7,No,Yes
TXN003634,415923,Machakos,Machakos,15,Withdraw,32,19,No,No,5,Yes,No
TXN003635,380038,Mombasa,Kisumu,21,Till,62,25,Yes,No,4,Yes,Yes
TXN003636,111032,Nyeri,Mombasa,2,Till,39,21,No,Yes,5,Yes,Yes
TXN003637,259548,Meru,Kiambu,16,Send Money,46,2,Yes,No,2,Yes,No
TXN003638,384391,Uasin Gishu,Kisumu,19,Till,101,7,No,No,7,No,No
TXN003639,103376,Kakamega,Nairobi,16,Till,26,19,Yes,No,8,No,Yes
TXN003640,170188,Mombasa,Nairobi,22,Send Money,3,13,No,Yes,4,No,Yes
TXN003641,8250,Machakos,Kiambu,18,Paybill,39,5,No,No,4,Yes,No
TXN003642,60202,Meru,Meru,20,Send Money,118,1,Yes,Yes,8,No,Yes
TXN003643,112314,Nakuru,Nyeri,9,Send Money,20,25,Yes,No,7,No,Yes
TXN003644,52869,Kakamega,Machakos,12,Send Money,12,11,No,Yes,3,No,Yes
TXN003645,337180,Kisumu,Kiambu,10,Till,12,28,No,No,2,No,No
TXN003646,148859,Machakos,Kiambu,12,Paybill,54,6,Yes,Yes,1,Yes,Yes
TXN003647,75592,Kakamega,Nakuru,21,Till,85,8,No,Yes,7,Yes,No
TXN003648,120150,Kakamega,Nairobi,23,Send Money,36,13,No,Yes,5,No,Yes
TXN003649,218741,Meru,Machakos,3,Withdraw,7,26,Yes,Yes,0,No,Yes
TXN003650,99604,Nairobi,Kisumu,5,Till,44,5,Yes,No,1,Yes,No
TXN003651,331980,Nyeri,Nairobi,19,Till,14,16,No,No,1,No,No
TXN003652,228703,Nakuru,Nakuru,21,Paybill,33,22,Yes,No,4,Yes,Yes
TXN003653,227984,Meru,Mombasa,10,Withdraw,51,12,Yes,Yes,8,No,Yes
TXN003654,365291,Machakos,Kakamega,17,Paybill,98,29,No,Yes,7,Yes,Yes
TXN003655,296702,Kisumu,Mombasa,18,Send Money,8,23,No,Yes,4,Yes,Yes
TXN003656,337232,Kiambu,Mombasa,9,Send Money,88,4,No,Yes,4,Yes,Yes
TXN003657,393832,Kiambu,Kisumu,13,Till,11,7,No,No,3,Yes,No
TXN003658,80704,Kakamega,Kiambu,1,Paybill,1,29,Yes,Yes,0,Yes,Yes
TXN003659,27124,Uasin Gishu,Machakos,19,Till,80,29,No,No,6,No,No
TXN003660,285136,Nakuru,Uasin Gishu,14,Till,10,23,Yes,No,2,Yes,No
TXN003661,497821,Machakos,Nakuru,4,Send Money,78,4,No,No,4,Yes,No
TXN003662,293518,Nyeri,Machakos,4,Paybill,84,1,Yes,Yes,3,Yes,Yes
TXN003663,53706,Nyeri,Kiambu,22,Send Money,46,13,Yes,Yes,4,Yes,Yes
TXN003664,381346,Kakamega,Mombasa,20,Paybill,17,5,No,No,2,No,No
TXN003665,409182,Kisumu,Nakuru,17,Withdraw,21,1,Yes,No,3,No,Yes
TXN003666,231266,Kiambu,Kisumu,19,Paybill,103,2,No,No,6,Yes,No
TXN003667,341787,Kiambu,Nairobi,17,Withdraw,82,30,No,No,6,No,No
TXN003668,255270,Kisumu,Kiambu,22,Send Money,111,5,Yes,Yes,7,No,Yes
TXN003669,10779,Nairobi,Meru,22,Withdraw,31,27,Yes,Yes,5,Yes,Yes
TXN003670,480940,Kisumu,Uasin Gishu,11,Till,19,10,No,Yes,5,No,Yes
TXN003671,464235,Nakuru,Meru,17,Till,9,14,Yes,Yes,7,No,Yes
TXN003672,366693,Uasin Gishu,Nakuru,21,Paybill,24,8,Yes,Yes,8,Yes,Yes
TXN003673,407456,Kiambu,Kisumu,20,Paybill,107,15,No,Yes,7,Yes,Yes
TXN003674,184747,Meru,Nakuru,2,Send Money,116,30,No,Yes,1,No,No
TXN003675,380403,Nakuru,Kiambu,22,Withdraw,55,22,Yes,Yes,3,No,Yes
TXN003676,377492,Kakamega,Machakos,0,Till,8,12,Yes,No,0,No,No
TXN003677,296976,Uasin Gishu,Nyeri,13,Withdraw,37,22,No,Yes,5,No,Yes
TXN003678,65714,Mombasa,Meru,8,Till,99,3,Yes,Yes,5,No,Yes
TXN003679,387943,Machakos,Mombasa,6,Paybill,46,9,Yes,Yes,5,No,Yes
TXN003680,371236,Mombasa,Meru,13,Paybill,5,24,No,Yes,5,No,Yes
TXN003681,345790,Kakamega,Kiambu,10,Send Money,89,12,Yes,Yes,0,No,Yes
TXN003682,352646,Meru,Nairobi,10,Send Money,30,28,No,Yes,6,No,Yes
TXN003683,132070,Nakuru,Kiambu,4,Withdraw,9,16,Yes,No,2,Yes,No
TXN003684,454173,Nakuru,Nyeri,3,Paybill,90,16,No,Yes,3,Yes,Yes
TXN003685,270558,Kakamega,Machakos,4,Send Money,11,15,Yes,Yes,5,No,Yes
TXN003686,37067,Kakamega,Nakuru,2,Send Money,116,6,No,No,6,Yes,No
TXN003687,160384,Nyeri,Nyeri,12,Paybill,78,27,Yes,Yes,1,Yes,Yes
TXN003688,126265,Nairobi,Nakuru,17,Send Money,7,27,No,No,4,Yes,No
TXN003689,267138,Mombasa,Nairobi,1,Paybill,103,1,Yes,No,4,No,Yes
TXN003690,35555,Nyeri,Mombasa,14,Send Money,65,5,No,Yes,4,Yes,No
TXN003691,70679,Nyeri,Kakamega,20,Paybill,67,9,No,Yes,6,No,No
TXN003692,96370,Kisumu,Nairobi,8,Paybill,98,3,No,No,0,Yes,No
TXN003693,337810,Kiambu,Kiambu,4,Send Money,40,22,No,No,3,Yes,No
TXN003694,22797,Uasin Gishu,Nairobi,2,Send Money,53,12,Yes,Yes,0,No,Yes
TXN003695,329830,Machakos,Machakos,23,Withdraw,38,4,Yes,Yes,3,No,Yes
TXN003696,299536,Nakuru,Meru,11,Withdraw,39,5,Yes,No,2,Yes,No
TXN003697,395898,Uasin Gishu,Mombasa,22,Withdraw,111,23,No,Yes,1,No,No
TXN003698,375080,Kakamega,Machakos,2,Paybill,71,29,No,No,6,No,No
TXN003699,262246,Nyeri,Meru,7,Withdraw,62,15,Yes,Yes,3,Yes,Yes
TXN003700,337284,Nakuru,Nairobi,8,Till,82,26,Yes,Yes,4,No,Yes
TXN003701,61344,Nyeri,Mombasa,20,Withdraw,76,9,No,No,8,No,No
TXN003702,434317,Kakamega,Meru,21,Withdraw,93,8,No,Yes,8,Yes,Yes
TXN003703,408396,Kakamega,Machakos,16,Till,40,24,Yes,Yes,1,No,Yes
TXN003704,325012,Kisumu,Nairobi,11,Till,25,30,Yes,No,3,No,Yes
TXN003705,433761,Mombasa,Meru,10,Till,40,20,Yes,Yes,2,No,Yes
TXN003706,16353,Kisumu,Nairobi,23,Withdraw,53,8,No,No,7,Yes,No
TXN003707,332913,Kisumu,Nairobi,21,Till,10,25,No,Yes,7,No,Yes
TXN003708,188291,Kiambu,Kiambu,1,Withdraw,88,21,No,No,3,No,No
TXN003709,397903,Kisumu,Mombasa,1,Send Money,118,17,No,No,7,Yes,No
TXN003710,238879,Kakamega,Mombasa,3,Paybill,100,5,Yes,No,0,No,No
TXN003711,154738,Kiambu,Mombasa,0,Till,52,4,No,No,7,Yes,No
TXN003712,289431,Kiambu,Kiambu,4,Withdraw,55,14,No,Yes,8,No,Yes
TXN003713,66153,Meru,Nyeri,13,Withdraw,99,10,No,No,0,No,No
TXN003714,43127,Kakamega,Nairobi,7,Paybill,15,26,Yes,Yes,8,No,Yes
TXN003715,82379,Nairobi,Kakamega,7,Paybill,42,15,Yes,No,4,Yes,Yes
TXN003716,161508,Nakuru,Nairobi,8,Paybill,108,13,No,No,4,Yes,No
TXN003717,269233,Kiambu,Uasin Gishu,18,Paybill,13,26,No,No,8,Yes,No
TXN003718,148753,Nairobi,Mombasa,16,Withdraw,60,1,No,Yes,1,Yes,No
TXN003719,402600,Machakos,Uasin Gishu,11,Send Money,37,8,Yes,Yes,1,No,Yes
TXN003720,267491,Kakamega,Nairobi,0,Paybill,101,4,Yes,No,5,Yes,Yes
TXN003721,142251,Machakos,Uasin Gishu,21,Withdraw,31,29,No,No,3,Yes,No
TXN003722,155248,Machakos,Mombasa,20,Paybill,4,27,No,Yes,6,Yes,Yes
TXN003723,107793,Mombasa,Meru,0,Paybill,16,3,No,No,1,Yes,No
TXN003724,14608,Meru,Nakuru,1,Send Money,49,1,No,Yes,3,No,No
TXN003725,189045,Kisumu,Uasin Gishu,14,Paybill,112,5,Yes,Yes,4,No,Yes
TXN003726,392355,Uasin Gishu,Mombasa,3,Withdraw,97,12,Yes,No,2,No,No
TXN003727,57023,Mombasa,Nyeri,8,Till,88,11,No,No,2,No,No
TXN003728,164982,Meru,Machakos,1,Send Money,27,15,No,Yes,6,Yes,Yes
TXN003729,141456,Kisumu,Nakuru,11,Till,109,20,No,Yes,2,Yes,No
TXN003730,311037,Kisumu,Nyeri,16,Send Money,30,27,No,Yes,3,No,Yes
TXN003731,176243,Nyeri,Mombasa,18,Withdraw,4,30,No,No,0,No,No
TXN003732,423829,Kisumu,Kiambu,22,Withdraw,28,12,No,No,2,No,No
TXN003733,258178,Kiambu,Meru,7,Send Money,63,16,No,No,4,No,No
TXN003734,160544,Uasin Gishu,Meru,17,Paybill,55,10,Yes,Yes,6,Yes,Yes
TXN003735,204613,Machakos,Nakuru,15,Withdraw,39,18,No,Yes,7,No,Yes
TXN003736,311315,Meru,Mombasa,4,Send Money,30,26,No,No,6,Yes,No
TXN003737,11657,Machakos,Kiambu,11,Paybill,114,28,No,Yes,7,Yes,Yes
TXN003738,316223,Kisumu,Kiambu,14,Send Money,56,2,Yes,No,0,Yes,No
TXN003739,230925,Kakamega,Kiambu,6,Send Money,73,5,No,Yes,5,Yes,Yes
TXN003740,359521,Nairobi,Nakuru,23,Till,51,25,Yes,Yes,2,No,Yes
TXN003741,129300,Nyeri,Meru,11,Paybill,87,21,No,No,2,No,No
TXN003742,359543,Meru,Uasin Gishu,23,Till,119,8,No,Yes,7,No,Yes
TXN003743,176275,Nyeri,Mombasa,5,Withdraw,119,26,No,No,5,No,No
TXN003744,380230,Kakamega,Mombasa,16,Paybill,25,24,Yes,No,4,Yes,Yes
TXN003745,69634,Meru,Nakuru,12,Paybill,109,5,No,Yes,2,Yes,No
TXN003746,249504,Kiambu,Nairobi,8,Withdraw,50,4,No,No,4,Yes,No
TXN003747,176397,Nakuru,Nyeri,2,Send Money,85,12,Yes,Yes,2,No,Yes
TXN003748,8390,Nairobi,Kakamega,20,Till,45,1,Yes,Yes,8,Yes,Yes
TXN003749,356131,Kakamega,Uasin Gishu,15,Withdraw,82,11,No,Yes,8,Yes,Yes
TXN003750,416643,Nakuru,Nakuru,20,Withdraw,35,6,Yes,Yes,5,No,Yes
TXN003751,101513,Meru,Uasin Gishu,23,Paybill,94,26,Yes,No,8,Yes,Yes
TXN003752,41894,Uasin Gishu,Nairobi,15,Withdraw,106,12,Yes,Yes,0,Yes,Yes
TXN003753,396721,Meru,Uasin Gishu,10,Paybill,22,3,No,Yes,4,No,Yes
TXN003754,458585,Mombasa,Nairobi,11,Paybill,64,3,No,No,7,Yes,No
TXN003755,2305,Nakuru,Nairobi,21,Till,72,19,Yes,Yes,8,No,Yes
TXN003756,27176,Nakuru,Mombasa,4,Withdraw,61,20,Yes,Yes,7,No,Yes
TXN003757,101117,Nairobi,Kisumu,21,Withdraw,114,9,Yes,No,8,No,Yes
TXN003758,351239,Nairobi,Meru,1,Withdraw,117,12,Yes,Yes,6,Yes,Yes
TXN003759,79082,Nyeri,Meru,8,Till,23,1,No,Yes,2,Yes,No
TXN003760,94415,Nakuru,Nakuru,2,Till,32,20,No,No,0,Yes,No
TXN003761,425085,Machakos,Kakamega,19,Send Money,80,30,No,No,1,No,No
TXN003762,103702,Meru,Kiambu,2,Withdraw,22,7,Yes,Yes,6,Yes,Yes
TXN003763,176326,Nairobi,Kakamega,16,Withdraw,2,6,No,Yes,3,Yes,Yes
TXN003764,258851,Nairobi,Meru,10,Send Money,84,12,No,No,5,No,No
TXN003765,159255,Uasin Gishu,Uasin Gishu,19,Till,43,2,No,No,2,Yes,No
TXN003766,355074,Machakos,Mombasa,17,Send Money,51,5,No,Yes,8,No,Yes
TXN003767,151062,Nyeri,Kiambu,21,Till,99,23,Yes,Yes,4,Yes,Yes
TXN003768,478884,Kakamega,Uasin Gishu,8,Paybill,6,22,No,No,2,Yes,No
TXN003769,487148,Uasin Gishu,Kakamega,8,Send Money,38,20,Yes,No,1,No,No
TXN003770,231585,Kakamega,Kiambu,19,Send Money,72,29,No,No,8,No,No
TXN003771,394020,Uasin Gishu,Kiambu,2,Withdraw,12,2,No,No,7,Yes,No
TXN003772,327632,Kakamega,Nairobi,2,Paybill,31,21,No,No,3,No,No
TXN003773,146189,Meru,Nyeri,4,Till,74,7,Yes,No,4,No,Yes
TXN003774,129469,Kiambu,Nairobi,15,Paybill,120,15,Yes,No,7,Yes,Yes
TXN003775,203986,Uasin Gishu,Meru,4,Send Money,45,3,No,No,6,Yes,No
TXN003776,437138,Machakos,Kakamega,3,Paybill,100,25,Yes,Yes,7,Yes,Yes
TXN003777,190998,Nakuru,Nairobi,0,Till,50,29,No,Yes,1,Yes,No
TXN003778,240087,Kisumu,Kiambu,5,Till,85,17,No,Yes,5,Yes,Yes
TXN003779,406684,Machakos,Kakamega,17,Paybill,50,13,Yes,Yes,8,Yes,Yes
TXN003780,213573,Kiambu,Mombasa,7,Withdraw,84,20,Yes,Yes,0,Yes,Yes
TXN003781,177457,Meru,Meru,14,Withdraw,84,7,Yes,No,6,No,Yes
TXN003782,428061,Nairobi,Kakamega,8,Withdraw,4,24,No,Yes,6,Yes,Yes
TXN003783,52118,Nairobi,Kiambu,23,Send Money,107,9,Yes,Yes,7,Yes,Yes
TXN003784,382555,Uasin Gishu,Nyeri,14,Send Money,112,22,No,No,4,Yes,No
TXN003785,346246,Uasin Gishu,Kisumu,2,Till,94,21,No,Yes,8,No,Yes
TXN003786,467733,Kiambu,Machakos,16,Withdraw,62,23,No,No,0,No,No
TXN003787,225012,Kiambu,Mombasa,8,Paybill,16,17,Yes,No,8,No,Yes
TXN003788,256444,Meru,Nyeri,16,Withdraw,65,12,Yes,Yes,4,Yes,Yes
TXN003789,90815,Kisumu,Nakuru,22,Paybill,54,7,No,Yes,1,Yes,No
TXN003790,302166,Nairobi,Kakamega,22,Send Money,112,19,Yes,Yes,5,Yes,Yes
TXN003791,111000,Machakos,Uasin Gishu,14,Withdraw,111,5,Yes,No,4,No,Yes
TXN003792,37311,Uasin Gishu,Nairobi,9,Till,47,27,No,Yes,7,No,Yes
TXN003793,219039,Kiambu,Machakos,14,Withdraw,71,19,Yes,Yes,1,No,Yes
TXN003794,257763,Uasin Gishu,Uasin Gishu,12,Till,118,26,No,No,5,No,No
TXN003795,252053,Kisumu,Meru,13,Till,51,2,No,Yes,0,No,No
TXN003796,172819,Nairobi,Kiambu,18,Withdraw,113,11,Yes,Yes,7,No,Yes
TXN003797,277513,Kiambu,Kiambu,4,Paybill,18,19,No,Yes,7,No,Yes
TXN003798,2643,Meru,Nyeri,14,Paybill,56,3,No,Yes,6,Yes,No
TXN003799,338401,Kakamega,Kisumu,9,Withdraw,68,14,No,Yes,0,No,No
TXN003800,451378,Kiambu,Nakuru,1,Paybill,56,7,Yes,Yes,2,Yes,Yes
TXN003801,46691,Mombasa,Mombasa,3,Till,70,23,Yes,Yes,3,Yes,Yes
TXN003802,350580,Machakos,Nyeri,15,Till,3,13,No,No,8,No,No
TXN003803,194839,Mombasa,Machakos,2,Till,18,23,No,No,2,No,No
TXN003804,101162,Nyeri,Nakuru,10,Send Money,53,20,No,No,5,No,No
TXN003805,491548,Machakos,Machakos,12,Withdraw,58,19,Yes,No,1,Yes,No
TXN003806,479179,Nyeri,Uasin Gishu,21,Till,80,14,Yes,Yes,8,No,Yes
TXN003807,35854,Mombasa,Meru,19,Send Money,60,21,Yes,No,6,Yes,Yes
TXN003808,406327,Meru,Kiambu,20,Withdraw,106,30,No,Yes,4,No,Yes
TXN003809,220725,Kisumu,Uasin Gishu,16,Till,91,6,Yes,No,8,No,Yes
TXN003810,438622,Meru,Meru,1,Send Money,15,16,No,Yes,6,No,Yes
TXN003811,426114,Meru,Machakos,23,Paybill,113,1,Yes,No,1,Yes,No
TXN003812,438713,Mombasa,Machakos,20,Send Money,2,7,No,Yes,1,Yes,Yes
TXN003813,300011,Kiambu,Kiambu,13,Paybill,6,21,No,No,6,Yes,No
TXN003814,78957,Nakuru,Nakuru,19,Paybill,5,4,No,No,6,No,No
TXN003815,355576,Uasin Gishu,Kisumu,10,Paybill,46,2,Yes,No,3,Yes,Yes
TXN003816,353208,Kakamega,Machakos,10,Till,69,3,No,Yes,3,Yes,Yes
TXN003817,34414,Nyeri,Kiambu,6,Till,87,9,Yes,Yes,2,No,No
TXN003818,25881,Kisumu,Nyeri,1,Withdraw,63,9,No,Yes,3,Yes,No
TXN003819,12865,Mombasa,Nairobi,19,Send Money,18,9,No,Yes,4,Yes,No
TXN003820,245446,Kisumu,Kakamega,15,Paybill,62,4,Yes,Yes,5,Yes,Yes
TXN003821,256698,Mombasa,Kakamega,4,Withdraw,56,12,No,No,7,No,No
TXN003822,187203,Kiambu,Kakamega,3,Paybill,61,8,No,No,4,Yes,No
TXN003823,476699,Meru,Nakuru,18,Paybill,50,14,No,Yes,5,Yes,Yes
TXN003824,318406,Machakos,Nairobi,20,Send Money,35,6,No,Yes,2,Yes,No
TXN003825,108941,Kisumu,Kakamega,19,Till,114,9,Yes,Yes,0,No,Yes
TXN003826,264420,Nakuru,Meru,2,Paybill,24,29,No,No,7,Yes,No
TXN003827,316206,Meru,Mombasa,4,Withdraw,111,20,Yes,Yes,7,Yes,Yes
TXN003828,181787,Kiambu,Kisumu,2,Send Money,77,8,No,No,7,Yes,No
TXN003829,220996,Meru,Mombasa,1,Send Money,87,6,Yes,Yes,6,No,Yes
TXN003830,376038,Nakuru,Uasin Gishu,8,Till,36,27,No,Yes,6,No,Yes
TXN003831,131635,Kisumu,Kisumu,22,Send Money,27,27,Yes,No,1,No,No
TXN003832,331159,Nyeri,Nakuru,10,Paybill,8,15,Yes,Yes,7,No,Yes
TXN003833,242174,Nairobi,Meru,6,Paybill,66,2,No,No,7,Yes,No
TXN003834,283378,Meru,Nairobi,1,Withdraw,97,12,Yes,Yes,0,Yes,Yes
TXN003835,111045,Machakos,Kiambu,12,Till,82,5,No,No,7,No,No
TXN003836,289209,Kakamega,Nairobi,7,Till,53,4,No,Yes,8,No,Yes
TXN003837,143819,Uasin Gishu,Machakos,20,Withdraw,103,14,Yes,Yes,2,No,Yes
TXN003838,448667,Uasin Gishu,Nakuru,10,Send Money,111,17,No,Yes,5,No,Yes
TXN003839,244126,Mombasa,Kakamega,12,Withdraw,41,16,Yes,No,1,No,No
TXN003840,188256,Nairobi,Nairobi,20,Paybill,91,27,No,No,5,No,No
TXN003841,369850,Kiambu,Nyeri,8,Paybill,29,15,No,Yes,2,No,No
TXN003842,46331,Mombasa,Kiambu,10,Till,2,19,Yes,Yes,2,No,Yes
TXN003843,251685,Nakuru,Kakamega,12,Withdraw,118,19,No,Yes,7,Yes,Yes
TXN003844,23681,Nakuru,Nairobi,5,Withdraw,35,3,No,Yes,6,No,No
TXN003845,24292,Meru,Nyeri,4,Send Money,70,3,Yes,No,2,Yes,No
TXN003846,8512,Nakuru,Meru,4,Paybill,80,25,Yes,No,2,No,No
TXN003847,318479,Kisumu,Nyeri,8,Send Money,82,12,Yes,Yes,4,No,Yes
TXN003848,241676,Nyeri,Nakuru,21,Till,104,14,No,Yes,0,No,No
TXN003849,394065,Nyeri,Kisumu,9,Till,64,13,No,Yes,0,No,No
TXN003850,209366,Uasin Gishu,Nairobi,21,Till,56,13,No,No,8,Yes,No
TXN003851,110340,Machakos,Meru,5,Till,67,14,Yes,No,0,No,No
TXN003852,412732,Uasin Gishu,Meru,4,Paybill,82,14,Yes,No,2,No,No
TXN003853,423252,Kakamega,Nakuru,20,Till,117,25,Yes,No,7,Yes,Yes
TXN003854,376404,Kiambu,Kakamega,5,Paybill,106,29,No,Yes,7,Yes,Yes
TXN003855,409496,Uasin Gishu,Uasin Gishu,3,Send Money,87,22,Yes,No,4,No,Yes
TXN003856,185353,Uasin Gishu,Nyeri,12,Paybill,13,30,No,No,1,Yes,No
TXN003857,263323,Kiambu,Meru,8,Send Money,105,18,No,No,2,No,No
TXN003858,395316,Meru,Machakos,13,Send Money,32,22,No,Yes,8,No,Yes
TXN003859,120399,Nakuru,Mombasa,17,Paybill,86,10,No,Yes,8,Yes,Yes
TXN003860,285501,Uasin Gishu,Meru,2,Paybill,4,4,No,Yes,4,No,Yes
TXN003861,338426,Meru,Nyeri,0,Send Money,107,26,Yes,No,7,Yes,Yes
TXN003862,406842,Uasin Gishu,Nakuru,3,Till,87,29,Yes,Yes,0,Yes,Yes
TXN003863,94621,Kisumu,Nakuru,2,Paybill,4,1,Yes,Yes,1,No,No
TXN003864,127119,Nairobi,Meru,17,Paybill,105,27,No,Yes,1,No,No
TXN003865,41756,Nyeri,Meru,13,Withdraw,22,16,Yes,Yes,3,Yes,Yes
TXN003866,98247,Nakuru,Mombasa,21,Withdraw,5,27,Yes,Yes,5,Yes,Yes
TXN003867,254831,Mombasa,Meru,20,Send Money,82,11,No,Yes,0,Yes,No
TXN003868,498761,Kiambu,Nyeri,7,Till,60,13,No,Yes,2,No,No
TXN003869,114721,Machakos,Kiambu,23,Withdraw,101,28,No,Yes,5,Yes,Yes
TXN003870,159666,Nyeri,Kakamega,0,Paybill,56,20,Yes,Yes,7,Yes,Yes
TXN003871,253088,Nairobi,Meru,7,Send Money,19,18,Yes,Yes,4,Yes,Yes
TXN003872,451486,Nakuru,Kisumu,3,Withdraw,112,18,Yes,No,1,Yes,No
TXN003873,349260,Kiambu,Mombasa,17,Paybill,88,1,Yes,No,3,Yes,Yes
TXN003874,72838,Kisumu,Machakos,4,Send Money,88,24,No,Yes,7,No,Yes
TXN003875,463549,Kakamega,Meru,11,Till,21,3,Yes,Yes,1,No,Yes
TXN003876,86884,Nairobi,Mombasa,23,Send Money,68,29,Yes,Yes,6,No,Yes
TXN003877,210232,Nyeri,Uasin Gishu,23,Paybill,58,17,Yes,Yes,6,No,Yes
TXN003878,499741,Nakuru,Nyeri,12,Till,77,1,Yes,No,1,No,No
TXN003879,395369,Kisumu,Nairobi,19,Till,22,14,No,Yes,0,Yes,No
TXN003880,43916,Nairobi,Machakos,6,Send Money,62,22,No,Yes,0,No,No
TXN003881,318992,Kakamega,Machakos,10,Send Money,67,9,Yes,Yes,5,Yes,Yes
TXN003882,276673,Uasin Gishu,Kakamega,14,Send Money,34,17,No,Yes,8,No,Yes
TXN003883,122043,Nairobi,Nairobi,17,Paybill,101,16,No,No,7,No,No
TXN003884,12473,Machakos,Nyeri,7,Till,84,15,No,No,4,Yes,No
TXN003885,171845,Kakamega,Kisumu,14,Withdraw,92,29,Yes,Yes,7,Yes,Yes
TXN003886,127124,Nyeri,Nakuru,4,Send Money,120,24,Yes,Yes,0,Yes,Yes
TXN003887,189321,Nairobi,Uasin Gishu,6,Withdraw,14,3,Yes,Yes,3,No,Yes
TXN003888,280105,Kiambu,Nairobi,12,Till,4,3,Yes,No,0,Yes,No
TXN003889,33717,Mombasa,Kakamega,1,Withdraw,9,22,No,No,7,Yes,No
TXN003890,142402,Nakuru,Mombasa,5,Till,70,12,No,No,8,No,No
TXN003891,434925,Nakuru,Nyeri,21,Send Money,8,15,Yes,No,4,Yes,Yes
TXN003892,302852,Uasin Gishu,Kakamega,22,Withdraw,8,30,Yes,Yes,4,No,Yes
TXN003893,243698,Meru,Uasin Gishu,23,Send Money,57,14,Yes,No,2,No,No
TXN003894,50608,Kiambu,Machakos,2,Withdraw,62,2,Yes,Yes,7,No,Yes
TXN003895,456181,Nyeri,Nairobi,8,Till,60,25,Yes,Yes,2,Yes,Yes
TXN003896,120637,Machakos,Nakuru,23,Paybill,40,15,Yes,No,7,Yes,Yes
TXN003897,31150,Nyeri,Meru,17,Withdraw,80,30,No,Yes,8,No,Yes
TXN003898,411008,Meru,Meru,6,Paybill,31,12,No,Yes,7,Yes,Yes
TXN003899,329628,Nairobi,Meru,7,Withdraw,93,11,No,Yes,2,No,No
TXN003900,349214,Kiambu,Kisumu,21,Withdraw,55,7,No,No,4,No,No
TXN003901,130315,Kisumu,Nakuru,19,Send Money,75,18,Yes,No,6,No,Yes
TXN003902,290019,Kisumu,Kakamega,7,Till,94,18,No,No,6,Yes,No
TXN003903,454356,Kisumu,Nairobi,3,Withdraw,29,27,Yes,No,0,No,No
TXN003904,222414,Kisumu,Mombasa,11,Withdraw,25,8,No,Yes,1,No,No
TXN003905,361658,Uasin Gishu,Kisumu,16,Withdraw,26,9,No,Yes,6,Yes,Yes
TXN003906,95442,Kiambu,Kiambu,8,Till,114,7,Yes,No,7,Yes,No
TXN003907,190403,Kiambu,Kisumu,2,Send Money,103,23,Yes,No,3,No,Yes
TXN003908,55232,Kakamega,Kiambu,5,Send Money,60,11,No,No,4,No,No
TXN003909,331282,Nakuru,Nyeri,3,Till,71,18,No,Yes,4,No,Yes
TXN003910,39158,Kakamega,Meru,5,Till,21,20,Yes,Yes,6,No,Yes
TXN003911,346409,Kakamega,Nakuru,10,Paybill,50,10,Yes,No,2,No,No
TXN003912,341788,Nakuru,Nairobi,1,Withdraw,117,20,No,No,1,No,No
TXN003913,165769,Kiambu,Kakamega,18,Paybill,104,4,No,No,1,Yes,No
TXN003914,481032,Nyeri,Kisumu,8,Till,88,29,Yes,Yes,5,No,Yes
TXN003915,388101,Uasin Gishu,Kiambu,7,Withdraw,26,3,Yes,Yes,2,No,Yes
TXN003916,280582,Nairobi,Mombasa,8,Withdraw,82,22,No,Yes,4,Yes,Yes
TXN003917,6994,Meru,Uasin Gishu,7,Withdraw,55,14,No,Yes,0,No,No
TXN003918,478795,Meru,Nairobi,12,Till,40,20,Yes,Yes,1,No,Yes
TXN003919,4744,Meru,Nairobi,3,Send Money,55,3,No,No,1,No,No
TXN003920,472114,Uasin Gishu,Nairobi,0,Till,22,11,Yes,Yes,3,Yes,Yes
TXN003921,399316,Nyeri,Nakuru,20,Paybill,7,6,No,Yes,8,No,Yes
TXN003922,59200,Meru,Nyeri,9,Paybill,119,6,Yes,No,1,No,No
TXN003923,195046,Nyeri,Kiambu,5,Send Money,5,28,No,No,6,No,No
TXN003924,488390,Kiambu,Kisumu,8,Withdraw,8,21,Yes,No,1,No,No
TXN003925,7306,Nyeri,Uasin Gishu,2,Till,83,16,Yes,No,2,Yes,No
TXN003926,303515,Kakamega,Uasin Gishu,6,Withdraw,48,6,No,No,7,No,No
TXN003927,368271,Machakos,Kakamega,15,Withdraw,98,20,Yes,Yes,0,No,Yes
TXN003928,346120,Nairobi,Kakamega,9,Send Money,106,20,Yes,No,7,No,Yes
TXN003929,21210,Machakos,Nairobi,8,Paybill,48,19,Yes,No,8,Yes,Yes
TXN003930,298789,Nyeri,Machakos,17,Withdraw,8,8,No,No,0,Yes,No
TXN003931,324569,Machakos,Kiambu,21,Withdraw,81,13,No,Yes,6,Yes,Yes
TXN003932,475684,Kisumu,Mombasa,1,Send Money,118,13,Yes,No,5,Yes,Yes
TXN003933,262408,Kiambu,Kiambu,3,Send Money,38,5,No,Yes,2,No,No
TXN003934,459561,Nyeri,Machakos,19,Paybill,101,5,No,No,4,Yes,No
TXN003935,168687,Nakuru,Kakamega,14,Till,52,12,Yes,No,2,No,No
TXN003936,20008,Nakuru,Kakamega,8,Till,106,15,No,No,5,No,No
TXN003937,381427,Kisumu,Machakos,23,Till,118,24,Yes,No,1,Yes,No
TXN003938,219888,Kisumu,Kisumu,15,Paybill,59,26,Yes,Yes,7,No,Yes
TXN003939,325719,Meru,Uasin Gishu,15,Till,36,19,No,No,2,Yes,No
TXN003940,355854,Nyeri,Machakos,8,Send Money,112,19,Yes,Yes,0,Yes,Yes
TXN003941,229508,Kisumu,Kiambu,4,Withdraw,1,2,No,Yes,5,Yes,Yes
TXN003942,295870,Mombasa,Nakuru,21,Withdraw,95,11,No,No,3,No,No
TXN003943,196718,Mombasa,Kiambu,4,Withdraw,91,8,No,Yes,4,No,Yes
TXN003944,392132,Kisumu,Nairobi,12,Paybill,22,1,No,Yes,8,No,Yes
TXN003945,107263,Nyeri,Kakamega,6,Withdraw,34,29,No,Yes,1,No,No
TXN003946,75507,Nyeri,Nairobi,9,Send Money,67,6,No,No,3,Yes,No
TXN003947,373289,Nakuru,Nakuru,23,Paybill,79,3,No,Yes,6,Yes,Yes
TXN003948,32112,Nyeri,Kiambu,7,Withdraw,65,27,No,No,4,Yes,No
TXN003949,342248,Meru,Nakuru,2,Paybill,103,28,No,Yes,2,Yes,No
TXN003950,247108,Meru,Nakuru,13,Withdraw,117,18,Yes,Yes,1,Yes,Yes
TXN003951,380089,Kakamega,Nakuru,13,Till,93,30,No,No,7,No,No
TXN003952,401258,Machakos,Meru,1,Paybill,59,13,No,No,5,No,No
TXN003953,131223,Machakos,Mombasa,3,Send Money,116,17,Yes,No,4,Yes,Yes
TXN003954,73298,Nakuru,Nairobi,17,Paybill,49,20,Yes,No,5,Yes,Yes
TXN003955,100787,Mombasa,Kiambu,20,Till,89,8,Yes,Yes,3,No,Yes
TXN003956,176400,Uasin Gishu,Kiambu,0,Withdraw,96,26,Yes,No,0,Yes,No
TXN003957,72723,Kiambu,Mombasa,10,Send Money,103,26,No,Yes,6,No,Yes
TXN003958,391352,Mombasa,Uasin Gishu,9,Paybill,106,10,No,No,6,Yes,No
TXN003959,385276,Nairobi,Kisumu,18,Till,33,22,Yes,No,7,Yes,Yes
TXN003960,28193,Kisumu,Nairobi,5,Paybill,56,19,No,No,2,No,No
TXN003961,388299,Mombasa,Kisumu,11,Paybill,103,25,No,Yes,7,No,Yes
TXN003962,281599,Uasin Gishu,Machakos,19,Send Money,34,17,Yes,No,5,Yes,Yes
TXN003963,392815,Kiambu,Uasin Gishu,8,Till,91,23,No,No,6,No,No
TXN003964,75746,Machakos,Kisumu,9,Paybill,31,27,Yes,Yes,4,Yes,Yes
TXN003965,459350,Machakos,Kiambu,15,Send Money,113,28,No,No,8,No,No
TXN003966,412907,Mombasa,Kiambu,12,Withdraw,9,17,No,No,5,Yes,No
TXN003967,492296,Machakos,Nairobi,23,Paybill,6,24,Yes,No,7,Yes,Yes
TXN003968,475886,Kakamega,Kakamega,22,Send Money,65,23,Yes,Yes,4,Yes,Yes
TXN003969,434504,Nakuru,Mombasa,13,Send Money,82,16,Yes,No,6,Yes,Yes
TXN003970,116211,Uasin Gishu,Kiambu,11,Withdraw,85,10,Yes,No,2,Yes,No
TXN003971,169716,Nyeri,Nakuru,4,Withdraw,108,6,No,No,4,Yes,No
TXN003972,256891,Uasin Gishu,Uasin Gishu,16,Send Money,88,29,No,Yes,5,Yes,Yes
TXN003973,182253,Uasin Gishu,Uasin Gishu,2,Withdraw,46,24,No,Yes,5,No,Yes
TXN003974,217410,Nakuru,Uasin Gishu,8,Withdraw,72,19,No,Yes,3,No,Yes
TXN003975,335188,Mombasa,Mombasa,7,Paybill,2,11,No,No,1,No,No
TXN003976,307813,Machakos,Mombasa,16,Paybill,43,14,Yes,Yes,2,No,Yes
TXN003977,195710,Kisumu,Uasin Gishu,18,Withdraw,51,20,No,Yes,2,Yes,No
TXN003978,443421,Nyeri,Kakamega,18,Withdraw,95,29,No,No,7,No,No
TXN003979,387774,Kisumu,Kakamega,20,Send Money,26,3,No,Yes,0,No,No
TXN003980,136297,Meru,Mombasa,13,Till,91,7,No,Yes,2,No,No
TXN003981,69857,Uasin Gishu,Meru,22,Send Money,31,1,Yes,Yes,7,No,Yes
TXN003982,58034,Nakuru,Kakamega,21,Send Money,63,13,Yes,Yes,1,No,Yes
TXN003983,438802,Uasin Gishu,Kisumu,5,Paybill,68,12,No,Yes,6,Yes,Yes
TXN003984,6378,Machakos,Kakamega,14,Till,53,7,No,No,7,Yes,No
TXN003985,205357,Mombasa,Nairobi,9,Send Money,80,24,No,Yes,8,No,Yes
TXN003986,439453,Nairobi,Nakuru,4,Till,91,2,Yes,Yes,7,Yes,Yes
TXN003987,402173,Machakos,Kisumu,21,Paybill,68,6,No,No,6,Yes,No
TXN003988,412689,Nairobi,Nakuru,17,Send Money,44,27,No,Yes,1,Yes,No
TXN003989,360095,Nyeri,Machakos,6,Send Money,108,14,No,No,2,Yes,No
TXN003990,372384,Meru,Nairobi,6,Withdraw,14,4,Yes,Yes,7,No,Yes
TXN003991,222295,Kisumu,Nyeri,2,Paybill,50,13,Yes,No,4,No,Yes
TXN003992,83079,Nakuru,Nakuru,21,Withdraw,54,28,No,No,5,Yes,No
TXN003993,320447,Kakamega,Machakos,6,Till,7,23,Yes,No,0,Yes,No
TXN003994,331893,Machakos,Kisumu,22,Withdraw,89,7,Yes,Yes,2,No,Yes
TXN003995,499619,Nairobi,Nakuru,1,Till,89,11,No,No,1,No,No
TXN003996,211237,Uasin Gishu,Machakos,4,Till,65,15,Yes,No,1,Yes,No
TXN003997,445283,Kisumu,Meru,16,Paybill,110,20,No,Yes,8,No,Yes
TXN003998,266219,Mombasa,Kiambu,18,Withdraw,65,29,Yes,Yes,1,No,Yes
TXN003999,231637,Mombasa,Uasin Gishu,11,Withdraw,64,14,No,Yes,3,No,Yes
TXN004000,217069,Mombasa,Meru,20,Till,108,12,Yes,Yes,2,No,Yes
TXN004001,344270,Meru,Kiambu,6,Till,35,23,Yes,Yes,4,No,Yes
TXN004002,388208,Mombasa,Nakuru,17,Withdraw,110,11,No,No,6,No,No
TXN004003,180017,Meru,Machakos,23,Withdraw,81,11,Yes,Yes,1,No,Yes
TXN004004,390547,Meru,Nakuru,12,Send Money,57,17,Yes,Yes,3,No,Yes
TXN004005,484325,Nairobi,Uasin Gishu,12,Send Money,15,19,No,Yes,2,No,No
TXN004006,294658,Nyeri,Nairobi,14,Paybill,100,11,Yes,No,0,No,No
TXN004007,425,Mombasa,Kisumu,0,Withdraw,86,5,Yes,Yes,3,Yes,Yes
TXN004008,207677,Nairobi,Nakuru,20,Withdraw,110,16,No,Yes,7,Yes,Yes
TXN004009,117252,Uasin Gishu,Kakamega,0,Withdraw,38,25,No,Yes,6,No,Yes
TXN004010,335908,Kakamega,Kiambu,6,Withdraw,13,19,Yes,No,6,No,Yes
TXN004011,256488,Nakuru,Meru,7,Send Money,62,2,No,No,6,No,No
TXN004012,205817,Nyeri,Nyeri,15,Paybill,33,24,Yes,No,4,No,Yes
TXN004013,376846,Nairobi,Kisumu,10,Paybill,85,2,No,No,8,Yes,No
TXN004014,49605,Machakos,Kiambu,15,Send Money,18,19,Yes,No,6,Yes,Yes
TXN004015,359932,Mombasa,Kiambu,12,Send Money,5,19,No,Yes,4,Yes,Yes
TXN004016,436248,Mombasa,Meru,21,Send Money,41,20,No,Yes,0,Yes,No
TXN004017,466126,Kiambu,Uasin Gishu,14,Paybill,119,2,No,Yes,8,No,Yes
TXN004018,330773,Meru,Nakuru,18,Send Money,40,24,No,No,3,No,No
TXN004019,290753,Meru,Uasin Gishu,15,Send Money,78,9,Yes,Yes,1,No,Yes
TXN004020,274606,Kiambu,Kisumu,21,Till,29,5,Yes,Yes,0,No,Yes
TXN004021,343325,Mombasa,Meru,20,Send Money,102,23,Yes,No,1,Yes,No
TXN004022,102977,Meru,Kiambu,2,Paybill,97,12,No,Yes,4,Yes,Yes
TXN004023,164421,Nyeri,Nyeri,22,Withdraw,73,15,Yes,Yes,2,Yes,Yes
TXN004024,356241,Kisumu,Nyeri,18,Till,54,15,No,No,0,No,No
TXN004025,469955,Meru,Meru,15,Paybill,108,3,Yes,No,0,Yes,No
TXN004026,279890,Nyeri,Nakuru,13,Paybill,60,10,No,Yes,0,Yes,No
TXN004027,84502,Uasin Gishu,Uasin Gishu,7,Paybill,89,25,Yes,No,0,Yes,No
TXN004028,460090,Nyeri,Machakos,3,Paybill,1,16,Yes,No,4,Yes,Yes
TXN004029,117104,Nairobi,Machakos,14,Withdraw,106,28,Yes,Yes,7,No,Yes
TXN004030,212906,Nairobi,Nakuru,1,Paybill,108,15,No,Yes,2,Yes,No
TXN004031,278271,Nyeri,Meru,5,Paybill,57,11,No,No,0,No,No
TXN004032,356343,Kakamega,Kakamega,16,Withdraw,108,1,Yes,No,0,No,No
TXN004033,58122,Uasin Gishu,Machakos,10,Withdraw,77,28,Yes,No,7,Yes,Yes
TXN004034,33680,Kiambu,Machakos,3,Till,25,30,No,No,6,No,No
TXN004035,165911,Kiambu,Kiambu,21,Paybill,30,15,No,Yes,5,No,Yes
TXN004036,448876,Mombasa,Mombasa,3,Till,42,5,No,Yes,1,No,No
TXN004037,385828,Mombasa,Machakos,14,Withdraw,56,16,Yes,Yes,8,No,Yes
TXN004038,150441,Uasin Gishu,Nyeri,0,Paybill,95,14,No,Yes,5,Yes,Yes
TXN004039,264293,Machakos,Nairobi,5,Withdraw,95,7,Yes,Yes,4,No,Yes
TXN004040,167842,Uasin Gishu,Nakuru,22,Paybill,66,14,Yes,Yes,4,No,Yes
TXN004041,447849,Kisumu,Kiambu,10,Withdraw,27,25,Yes,Yes,4,No,Yes
TXN004042,28150,Uasin Gishu,Nakuru,17,Send Money,44,3,No,No,7,Yes,No
TXN004043,432004,Mombasa,Uasin Gishu,3,Withdraw,82,7,Yes,No,2,No,No
TXN004044,405271,Uasin Gishu,Kisumu,6,Withdraw,21,23,No,No,4,No,No
TXN004045,12939,Kisumu,Uasin Gishu,16,Send Money,27,22,No,No,7,No,No
TXN004046,299312,Mombasa,Kisumu,22,Paybill,112,7,Yes,Yes,2,No,Yes
TXN004047,73187,Nakuru,Meru,8,Send Money,66,25,Yes,No,2,No,No
TXN004048,477904,Mombasa,Nyeri,19,Paybill,65,12,No,No,5,No,No
TXN004049,166929,Nairobi,Nakuru,11,Withdraw,69,29,Yes,Yes,4,Yes,Yes
TXN004050,117835,Nakuru,Machakos,21,Till,4,7,Yes,Yes,6,No,Yes
TXN004051,456746,Machakos,Kakamega,3,Withdraw,79,1,No,No,8,No,No
TXN004052,434327,Kisumu,Machakos,1,Withdraw,102,17,No,Yes,1,Yes,No
TXN004053,90552,Nakuru,Kiambu,14,Withdraw,109,18,No,No,6,No,No
TXN004054,26546,Machakos,Nyeri,14,Paybill,88,22,Yes,Yes,0,Yes,Yes
TXN004055,273028,Uasin Gishu,Nakuru,2,Withdraw,77,26,No,No,7,Yes,No
TXN004056,106143,Kakamega,Kisumu,23,Withdraw,32,1,No,No,0,Yes,No
TXN004057,467799,Kiambu,Meru,1,Till,20,17,Yes,Yes,3,No,Yes
TXN004058,410509,Uasin Gishu,Nakuru,8,Paybill,114,22,No,No,1,Yes,No
TXN004059,450123,Uasin Gishu,Uasin Gishu,7,Withdraw,88,2,Yes,Yes,0,Yes,Yes
TXN004060,226297,Kiambu,Mombasa,9,Send Money,23,25,Yes,No,5,No,Yes
TXN004061,279716,Meru,Machakos,2,Send Money,82,11,No,No,2,Yes,No
TXN004062,332372,Uasin Gishu,Uasin Gishu,23,Send Money,1,17,No,No,1,Yes,No
TXN004063,387904,Kiambu,Uasin Gishu,18,Send Money,85,26,Yes,Yes,6,Yes,Yes
TXN004064,334096,Uasin Gishu,Kisumu,9,Till,14,15,No,No,3,Yes,No
TXN004065,38108,Machakos,Kakamega,7,Paybill,4,14,No,No,8,No,No
TXN004066,476720,Kisumu,Nakuru,16,Paybill,10,14,No,Yes,2,No,No
TXN004067,181739,Mombasa,Nairobi,21,Withdraw,35,24,No,Yes,7,Yes,Yes
TXN004068,396385,Nairobi,Machakos,20,Send Money,22,20,No,Yes,2,Yes,No
TXN004069,440731,Nakuru,Nakuru,21,Paybill,55,14,No,Yes,4,No,Yes
TXN004070,407004,Machakos,Kiambu,23,Send Money,16,16,Yes,No,7,No,Yes
TXN004071,89548,Nairobi,Kisumu,16,Send Money,73,30,Yes,No,2,Yes,No
TXN004072,186978,Kisumu,Mombasa,14,Withdraw,101,21,Yes,Yes,8,No,Yes
TXN004073,287120,Machakos,Nairobi,10,Send Money,1,4,Yes,No,6,Yes,Yes
TXN004074,250254,Meru,Kiambu,7,Send Money,95,8,Yes,No,1,Yes,No
TXN004075,129583,Kakamega,Kiambu,19,Withdraw,105,23,Yes,No,0,Yes,No
TXN004076,426864,Kiambu,Nairobi,21,Paybill,20,26,Yes,Yes,8,No,Yes
TXN004077,252668,Kisumu,Nyeri,11,Send Money,83,13,No,No,3,No,No
TXN004078,100229,Nyeri,Uasin Gishu,20,Paybill,29,1,No,No,1,No,No
TXN004079,434940,Nairobi,Kiambu,21,Withdraw,17,19,Yes,No,0,No,No
TXN004080,346494,Nakuru,Kakamega,15,Paybill,14,11,Yes,No,1,Yes,No
TXN004081,54981,Kiambu,Kakamega,18,Paybill,8,20,Yes,No,4,No,Yes
TXN004082,297845,Kiambu,Nairobi,0,Paybill,14,23,Yes,No,1,No,No
TXN004083,372307,Machakos,Kakamega,6,Withdraw,33,12,No,No,8,No,No
TXN004084,154070,Kakamega,Kisumu,7,Withdraw,100,9,No,No,6,Yes,No
TXN004085,198464,Kisumu,Nairobi,17,Send Money,94,2,No,No,4,Yes,No
TXN004086,284859,Machakos,Kisumu,17,Till,1,7,No,Yes,8,Yes,Yes
TXN004087,2538,Nairobi,Kisumu,12,Till,40,7,Yes,No,1,No,No
TXN004088,253360,Nyeri,Nairobi,6,Send Money,57,12,Yes,No,6,No,Yes
TXN004089,224106,Kisumu,Kiambu,20,Send Money,26,13,No,Yes,7,No,Yes
TXN004090,130332,Meru,Nyeri,7,Paybill,44,8,No,No,4,Yes,No
TXN004091,6039,Uasin Gishu,Nairobi,16,Till,27,20,No,Yes,5,Yes,Yes
TXN004092,98724,Mombasa,Mombasa,8,Withdraw,24,20,No,Yes,4,Yes,Yes
TXN004093,438232,Nakuru,Kakamega,14,Send Money,93,10,No,No,4,No,No
TXN004094,144470,Meru,Kiambu,11,Withdraw,98,19,Yes,No,7,Yes,Yes
TXN004095,451036,Mombasa,Nairobi,21,Paybill,44,19,No,No,3,No,No
TXN004096,405489,Uasin Gishu,Nyeri,23,Send Money,88,9,Yes,No,7,Yes,Yes
TXN004097,483712,Machakos,Uasin Gishu,19,Till,7,17,Yes,No,1,No,No
TXN004098,466879,Kakamega,Mombasa,21,Withdraw,28,2,No,Yes,1,No,No
TXN004099,499637,Kisumu,Nakuru,13,Paybill,119,19,Yes,No,5,No,Yes
TXN004100,161637,Kakamega,Nyeri,22,Withdraw,98,3,Yes,Yes,4,No,Yes
TXN004101,235588,Kakamega,Kisumu,17,Send Money,120,30,Yes,Yes,6,No,Yes
TXN004102,290100,Kisumu,Kiambu,18,Send Money,19,27,Yes,Yes,7,No,Yes
TXN004103,327478,Nyeri,Machakos,11,Paybill,113,13,Yes,No,1,No,No
TXN004104,243948,Uasin Gishu,Nakuru,3,Till,92,8,Yes,No,3,No,Yes
TXN004105,193202,Uasin Gishu,Meru,8,Till,73,13,No,Yes,7,Yes,Yes
TXN004106,287064,Nairobi,Nairobi,23,Till,91,30,Yes,No,4,Yes,Yes
TXN004107,19034,Nakuru,Mombasa,1,Withdraw,101,15,No,No,0,Yes,No
TXN004108,163810,Nyeri,Kisumu,5,Till,100,2,No,No,2,No,No
TXN004109,392824,Kiambu,Meru,22,Withdraw,102,10,Yes,No,3,No,Yes
TXN004110,301894,Nakuru,Uasin Gishu,13,Till,106,24,Yes,No,1,No,No
TXN004111,144679,Kakamega,Mombasa,1,Till,58,24,No,No,8,Yes,No
TXN004112,98361,Kakamega,Kakamega,3,Till,76,24,Yes,No,0,No,No
TXN004113,102306,Nakuru,Nairobi,8,Send Money,92,13,Yes,Yes,7,No,Yes
TXN004114,484871,Mombasa,Nakuru,3,Withdraw,21,12,No,Yes,0,No,No
TXN004115,357654,Kakamega,Nairobi,14,Send Money,51,28,No,No,5,Yes,No
TXN004116,81707,Nakuru,Machakos,0,Withdraw,113,15,No,Yes,7,No,Yes
TXN004117,457934,Meru,Meru,0,Till,102,25,No,Yes,7,Yes,Yes
TXN004118,110496,Uasin Gishu,Kisumu,5,Withdraw,66,18,Yes,No,6,No,Yes
TXN004119,18214,Uasin Gishu,Nakuru,18,Send Money,19,24,No,No,3,Yes,No
TXN004120,167071,Machakos,Uasin Gishu,1,Till,66,10,No,No,7,Yes,No
TXN004121,201350,Meru,Nairobi,12,Send Money,104,15,Yes,Yes,3,No,Yes
TXN004122,167965,Mombasa,Nakuru,8,Send Money,91,26,No,Yes,2,No,No
TXN004123,367875,Kisumu,Nairobi,22,Withdraw,80,28,No,Yes,1,Yes,No
TXN004124,201312,Machakos,Nakuru,23,Paybill,57,14,No,No,4,Yes,No
TXN004125,145653,Machakos,Nakuru,22,Paybill,21,21,Yes,No,4,Yes,Yes
TXN004126,495527,Machakos,Nyeri,2,Paybill,65,24,No,Yes,7,Yes,Yes
TXN004127,272309,Nakuru,Uasin Gishu,14,Withdraw,5,11,No,Yes,2,Yes,No
TXN004128,155560,Machakos,Mombasa,0,Withdraw,46,11,No,Yes,6,Yes,Yes
TXN004129,5887,Kisumu,Meru,11,Send Money,95,12,No,No,0,No,No
TXN004130,294767,Kisumu,Nakuru,10,Withdraw,52,18,No,No,4,Yes,No
TXN004131,343878,Nakuru,Machakos,13,Send Money,23,30,No,No,2,No,No
TXN004132,18395,Machakos,Mombasa,15,Withdraw,50,21,Yes,No,5,Yes,Yes
TXN004133,364318,Meru,Machakos,6,Send Money,47,3,Yes,No,8,No,Yes
TXN004134,437888,Nyeri,Nairobi,21,Send Money,23,15,Yes,No,4,No,Yes
TXN004135,327421,Uasin Gishu,Mombasa,12,Till,64,14,Yes,Yes,3,No,Yes
TXN004136,358266,Nakuru,Kisumu,4,Paybill,49,3,No,Yes,6,No,Yes
TXN004137,444044,Nairobi,Mombasa,8,Send Money,87,26,No,No,0,Yes,No
TXN004138,88037,Nairobi,Nyeri,19,Till,75,24,No,Yes,8,No,Yes
TXN004139,129160,Nyeri,Mombasa,15,Paybill,58,25,No,Yes,2,No,No
TXN004140,4394,Machakos,Nyeri,1,Send Money,94,1,Yes,No,8,Yes,No
TXN004141,140438,Nairobi,Nyeri,23,Send Money,3,7,Yes,No,0,No,No
TXN004142,364366,Machakos,Nyeri,23,Withdraw,93,29,Yes,No,6,Yes,Yes
TXN004143,424911,Mombasa,Mombasa,13,Withdraw,103,19,Yes,Yes,1,Yes,Yes
TXN004144,298053,Kiambu,Uasin Gishu,14,Withdraw,39,14,Yes,Yes,1,Yes,Yes
TXN004145,406781,Uasin Gishu,Kisumu,1,Withdraw,34,5,Yes,Yes,5,Yes,Yes
TXN004146,429046,Uasin Gishu,Nairobi,18,Paybill,104,9,No,No,1,Yes,No
TXN004147,305,Uasin Gishu,Machakos,15,Send Money,32,8,Yes,No,6,No,No
TXN004148,397991,Nakuru,Nairobi,9,Till,54,13,No,No,8,Yes,No
TXN004149,445361,Uasin Gishu,Kiambu,11,Send Money,8,10,Yes,No,4,Yes,Yes
TXN004150,277064,Nakuru,Nairobi,15,Paybill,50,5,No,Yes,2,Yes,No
TXN004151,142245,Kisumu,Uasin Gishu,3,Paybill,115,24,No,No,4,Yes,No
TXN004152,351061,Machakos,Nyeri,12,Send Money,111,19,No,No,7,No,No
TXN004153,264283,Nairobi,Nyeri,7,Till,96,1,No,Yes,3,No,Yes
TXN004154,142286,Meru,Nyeri,16,Send Money,82,27,No,Yes,7,No,Yes
TXN004155,309123,Meru,Nakuru,5,Till,23,1,No,No,5,No,No
TXN004156,348336,Kisumu,Kisumu,7,Withdraw,118,20,No,Yes,7,No,Yes
TXN004157,282574,Kiambu,Mombasa,17,Paybill,31,3,Yes,No,5,Yes,Yes
TXN004158,321450,Kisumu,Kisumu,16,Send Money,95,20,No,No,7,Yes,No
TXN004159,46150,Kisumu,Meru,9,Till,111,15,No,Yes,0,No,No
TXN004160,454894,Kakamega,Nakuru,11,Paybill,118,1,Yes,No,4,No,Yes
TXN004161,145578,Nakuru,Kisumu,7,Send Money,13,29,No,Yes,1,Yes,No
TXN004162,433627,Uasin Gishu,Kakamega,23,Till,68,14,No,No,0,No,No
TXN004163,246829,Nairobi,Kiambu,0,Paybill,62,21,Yes,Yes,1,Yes,Yes
TXN004164,267068,Mombasa,Nyeri,14,Withdraw,33,8,No,Yes,6,Yes,Yes
TXN004165,373117,Kisumu,Kisumu,10,Paybill,61,26,No,Yes,3,No,Yes
TXN004166,310152,Machakos,Kakamega,15,Withdraw,29,20,Yes,Yes,4,Yes,Yes
TXN004167,403732,Machakos,Nairobi,5,Send Money,24,15,No,No,5,No,No
TXN004168,345225,Kiambu,Nyeri,9,Withdraw,103,17,No,Yes,1,Yes,No
TXN004169,18319,Meru,Uasin Gishu,22,Withdraw,30,23,No,Yes,8,Yes,Yes
TXN004170,284224,Kakamega,Machakos,22,Paybill,107,17,No,Yes,0,No,No
TXN004171,193253,Uasin Gishu,Meru,22,Paybill,85,17,No,No,7,Yes,No
TXN004172,357860,Kisumu,Machakos,9,Withdraw,76,6,No,Yes,2,Yes,No
TXN004173,42629,Kakamega,Nyeri,21,Send Money,110,14,No,No,6,No,No
TXN004174,272584,Nakuru,Meru,10,Till,98,19,No,Yes,6,Yes,Yes
TXN004175,409135,Kakamega,Kisumu,7,Till,82,11,Yes,Yes,1,No,Yes
TXN004176,330542,Kakamega,Meru,13,Paybill,7,3,No,No,3,No,No
TXN004177,210304,Kakamega,Meru,2,Withdraw,87,7,No,No,4,No,No
TXN004178,290482,Nyeri,Mombasa,0,Send Money,81,21,Yes,Yes,0,Yes,Yes
TXN004179,51124,Uasin Gishu,Kisumu,10,Send Money,96,9,Yes,No,6,Yes,No
TXN004180,168771,Meru,Uasin Gishu,14,Send Money,63,11,No,Yes,4,Yes,Yes
TXN004181,331644,Machakos,Nyeri,22,Withdraw,90,26,Yes,Yes,0,No,Yes
TXN004182,472019,Meru,Uasin Gishu,13,Till,24,9,Yes,Yes,7,No,Yes
TXN004183,369028,Mombasa,Kakamega,3,Withdraw,85,5,No,Yes,0,No,No
TXN004184,81465,Nakuru,Nakuru,10,Paybill,96,11,Yes,Yes,3,No,Yes
TXN004185,495264,Kakamega,Nakuru,8,Paybill,56,15,No,No,7,No,No
TXN004186,203475,Nakuru,Mombasa,0,Till,103,27,No,No,5,Yes,No
TXN004187,371696,Kakamega,Kakamega,2,Paybill,83,19,No,Yes,4,Yes,Yes
TXN004188,454844,Kiambu,Uasin Gishu,12,Withdraw,66,1,No,Yes,0,No,No
TXN004189,316849,Kakamega,Mombasa,5,Till,98,16,No,No,2,Yes,No
TXN004190,402727,Nairobi,Nakuru,4,Till,30,12,No,No,8,Yes,No
TXN004191,397024,Nyeri,Kakamega,23,Withdraw,26,13,No,Yes,5,No,Yes
TXN004192,256752,Nairobi,Kakamega,5,Paybill,27,11,Yes,No,8,Yes,Yes
TXN004193,342126,Mombasa,Kisumu,21,Withdraw,77,10,No,No,4,No,No
TXN004194,46275,Meru,Uasin Gishu,5,Withdraw,34,20,Yes,No,3,Yes,Yes
TXN004195,175028,Meru,Machakos,2,Till,51,23,No,No,3,Yes,No
TXN004196,206225,Nakuru,Uasin Gishu,4,Send Money,114,13,Yes,Yes,0,No,Yes
TXN004197,415570,Kakamega,Nyeri,14,Send Money,7,12,Yes,No,4,Yes,Yes
TXN004198,456754,Nakuru,Kakamega,23,Paybill,39,27,Yes,Yes,3,No,Yes
TXN004199,316904,Meru,Nyeri,12,Withdraw,54,12,Yes,No,2,No,No
TXN004200,241647,Nyeri,Meru,18,Send Money,61,23,Yes,No,5,No,Yes
TXN004201,248669,Nyeri,Kisumu,15,Send Money,12,6,No,Yes,5,No,Yes
TXN004202,26068,Kisumu,Uasin Gishu,16,Paybill,85,5,Yes,Yes,1,Yes,No
TXN004203,246971,Nakuru,Uasin Gishu,17,Till,105,9,No,Yes,2,Yes,No
TXN004204,39760,Nyeri,Kiambu,5,Till,47,16,No,Yes,2,Yes,No
TXN004205,33145,Uasin Gishu,Machakos,10,Paybill,93,19,No,No,1,No,No
TXN004206,81387,Nyeri,Kakamega,21,Send Money,29,23,No,No,2,No,No
TXN004207,455984,Nyeri,Kisumu,19,Paybill,115,14,Yes,Yes,2,Yes,Yes
TXN004208,418105,Mombasa,Machakos,23,Paybill,31,12,Yes,No,8,No,Yes
TXN004209,183943,Uasin Gishu,Nyeri,21,Till,103,29,No,No,7,Yes,No
TXN004210,445953,Machakos,Nairobi,14,Paybill,95,16,No,No,4,No,No
TXN004211,470266,Nairobi,Nyeri,17,Send Money,67,8,Yes,Yes,1,No,Yes
TXN004212,490065,Nairobi,Machakos,17,Send Money,70,16,No,No,4,No,No
TXN004213,341104,Kakamega,Meru,15,Till,2,11,Yes,Yes,0,No,Yes
TXN004214,133029,Uasin Gishu,Nakuru,12,Till,64,14,Yes,Yes,7,No,Yes
TXN004215,203820,Kakamega,Kakamega,8,Withdraw,98,11,Yes,Yes,3,No,Yes
TXN004216,120044,Nyeri,Mombasa,19,Send Money,26,16,Yes,Yes,6,Yes,Yes
TXN004217,180891,Nyeri,Kakamega,7,Till,1,6,Yes,No,4,Yes,Yes
TXN004218,164268,Machakos,Nairobi,8,Withdraw,7,11,Yes,Yes,4,Yes,Yes
TXN004219,68503,Meru,Mombasa,8,Till,97,14,Yes,No,6,Yes,Yes
TXN004220,497848,Nairobi,Meru,17,Till,76,16,No,Yes,6,No,Yes
TXN004221,304451,Nakuru,Uasin Gishu,13,Till,15,20,Yes,No,4,No,Yes
TXN004222,107521,Machakos,Kakamega,3,Paybill,79,15,No,No,4,No,No
TXN004223,59415,Mombasa,Uasin Gishu,7,Till,103,21,No,No,4,No,No
TXN004224,94993,Kiambu,Nakuru,14,Paybill,44,16,No,No,7,No,No
TXN004225,41656,Uasin Gishu,Mombasa,19,Send Money,19,8,No,No,7,No,No
TXN004226,486470,Meru,Nyeri,7,Paybill,71,25,No,No,5,No,No
TXN004227,383027,Meru,Nairobi,10,Till,24,27,Yes,Yes,0,No,Yes
TXN004228,183907,Nyeri,Machakos,9,Send Money,95,4,No,Yes,6,No,Yes
TXN004229,169143,Kisumu,Kiambu,13,Paybill,94,19,Yes,Yes,4,No,Yes
TXN004230,450795,Meru,Nakuru,7,Send Money,85,24,No,Yes,2,Yes,No
TXN004231,406256,Nakuru,Machakos,19,Withdraw,98,14,No,Yes,3,No,Yes
TXN004232,164555,Mombasa,Meru,12,Send Money,120,30,Yes,No,2,Yes,No
TXN004233,275483,Kakamega,Nakuru,14,Withdraw,63,18,No,No,7,Yes,No
TXN004234,129837,Uasin Gishu,Uasin Gishu,13,Send Money,7,19,No,No,3,Yes,No
TXN004235,298484,Nairobi,Kiambu,8,Till,64,22,No,No,5,Yes,No
TXN004236,347002,Mombasa,Nairobi,14,Paybill,6,15,Yes,No,2,Yes,No
TXN004237,372645,Kakamega,Nyeri,5,Till,24,23,Yes,No,5,Yes,Yes
TXN004238,151909,Machakos,Uasin Gishu,15,Send Money,50,8,Yes,No,4,Yes,Yes
TXN004239,35537,Kisumu,Kiambu,20,Till,59,15,No,Yes,8,No,Yes
TXN004240,290304,Nairobi,Kakamega,10,Till,12,23,No,Yes,8,No,Yes
TXN004241,401032,Machakos,Meru,20,Withdraw,26,23,Yes,No,3,No,Yes
TXN004242,74464,Nairobi,Machakos,2,Paybill,56,17,Yes,No,0,No,No
TXN004243,446772,Kisumu,Nyeri,3,Till,6,14,No,No,2,Yes,No
TXN004244,203540,Nyeri,Machakos,7,Withdraw,71,8,No,Yes,2,No,No
TXN004245,298454,Kiambu,Mombasa,7,Withdraw,113,27,Yes,Yes,4,Yes,Yes
TXN004246,54274,Nyeri,Machakos,16,Paybill,62,8,Yes,No,3,Yes,No
TXN004247,17529,Uasin Gishu,Kakamega,5,Paybill,53,18,No,Yes,6,Yes,Yes
TXN004248,280926,Kakamega,Kakamega,11,Till,51,14,No,No,0,No,No
TXN004249,295812,Nairobi,Machakos,23,Withdraw,46,15,Yes,No,4,Yes,Yes
TXN004250,252437,Nairobi,Kisumu,10,Send Money,116,22,Yes,No,0,No,No
TXN004251,13571,Kisumu,Nakuru,10,Withdraw,81,18,No,No,8,No,No
TXN004252,264212,Nyeri,Nairobi,4,Till,38,25,No,No,2,Yes,No
TXN004253,493509,Kakamega,Kiambu,18,Paybill,15,1,No,Yes,5,Yes,Yes
TXN004254,61361,Mombasa,Machakos,20,Till,52,13,Yes,Yes,6,Yes,Yes
TXN004255,330187,Kiambu,Kakamega,21,Till,49,14,Yes,Yes,4,Yes,Yes
TXN004256,23663,Nairobi,Nyeri,18,Paybill,6,2,No,No,8,No,No
TXN004257,68271,Kiambu,Meru,9,Paybill,81,16,Yes,No,0,No,No
TXN004258,174131,Nakuru,Nyeri,6,Withdraw,56,21,No,Yes,3,No,Yes
TXN004259,153604,Nyeri,Mombasa,15,Send Money,63,5,Yes,No,5,No,Yes
TXN004260,274765,Kisumu,Kiambu,8,Withdraw,94,8,Yes,No,1,No,No
TXN004261,210487,Machakos,Nakuru,18,Send Money,90,8,Yes,Yes,0,No,Yes
TXN004262,143298,Mombasa,Kiambu,0,Withdraw,90,28,No,No,2,No,No
TXN004263,57454,Kakamega,Nairobi,18,Send Money,95,15,Yes,No,3,Yes,Yes
TXN004264,465376,Nyeri,Kiambu,12,Send Money,51,14,Yes,Yes,0,Yes,Yes
TXN004265,356232,Uasin Gishu,Kiambu,10,Till,24,18,Yes,No,0,Yes,No
TXN004266,486316,Mombasa,Kisumu,11,Paybill,53,13,Yes,No,7,Yes,Yes
TXN004267,221144,Uasin Gishu,Kisumu,5,Till,14,5,No,No,8,No,No
TXN004268,486527,Nairobi,Nyeri,1,Withdraw,64,26,No,No,4,No,No
TXN004269,62824,Kakamega,Mombasa,13,Send Money,60,29,Yes,Yes,1,No,Yes
TXN004270,468661,Kakamega,Mombasa,13,Till,36,6,No,Yes,4,No,Yes
TXN004271,19391,Uasin Gishu,Kiambu,9,Till,109,9,No,Yes,5,Yes,No
TXN004272,357712,Kiambu,Mombasa,21,Send Money,85,17,Yes,No,4,No,Yes
TXN004273,437947,Uasin Gishu,Kisumu,0,Paybill,29,30,No,Yes,4,No,Yes
TXN004274,425029,Machakos,Kisumu,9,Paybill,71,26,Yes,No,3,No,Yes
TXN004275,428263,Mombasa,Kiambu,13,Till,61,22,No,Yes,7,No,Yes
TXN004276,442998,Mombasa,Nakuru,11,Paybill,98,29,No,Yes,2,No,No
TXN004277,148116,Nyeri,Nakuru,4,Withdraw,20,11,No,No,6,Yes,No
TXN004278,377470,Mombasa,Machakos,11,Send Money,20,27,Yes,Yes,8,No,Yes
TXN004279,441744,Kisumu,Kakamega,10,Send Money,2,19,No,No,2,No,No
TXN004280,192878,Nairobi,Kakamega,5,Withdraw,52,29,Yes,No,8,Yes,Yes
TXN004281,37704,Kisumu,Meru,6,Withdraw,20,13,Yes,Yes,4,Yes,Yes
TXN004282,277659,Kisumu,Kakamega,7,Paybill,120,4,Yes,Yes,6,No,Yes
TXN004283,81131,Kakamega,Kiambu,13,Till,113,14,Yes,No,7,No,Yes
TXN004284,477949,Kakamega,Kiambu,18,Paybill,65,26,Yes,No,6,No,Yes
TXN004285,301608,Kakamega,Machakos,20,Withdraw,38,9,Yes,Yes,3,No,Yes
TXN004286,82354,Meru,Nairobi,21,Till,111,27,No,No,8,No,No
TXN004287,120588,Kisumu,Nairobi,6,Send Money,52,21,No,No,8,Yes,No
TXN004288,208104,Meru,Nairobi,10,Paybill,16,29,Yes,Yes,7,No,Yes
TXN004289,158598,Mombasa,Machakos,21,Send Money,6,30,Yes,Yes,3,Yes,Yes
TXN004290,268533,Kisumu,Nakuru,13,Paybill,3,4,No,No,4,Yes,No
TXN004291,281983,Nakuru,Mombasa,3,Till,8,28,Yes,Yes,8,No,Yes
TXN004292,144769,Machakos,Kakamega,7,Till,100,29,Yes,No,8,Yes,Yes
TXN004293,424261,Uasin Gishu,Nairobi,16,Withdraw,12,28,No,Yes,0,No,No
TXN004294,443614,Uasin Gishu,Nairobi,4,Withdraw,24,8,No,No,0,No,No
TXN004295,478645,Kisumu,Machakos,3,Paybill,84,6,Yes,No,7,Yes,Yes
TXN004296,455564,Uasin Gishu,Kisumu,2,Send Money,115,14,Yes,Yes,5,Yes,Yes
TXN004297,277590,Nairobi,Uasin Gishu,4,Send Money,38,2,Yes,No,7,No,Yes
TXN004298,19537,Nyeri,Uasin Gishu,13,Till,73,20,No,No,2,No,No
TXN004299,26063,Mombasa,Kiambu,1,Withdraw,69,7,No,Yes,6,Yes,No
TXN004300,118557,Nakuru,Meru,0,Paybill,61,7,Yes,No,1,No,No
TXN004301,324647,Uasin Gishu,Kisumu,12,Send Money,2,20,Yes,Yes,0,No,Yes
TXN004302,252953,Nyeri,Machakos,20,Withdraw,1,21,Yes,No,7,No,Yes
TXN004303,327049,Kakamega,Nakuru,17,Send Money,67,23,Yes,Yes,3,Yes,Yes
TXN004304,466539,Meru,Kakamega,21,Paybill,43,6,Yes,Yes,2,Yes,Yes
TXN004305,404199,Nyeri,Kiambu,15,Till,42,9,Yes,Yes,4,Yes,Yes
TXN004306,152953,Meru,Kiambu,14,Send Money,31,21,Yes,No,4,No,Yes
TXN004307,30160,Uasin Gishu,Uasin Gishu,19,Paybill,61,27,Yes,No,6,Yes,Yes
TXN004308,250681,Machakos,Nyeri,7,Withdraw,108,12,No,No,0,No,No
TXN004309,189249,Nakuru,Mombasa,14,Paybill,5,1,No,No,0,Yes,No
TXN004310,49852,Kiambu,Nakuru,6,Paybill,81,29,Yes,Yes,5,Yes,Yes
TXN004311,57717,Nairobi,Mombasa,1,Send Money,104,25,No,No,6,No,No
TXN004312,163828,Kisumu,Nairobi,13,Paybill,52,1,Yes,Yes,3,No,Yes
TXN004313,91354,Kiambu,Kisumu,12,Withdraw,104,13,Yes,Yes,1,No,Yes
TXN004314,439340,Kiambu,Nairobi,17,Paybill,120,8,Yes,Yes,6,Yes,Yes
TXN004315,99822,Mombasa,Meru,18,Till,14,1,Yes,No,1,No,No
TXN004316,165953,Meru,Meru,11,Send Money,60,30,No,Yes,5,Yes,Yes
TXN004317,290547,Kakamega,Nakuru,20,Till,10,20,Yes,Yes,5,No,Yes
TXN004318,82519,Kakamega,Uasin Gishu,7,Till,103,14,Yes,No,5,Yes,Yes
TXN004319,95532,Nyeri,Uasin Gishu,15,Send Money,34,4,Yes,Yes,2,Yes,No
TXN004320,28530,Kiambu,Meru,5,Paybill,51,14,No,No,0,Yes,No
TXN004321,192113,Kiambu,Meru,1,Till,114,15,No,No,4,Yes,No
TXN004322,246894,Kakamega,Meru,19,Withdraw,11,16,No,Yes,2,Yes,No
TXN004323,363957,Machakos,Nyeri,14,Send Money,102,22,No,Yes,6,Yes,Yes
TXN004324,210312,Machakos,Mombasa,2,Send Money,105,24,Yes,Yes,7,Yes,Yes
TXN004325,135346,Nyeri,Kiambu,11,Till,21,24,No,Yes,2,No,No
TXN004326,218399,Kakamega,Kiambu,2,Send Money,57,7,Yes,Yes,7,Yes,Yes
TXN004327,357820,Nyeri,Machakos,15,Send Money,53,13,No,No,5,Yes,No
TXN004328,100742,Mombasa,Kakamega,0,Withdraw,33,1,Yes,Yes,7,No,Yes
TXN004329,54715,Kakamega,Nakuru,17,Paybill,27,21,Yes,Yes,1,Yes,Yes
TXN004330,449409,Nakuru,Machakos,15,Withdraw,12,22,Yes,No,2,Yes,No
TXN004331,187564,Meru,Mombasa,21,Till,108,14,No,Yes,0,Yes,No
TXN004332,152496,Kiambu,Mombasa,3,Withdraw,110,5,No,Yes,7,Yes,Yes
TXN004333,456217,Mombasa,Kiambu,15,Till,36,7,No,Yes,4,Yes,Yes
TXN004334,460191,Nyeri,Kisumu,4,Paybill,38,22,No,No,2,No,No
TXN004335,499346,Mombasa,Uasin Gishu,16,Till,108,2,No,No,2,Yes,No
TXN004336,209938,Nakuru,Kiambu,22,Withdraw,8,8,No,Yes,5,Yes,Yes
TXN004337,204999,Kiambu,Machakos,6,Paybill,41,5,Yes,No,4,No,Yes
TXN004338,51718,Nairobi,Machakos,20,Till,56,25,No,No,0,No,No
TXN004339,54261,Kiambu,Uasin Gishu,23,Paybill,13,23,Yes,No,1,Yes,No
TXN004340,331786,Kakamega,Nyeri,13,Till,14,25,Yes,No,8,Yes,Yes
TXN004341,237483,Nairobi,Kiambu,3,Till,96,13,Yes,Yes,8,Yes,Yes
TXN004342,332447,Nakuru,Nakuru,8,Paybill,110,9,No,No,4,No,No
TXN004343,194623,Nairobi,Mombasa,21,Withdraw,84,27,No,Yes,6,No,Yes
TXN004344,263223,Kakamega,Machakos,1,Till,99,12,Yes,No,3,Yes,Yes
TXN004345,2198,Mombasa,Nyeri,10,Withdraw,102,19,Yes,No,0,Yes,No
TXN004346,292083,Kisumu,Meru,0,Till,74,23,No,No,0,No,No
TXN004347,379770,Meru,Kisumu,16,Send Money,101,22,No,Yes,5,No,Yes
TXN004348,278256,Uasin Gishu,Nakuru,23,Paybill,35,15,Yes,No,6,Yes,Yes
TXN004349,151055,Nairobi,Uasin Gishu,5,Withdraw,10,14,Yes,Yes,5,No,Yes
TXN004350,268904,Mombasa,Mombasa,4,Send Money,83,29,Yes,Yes,6,Yes,Yes
TXN004351,241405,Kisumu,Nakuru,7,Send Money,120,19,No,Yes,8,Yes,Yes
TXN004352,97240,Nairobi,Nakuru,16,Till,43,13,No,No,2,No,No
TXN004353,494387,Kakamega,Mombasa,8,Send Money,97,29,No,Yes,6,Yes,Yes
TXN004354,99391,Kisumu,Nakuru,10,Withdraw,36,26,Yes,No,7,Yes,Yes
TXN004355,121959,Kisumu,Nairobi,19,Till,90,16,No,Yes,1,No,No
TXN004356,97114,Machakos,Nyeri,14,Send Money,5,15,Yes,No,4,Yes,Yes
TXN004357,323857,Machakos,Meru,4,Till,91,20,No,Yes,5,Yes,Yes
TXN004358,118657,Kakamega,Meru,22,Paybill,112,29,Yes,No,5,No,Yes
TXN004359,207343,Meru,Machakos,14,Paybill,38,22,Yes,No,3,No,Yes
TXN004360,116718,Meru,Kisumu,2,Paybill,67,24,Yes,No,1,Yes,No
TXN004361,168146,Mombasa,Nairobi,15,Till,14,4,Yes,Yes,3,Yes,Yes
TXN004362,98471,Meru,Kiambu,16,Till,48,25,Yes,Yes,4,No,Yes
TXN004363,373063,Kisumu,Kisumu,7,Paybill,94,29,Yes,Yes,3,Yes,Yes
TXN004364,475237,Kakamega,Nairobi,23,Till,5,18,No,Yes,8,No,Yes
TXN004365,108682,Nyeri,Machakos,17,Withdraw,75,27,Yes,Yes,7,Yes,Yes
TXN004366,272249,Uasin Gishu,Nyeri,5,Paybill,27,16,Yes,Yes,3,Yes,Yes
TXN004367,197069,Machakos,Mombasa,19,Paybill,84,2,Yes,Yes,7,Yes,Yes
TXN004368,39116,Nyeri,Nairobi,6,Withdraw,119,15,No,No,8,Yes,No
TXN004369,334519,Mombasa,Nakuru,6,Withdraw,36,21,No,Yes,8,Yes,Yes
TXN004370,32136,Machakos,Machakos,9,Send Money,86,9,No,No,2,No,No
TXN004371,230538,Machakos,Machakos,20,Paybill,110,16,Yes,Yes,5,Yes,Yes
TXN004372,447821,Nyeri,Kisumu,18,Paybill,27,30,No,Yes,1,Yes,No
TXN004373,271355,Meru,Nyeri,5,Till,42,2,Yes,No,7,No,Yes
TXN004374,270291,Machakos,Uasin Gishu,9,Send Money,63,24,No,Yes,7,Yes,Yes
TXN004375,168413,Nairobi,Uasin Gishu,13,Withdraw,114,28,Yes,Yes,0,No,Yes
TXN004376,357123,Mombasa,Mombasa,18,Send Money,115,16,Yes,No,3,Yes,Yes
TXN004377,376820,Nakuru,Nairobi,19,Paybill,56,23,Yes,Yes,5,No,Yes
TXN004378,256990,Nakuru,Kakamega,15,Send Money,27,24,Yes,Yes,4,Yes,Yes
TXN004379,244636,Uasin Gishu,Mombasa,17,Paybill,2,25,Yes,No,3,Yes,Yes
TXN004380,460961,Nairobi,Kakamega,4,Send Money,7,29,Yes,No,5,Yes,Yes
TXN004381,205127,Kiambu,Uasin Gishu,17,Till,24,27,No,No,4,Yes,No
TXN004382,488517,Uasin Gishu,Machakos,4,Send Money,62,8,Yes,No,5,Yes,Yes
TXN004383,175837,Kisumu,Nairobi,14,Paybill,92,29,Yes,No,7,Yes,Yes
TXN004384,475330,Nakuru,Machakos,22,Till,115,24,Yes,No,7,Yes,Yes
TXN004385,5908,Kiambu,Machakos,13,Till,118,18,Yes,No,8,No,Yes
TXN004386,498890,Kisumu,Nairobi,10,Till,91,15,Yes,No,4,No,Yes
TXN004387,29164,Uasin Gishu,Kakamega,8,Send Money,119,21,No,Yes,5,No,Yes
TXN004388,295736,Machakos,Meru,23,Paybill,101,6,Yes,Yes,6,No,Yes
TXN004389,18628,Kiambu,Nairobi,11,Send Money,119,1,Yes,Yes,4,Yes,Yes
TXN004390,203263,Uasin Gishu,Machakos,9,Till,81,16,Yes,Yes,4,No,Yes
TXN004391,2963,Kiambu,Uasin Gishu,8,Till,7,1,Yes,No,0,Yes,No
TXN004392,132128,Machakos,Kisumu,11,Withdraw,80,15,No,Yes,4,No,Yes
TXN004393,9973,Kisumu,Machakos,14,Withdraw,37,29,Yes,No,6,No,Yes
TXN004394,31779,Mombasa,Nyeri,3,Paybill,11,7,Yes,No,5,Yes,No
TXN004395,350058,Nairobi,Nyeri,21,Send Money,115,4,No,No,2,No,No
TXN004396,193059,Machakos,Nairobi,14,Send Money,73,11,Yes,No,3,Yes,Yes
TXN004397,406835,Kakamega,Uasin Gishu,6,Send Money,64,9,Yes,No,4,No,Yes
TXN004398,328172,Meru,Kakamega,12,Withdraw,6,23,Yes,Yes,3,Yes,Yes
TXN004399,30411,Nyeri,Kiambu,9,Till,21,12,No,No,1,No,No
TXN004400,199134,Kiambu,Kiambu,2,Paybill,76,14,No,No,8,Yes,No
TXN004401,97158,Kisumu,Kiambu,23,Till,66,29,Yes,Yes,3,No,Yes
TXN004402,402401,Kiambu,Kiambu,16,Till,64,30,Yes,No,5,Yes,Yes
TXN004403,10543,Uasin Gishu,Nakuru,18,Paybill,114,1,No,No,5,No,No
TXN004404,337880,Kakamega,Uasin Gishu,21,Withdraw,96,10,No,Yes,7,Yes,Yes
TXN004405,219234,Machakos,Nakuru,8,Paybill,103,9,No,Yes,7,Yes,Yes
TXN004406,183871,Kisumu,Nyeri,18,Withdraw,15,19,Yes,No,1,No,No
TXN004407,160802,Nairobi,Meru,2,Send Money,57,14,No,No,6,No,No
TXN004408,315350,Kisumu,Machakos,18,Paybill,25,29,No,Yes,6,No,Yes
TXN004409,59411,Uasin Gishu,Kakamega,10,Send Money,58,14,No,Yes,8,No,Yes
TXN004410,13764,Nairobi,Kiambu,8,Withdraw,81,12,No,Yes,6,No,Yes
TXN004411,250380,Kakamega,Kakamega,1,Paybill,62,30,Yes,No,0,No,No
TXN004412,191514,Kiambu,Meru,9,Send Money,96,1,Yes,No,5,No,Yes
TXN004413,335541,Machakos,Uasin Gishu,20,Paybill,107,26,No,No,5,Yes,No
TXN004414,257271,Machakos,Kakamega,12,Withdraw,34,30,No,No,5,No,No
TXN004415,110423,Machakos,Nairobi,18,Till,31,27,No,No,2,Yes,No
TXN004416,499179,Kakamega,Kisumu,16,Paybill,28,25,Yes,No,2,No,No
TXN004417,248983,Kisumu,Uasin Gishu,12,Send Money,50,19,No,No,0,No,No
TXN004418,123129,Uasin Gishu,Kiambu,8,Paybill,53,30,No,Yes,2,No,No
TXN004419,336341,Nairobi,Kakamega,19,Withdraw,116,25,No,Yes,5,Yes,Yes
TXN004420,420512,Kakamega,Nyeri,8,Paybill,14,14,No,Yes,7,No,Yes
TXN004421,145903,Uasin Gishu,Nakuru,21,Withdraw,63,4,No,No,1,Yes,No
TXN004422,305155,Machakos,Nairobi,3,Withdraw,43,1,No,Yes,5,Yes,Yes
TXN004423,317998,Kakamega,Meru,16,Paybill,10,12,No,No,8,Yes,No
TXN004424,109185,Nakuru,Nakuru,23,Till,7,16,Yes,Yes,8,Yes,Yes
TXN004425,432497,Kiambu,Nakuru,5,Withdraw,95,19,Yes,Yes,3,No,Yes
TXN004426,301105,Nyeri,Nairobi,2,Withdraw,111,23,Yes,No,4,Yes,Yes
TXN004427,352759,Meru,Kiambu,13,Till,74,21,No,Yes,1,Yes,No
TXN004428,20720,Meru,Mombasa,8,Withdraw,32,3,Yes,Yes,8,No,Yes
TXN004429,479691,Nairobi,Nakuru,7,Send Money,46,19,No,Yes,1,Yes,No
TXN004430,192694,Nakuru,Meru,9,Paybill,78,13,No,No,4,Yes,No
TXN004431,292405,Nyeri,Nyeri,9,Withdraw,87,7,No,No,4,Yes,No
TXN004432,127104,Nairobi,Nakuru,0,Paybill,61,24,No,Yes,4,No,Yes
TXN004433,458382,Mombasa,Uasin Gishu,5,Till,58,16,Yes,Yes,7,Yes,Yes
TXN004434,24472,Kakamega,Meru,19,Paybill,108,11,No,Yes,2,No,No
TXN004435,145760,Uasin Gishu,Nyeri,22,Withdraw,111,27,No,Yes,7,Yes,Yes
TXN004436,399712,Nyeri,Uasin Gishu,14,Paybill,91,16,Yes,No,1,Yes,No
TXN004437,265562,Meru,Mombasa,1,Till,63,16,No,No,8,No,No
TXN004438,9493,Kisumu,Kiambu,3,Till,57,13,Yes,No,6,No,Yes
TXN004439,254894,Nairobi,Kiambu,2,Send Money,29,3,Yes,Yes,0,No,Yes
TXN004440,241323,Nakuru,Kakamega,1,Paybill,104,4,Yes,Yes,4,Yes,Yes
TXN004441,221474,Machakos,Machakos,0,Send Money,47,15,Yes,No,6,Yes,Yes
TXN004442,305416,Mombasa,Machakos,16,Till,27,12,Yes,Yes,1,Yes,Yes
TXN004443,193710,Nairobi,Nairobi,23,Send Money,51,15,Yes,Yes,3,No,Yes
TXN004444,348219,Machakos,Uasin Gishu,0,Withdraw,89,15,No,Yes,1,No,No
TXN004445,122323,Nakuru,Nakuru,19,Withdraw,1,6,Yes,No,3,No,Yes
TXN004446,425396,Kiambu,Meru,5,Withdraw,82,22,Yes,Yes,0,Yes,Yes
TXN004447,82093,Nairobi,Uasin Gishu,2,Paybill,10,27,Yes,Yes,4,Yes,Yes
TXN004448,274891,Kisumu,Machakos,2,Till,49,11,No,No,6,Yes,No
TXN004449,130886,Mombasa,Nyeri,22,Send Money,44,18,Yes,No,7,Yes,Yes
TXN004450,412232,Nakuru,Mombasa,22,Send Money,5,10,No,Yes,1,No,No
TXN004451,300034,Uasin Gishu,Meru,6,Till,42,20,No,Yes,2,No,No
TXN004452,417745,Nairobi,Machakos,8,Till,119,25,No,No,6,No,No
TXN004453,197194,Kisumu,Kisumu,9,Withdraw,20,11,No,No,0,No,No
TXN004454,453514,Mombasa,Kakamega,10,Till,34,25,Yes,No,4,No,Yes
TXN004455,461323,Mombasa,Kiambu,17,Send Money,14,24,Yes,No,7,Yes,Yes
TXN004456,200685,Machakos,Kakamega,1,Paybill,8,12,Yes,Yes,7,No,Yes
TXN004457,210548,Kiambu,Kiambu,2,Till,63,24,No,No,0,No,No
TXN004458,475126,Kakamega,Nairobi,16,Send Money,36,24,Yes,No,2,No,No
TXN004459,367039,Nakuru,Kakamega,21,Withdraw,45,28,Yes,Yes,5,Yes,Yes
TXN004460,404227,Kiambu,Kisumu,8,Send Money,113,6,No,No,7,Yes,No
TXN004461,215522,Kakamega,Uasin Gishu,21,Send Money,93,19,Yes,No,2,Yes,No
TXN004462,230285,Kiambu,Nakuru,13,Till,84,1,Yes,No,8,Yes,Yes
TXN004463,302449,Mombasa,Nairobi,10,Till,61,5,Yes,No,6,No,Yes
TXN004464,63750,Kakamega,Uasin Gishu,0,Send Money,111,15,Yes,No,0,Yes,No
TXN004465,360661,Nairobi,Kakamega,15,Till,107,28,No,No,1,Yes,No
TXN004466,93907,Mombasa,Nyeri,20,Withdraw,65,10,No,No,7,No,No
TXN004467,482907,Kisumu,Mombasa,19,Paybill,62,16,Yes,No,6,No,Yes
TXN004468,418631,Nakuru,Nairobi,20,Paybill,106,6,Yes,No,1,No,No
TXN004469,58112,Nyeri,Nakuru,6,Withdraw,47,6,No,Yes,5,No,No
TXN004470,434555,Kisumu,Nairobi,11,Till,60,30,No,Yes,8,Yes,Yes
TXN004471,423744,Mombasa,Kisumu,21,Paybill,37,23,No,No,8,Yes,No
TXN004472,179483,Uasin Gishu,Mombasa,23,Send Money,97,13,Yes,Yes,8,Yes,Yes
TXN004473,450778,Nairobi,Mombasa,12,Paybill,72,18,Yes,Yes,5,No,Yes
TXN004474,376322,Nakuru,Machakos,10,Till,7,24,No,Yes,7,Yes,Yes
TXN004475,464043,Kakamega,Uasin Gishu,2,Withdraw,114,20,Yes,No,1,No,No
TXN004476,369820,Nakuru,Uasin Gishu,1,Paybill,53,5,No,No,8,No,No
TXN004477,409282,Nairobi,Meru,4,Paybill,47,8,No,No,3,Yes,No
TXN004478,171086,Uasin Gishu,Meru,8,Send Money,112,9,No,Yes,8,Yes,Yes
TXN004479,321193,Mombasa,Nyeri,6,Till,57,18,No,Yes,8,No,Yes
TXN004480,467732,Uasin Gishu,Machakos,17,Till,16,25,Yes,Yes,0,No,Yes
TXN004481,270202,Uasin Gishu,Nairobi,7,Till,37,8,Yes,Yes,0,No,Yes
TXN004482,438638,Nairobi,Uasin Gishu,8,Paybill,84,23,No,Yes,8,No,Yes
TXN004483,246628,Meru,Nairobi,20,Till,48,20,Yes,No,4,No,Yes
TXN004484,391995,Nairobi,Kisumu,15,Send Money,71,27,Yes,Yes,4,No,Yes
TXN004485,83834,Nakuru,Nairobi,21,Send Money,109,15,No,No,5,Yes,No
TXN004486,168158,Kakamega,Machakos,9,Withdraw,118,21,Yes,Yes,8,No,Yes
TXN004487,110019,Kiambu,Nairobi,12,Paybill,116,18,Yes,No,2,No,No
TXN004488,267710,Machakos,Machakos,7,Paybill,22,17,No,Yes,7,Yes,Yes
TXN004489,6943,Machakos,Nairobi,3,Paybill,48,23,Yes,No,1,No,No
TXN004490,172790,Nyeri,Nyeri,15,Till,21,9,No,Yes,1,No,No
TXN004491,7106,Mombasa,Nyeri,0,Till,93,12,Yes,Yes,1,No,Yes
TXN004492,392562,Nairobi,Kakamega,8,Send Money,12,27,No,Yes,2,Yes,No
TXN004493,144149,Nakuru,Kisumu,15,Withdraw,95,12,Yes,No,6,Yes,Yes
TXN004494,367134,Nyeri,Kakamega,19,Paybill,80,5,No,No,7,Yes,No
TXN004495,22092,Meru,Nairobi,12,Send Money,73,30,Yes,No,2,Yes,No
TXN004496,192446,Kisumu,Kiambu,3,Paybill,53,7,No,Yes,7,Yes,Yes
TXN004497,250230,Nyeri,Mombasa,18,Paybill,27,20,No,Yes,2,No,No
TXN004498,468546,Nakuru,Uasin Gishu,11,Paybill,56,13,No,Yes,6,No,Yes
TXN004499,44110,Nyeri,Mombasa,11,Send Money,85,10,No,No,5,No,No
TXN004500,395440,Nakuru,Mombasa,17,Withdraw,70,19,No,Yes,4,No,Yes
TXN004501,323729,Nairobi,Kisumu,6,Send Money,71,19,No,No,3,Yes,No
TXN004502,147475,Mombasa,Meru,12,Send Money,20,26,Yes,Yes,3,Yes,Yes
TXN004503,402973,Kiambu,Nairobi,0,Till,19,11,Yes,Yes,7,Yes,Yes
TXN004504,128583,Kakamega,Nairobi,15,Paybill,100,27,No,No,6,No,No
TXN004505,203839,Nyeri,Meru,13,Withdraw,6,24,Yes,No,5,No,Yes
TXN004506,106237,Nakuru,Nyeri,1,Paybill,53,17,Yes,No,3,No,Yes
TXN004507,105561,Meru,Meru,17,Paybill,25,29,Yes,No,0,Yes,No
TXN004508,154507,Nyeri,Uasin Gishu,4,Send Money,60,16,Yes,No,5,Yes,Yes
TXN004509,1717,Nyeri,Kisumu,16,Send Money,73,17,No,Yes,6,No,Yes
TXN004510,461087,Uasin Gishu,Nyeri,21,Send Money,55,18,No,Yes,0,No,No
TXN004511,458929,Machakos,Kisumu,17,Till,117,6,No,Yes,4,Yes,Yes
TXN004512,197933,Kakamega,Meru,4,Paybill,42,17,Yes,No,8,Yes,Yes
TXN004513,331030,Mombasa,Nairobi,17,Send Money,37,4,No,No,0,Yes,No
TXN004514,278537,Nyeri,Kakamega,17,Send Money,28,9,Yes,No,4,No,Yes
TXN004515,495042,Uasin Gishu,Machakos,17,Withdraw,105,26,No,Yes,3,No,Yes
TXN004516,481313,Mombasa,Nakuru,2,Send Money,89,15,Yes,No,0,Yes,No
TXN004517,221486,Meru,Meru,15,Till,91,14,No,No,0,No,No
TXN004518,116741,Nyeri,Kisumu,20,Till,82,1,No,Yes,3,No,Yes
TXN004519,370217,Uasin Gishu,Nyeri,16,Withdraw,119,27,Yes,No,1,Yes,No
TXN004520,12173,Nyeri,Mombasa,7,Withdraw,37,29,Yes,No,5,No,Yes
TXN004521,105057,Machakos,Uasin Gishu,4,Till,92,3,No,Yes,1,No,No
TXN004522,251956,Mombasa,Kakamega,17,Paybill,77,20,No,No,3,Yes,No
TXN004523,235760,Uasin Gishu,Kisumu,1,Till,29,24,Yes,No,7,No,Yes
TXN004524,432542,Nairobi,Mombasa,10,Withdraw,2,30,No,No,6,No,Yes
TXN004525,235466,Nyeri,Machakos,13,Till,38,14,No,Yes,1,No,No
TXN004526,330942,Machakos,Nyeri,13,Withdraw,17,11,No,No,2,No,No
TXN004527,238295,Kisumu,Uasin Gishu,15,Till,23,20,Yes,Yes,7,Yes,Yes
TXN004528,22946,Mombasa,Nakuru,16,Paybill,56,22,Yes,Yes,5,No,Yes
TXN004529,229841,Nakuru,Meru,4,Paybill,92,30,Yes,No,8,Yes,Yes
TXN004530,437471,Kiambu,Uasin Gishu,20,Withdraw,69,22,No,Yes,2,No,No
TXN004531,97942,Machakos,Uasin Gishu,11,Withdraw,73,14,No,Yes,0,Yes,No
TXN004532,140918,Mombasa,Kiambu,18,Paybill,83,18,Yes,No,3,No,Yes
TXN004533,215227,Nairobi,Nairobi,23,Send Money,19,16,Yes,No,0,No,No
TXN004534,77983,Meru,Uasin Gishu,2,Till,106,14,No,No,6,Yes,No
TXN004535,317175,Uasin Gishu,Uasin Gishu,11,Till,101,2,Yes,Yes,0,Yes,Yes
TXN004536,162005,Kakamega,Nyeri,8,Withdraw,44,10,Yes,Yes,0,Yes,Yes
TXN004537,68361,Machakos,Kisumu,22,Paybill,84,24,No,No,2,Yes,No
TXN004538,178242,Nakuru,Kisumu,3,Withdraw,86,22,No,Yes,0,No,No
TXN004539,208106,Nairobi,Nyeri,21,Withdraw,48,27,No,Yes,0,No,No
TXN004540,393794,Kiambu,Nairobi,20,Paybill,117,3,Yes,No,1,Yes,No
TXN004541,187535,Kakamega,Uasin Gishu,8,Paybill,5,1,No,No,2,Yes,No
TXN004542,162637,Uasin Gishu,Machakos,1,Till,107,19,No,No,5,Yes,No
TXN004543,100956,Uasin Gishu,Nairobi,5,Till,37,16,No,No,1,Yes,No
TXN004544,367638,Machakos,Machakos,19,Withdraw,74,29,No,Yes,8,No,Yes
TXN004545,483988,Machakos,Machakos,5,Paybill,41,19,Yes,Yes,4,Yes,Yes
TXN004546,399924,Nairobi,Nakuru,20,Paybill,30,2,Yes,No,4,Yes,Yes
TXN004547,316245,Nakuru,Kisumu,18,Till,64,15,No,No,4,Yes,No
TXN004548,180956,Kiambu,Kakamega,14,Paybill,87,15,No,No,4,Yes,No
TXN004549,137323,Nyeri,Nakuru,21,Till,82,21,No,No,7,Yes,No
TXN004550,53933,Nairobi,Nairobi,19,Withdraw,73,26,Yes,No,7,Yes,Yes
TXN004551,293146,Uasin Gishu,Kiambu,4,Send Money,38,10,Yes,Yes,3,Yes,Yes
TXN004552,67513,Meru,Kakamega,1,Paybill,65,5,No,No,8,No,No
TXN004553,149045,Kakamega,Meru,18,Send Money,67,19,Yes,Yes,5,No,Yes
TXN004554,189664,Uasin Gishu,Machakos,3,Paybill,99,28,No,Yes,4,No,Yes
TXN004555,404057,Kakamega,Nairobi,16,Send Money,29,10,Yes,No,4,Yes,Yes
TXN004556,217317,Meru,Kiambu,7,Till,110,21,Yes,Yes,3,No,Yes
TXN004557,489188,Nakuru,Mombasa,4,Paybill,58,18,No,No,0,No,No
TXN004558,38493,Kisumu,Mombasa,21,Send Money,82,4,Yes,Yes,6,No,Yes
TXN004559,167474,Nairobi,Kakamega,1,Till,33,9,No,Yes,7,No,Yes
TXN004560,448701,Kisumu,Uasin Gishu,21,Paybill,4,15,Yes,No,0,No,No
TXN004561,97306,Uasin Gishu,Machakos,14,Paybill,57,13,Yes,No,3,Yes,Yes
TXN004562,1788,Kakamega,Nyeri,19,Paybill,99,16,Yes,No,7,Yes,Yes
TXN004563,231223,Nakuru,Meru,18,Withdraw,78,30,No,No,5,Yes,No
TXN004564,438251,Machakos,Kiambu,8,Send Money,107,7,No,Yes,8,No,Yes
TXN004565,454275,Nyeri,Kisumu,12,Paybill,87,26,Yes,No,7,Yes,Yes
TXN004566,389263,Machakos,Meru,23,Till,78,1,Yes,No,5,Yes,Yes
TXN004567,87053,Mombasa,Machakos,20,Till,62,30,No,No,8,No,No
TXN004568,385178,Mombasa,Nakuru,20,Till,29,7,Yes,Yes,7,Yes,Yes
TXN004569,428541,Kakamega,Uasin Gishu,11,Send Money,64,11,No,Yes,6,Yes,Yes
TXN004570,74759,Kakamega,Nyeri,13,Till,15,26,Yes,Yes,0,Yes,Yes
TXN004571,347606,Machakos,Mombasa,20,Paybill,79,25,No,No,0,Yes,No
TXN004572,494085,Meru,Nairobi,10,Paybill,42,8,Yes,No,3,Yes,Yes
TXN004573,465157,Meru,Kisumu,22,Withdraw,64,27,No,Yes,2,No,No
TXN004574,150512,Nyeri,Meru,15,Till,87,27,No,Yes,2,No,No
TXN004575,101989,Nyeri,Kakamega,4,Send Money,12,3,No,Yes,4,Yes,Yes
TXN004576,233081,Kiambu,Meru,8,Send Money,42,15,Yes,Yes,4,No,Yes
TXN004577,311327,Kisumu,Kiambu,21,Paybill,91,19,No,No,5,No,No
TXN004578,289909,Machakos,Kakamega,7,Withdraw,36,1,Yes,No,7,Yes,Yes
TXN004579,276843,Nyeri,Kisumu,11,Send Money,43,1,No,Yes,5,Yes,Yes
TXN004580,338904,Kakamega,Kisumu,0,Withdraw,117,4,Yes,Yes,1,No,Yes
TXN004581,186239,Uasin Gishu,Mombasa,19,Withdraw,75,4,No,No,5,No,No
TXN004582,422636,Machakos,Nairobi,22,Till,52,24,No,No,0,Yes,No
TXN004583,123043,Machakos,Machakos,14,Withdraw,35,1,Yes,Yes,2,No,Yes
TXN004584,364108,Kakamega,Nakuru,23,Paybill,39,15,No,No,6,No,No
TXN004585,308304,Machakos,Nairobi,13,Till,83,16,No,No,1,Yes,No
TXN004586,322124,Meru,Kiambu,13,Paybill,3,26,Yes,Yes,3,Yes,Yes
TXN004587,61538,Uasin Gishu,Machakos,7,Withdraw,40,23,No,Yes,6,Yes,Yes
TXN004588,115250,Kisumu,Nyeri,19,Send Money,108,27,Yes,No,3,No,Yes
TXN004589,498616,Nairobi,Meru,20,Withdraw,63,23,Yes,No,2,Yes,No
TXN004590,58472,Uasin Gishu,Uasin Gishu,3,Withdraw,46,28,Yes,No,1,Yes,No
TXN004591,316667,Meru,Nairobi,8,Send Money,7,8,No,No,0,No,No
TXN004592,62767,Mombasa,Meru,18,Till,59,22,No,No,6,Yes,No
TXN004593,216270,Kiambu,Meru,13,Send Money,57,2,No,Yes,8,No,Yes
TXN004594,452509,Nyeri,Nyeri,9,Withdraw,20,5,Yes,Yes,8,No,Yes
TXN004595,237195,Machakos,Meru,12,Withdraw,109,19,Yes,No,3,No,Yes
TXN004596,282060,Nakuru,Nairobi,1,Withdraw,88,14,Yes,No,4,Yes,Yes
TXN004597,34025,Nairobi,Mombasa,6,Paybill,116,11,No,No,5,No,No
TXN004598,201714,Uasin Gishu,Kakamega,23,Send Money,58,28,Yes,Yes,1,No,Yes
TXN004599,145290,Kiambu,Meru,20,Send Money,3,18,Yes,Yes,4,No,Yes
TXN004600,335967,Meru,Kiambu,21,Paybill,31,15,Yes,No,5,Yes,Yes
TXN004601,348130,Nakuru,Kakamega,17,Send Money,104,26,Yes,Yes,5,No,Yes
TXN004602,417544,Nakuru,Uasin Gishu,18,Send Money,29,4,Yes,No,1,Yes,No
TXN004603,13856,Kiambu,Kiambu,19,Till,36,29,No,Yes,4,No,Yes
TXN004604,31498,Meru,Kiambu,4,Withdraw,99,12,Yes,No,1,Yes,No
TXN004605,293506,Nyeri,Meru,1,Send Money,73,29,Yes,Yes,2,No,Yes
TXN004606,327012,Kiambu,Kiambu,2,Withdraw,65,28,No,Yes,6,Yes,Yes
TXN004607,470063,Kakamega,Kisumu,19,Till,82,14,No,Yes,1,No,No
TXN004608,85609,Machakos,Nyeri,23,Till,1,14,No,Yes,8,Yes,Yes
TXN004609,290700,Meru,Machakos,22,Withdraw,20,9,Yes,No,7,No,Yes
TXN004610,92659,Mombasa,Machakos,2,Withdraw,37,1,Yes,Yes,0,Yes,No
TXN004611,48475,Meru,Kiambu,20,Withdraw,58,12,No,Yes,2,No,No
TXN004612,219907,Kisumu,Machakos,2,Send Money,34,21,Yes,No,5,Yes,Yes
TXN004613,43434,Meru,Kisumu,4,Withdraw,2,5,No,Yes,3,No,Yes
TXN004614,482051,Meru,Kiambu,21,Paybill,97,16,No,Yes,8,No,Yes
TXN004615,221637,Nakuru,Kiambu,8,Paybill,65,6,Yes,No,5,No,Yes
TXN004616,47971,Machakos,Kakamega,12,Till,31,17,Yes,Yes,1,No,Yes
TXN004617,408300,Machakos,Nakuru,5,Paybill,13,22,No,Yes,3,No,Yes
TXN004618,246754,Kakamega,Machakos,5,Till,47,1,Yes,No,3,Yes,Yes
TXN004619,78511,Kiambu,Kisumu,3,Paybill,88,23,Yes,Yes,4,Yes,Yes
TXN004620,298337,Kisumu,Nyeri,0,Withdraw,45,26,No,No,5,No,No
TXN004621,103480,Kiambu,Machakos,10,Send Money,114,8,No,Yes,0,No,No
TXN004622,468371,Nyeri,Kisumu,16,Withdraw,40,26,Yes,No,0,No,No
TXN004623,98187,Kakamega,Nairobi,13,Paybill,47,24,No,No,2,Yes,No
TXN004624,330370,Nyeri,Nairobi,11,Till,82,12,No,Yes,6,Yes,Yes
TXN004625,282374,Mombasa,Uasin Gishu,14,Till,18,27,Yes,No,2,Yes,No
TXN004626,445269,Kakamega,Nairobi,6,Till,3,3,Yes,No,3,Yes,Yes
TXN004627,402167,Uasin Gishu,Nyeri,16,Withdraw,13,27,No,No,7,No,No
TXN004628,110959,Nairobi,Nyeri,0,Till,95,16,Yes,Yes,7,No,Yes
TXN004629,130164,Meru,Uasin Gishu,10,Withdraw,65,6,Yes,Yes,2,Yes,Yes
TXN004630,360724,Kiambu,Machakos,3,Paybill,96,12,Yes,No,6,No,Yes
TXN004631,328392,Nairobi,Nyeri,21,Paybill,42,30,No,Yes,2,Yes,No
TXN004632,411577,Meru,Meru,21,Withdraw,36,25,No,No,4,Yes,No
TXN004633,64025,Nairobi,Uasin Gishu,18,Paybill,27,17,Yes,No,1,No,No
TXN004634,317355,Nyeri,Nakuru,16,Paybill,77,9,No,Yes,0,No,No
TXN004635,323196,Nairobi,Kiambu,22,Paybill,19,3,No,Yes,8,No,Yes
TXN004636,254195,Uasin Gishu,Nakuru,20,Send Money,65,12,No,Yes,0,Yes,No
TXN004637,188947,Nairobi,Meru,12,Till,49,20,No,No,2,No,No
TXN004638,38489,Nyeri,Nyeri,16,Withdraw,18,7,No,Yes,8,Yes,No
TXN004639,399833,Mombasa,Kiambu,19,Paybill,4,17,Yes,Yes,0,No,Yes
TXN004640,479294,Nyeri,Nairobi,16,Till,27,23,No,Yes,3,No,Yes
TXN004641,292786,Kakamega,Kisumu,3,Paybill,85,17,No,No,4,Yes,No
TXN004642,91163,Nyeri,Nakuru,2,Send Money,56,28,No,No,6,Yes,No
TXN004643,358636,Nakuru,Nairobi,18,Withdraw,119,17,Yes,No,3,No,Yes
TXN004644,298891,Nyeri,Mombasa,17,Send Money,63,11,No,No,2,Yes,No
TXN004645,34499,Meru,Mombasa,22,Paybill,104,17,No,No,7,Yes,No
TXN004646,54993,Uasin Gishu,Nairobi,6,Send Money,16,6,No,No,7,No,No
TXN004647,68807,Nyeri,Mombasa,14,Send Money,88,7,Yes,Yes,1,No,No
TXN004648,161750,Nyeri,Nyeri,17,Send Money,23,23,Yes,Yes,7,No,Yes
TXN004649,457694,Nakuru,Nairobi,8,Send Money,11,18,No,Yes,0,No,No
TXN004650,199832,Nyeri,Meru,3,Send Money,45,5,No,Yes,6,Yes,Yes
TXN004651,301408,Kakamega,Meru,21,Paybill,45,8,Yes,Yes,0,Yes,Yes
TXN004652,397322,Nakuru,Nyeri,20,Send Money,42,3,Yes,No,2,Yes,No
TXN004653,39456,Meru,Nyeri,2,Till,28,22,No,Yes,2,Yes,No
TXN004654,2611,Nakuru,Uasin Gishu,1,Withdraw,10,28,No,No,6,Yes,No
TXN004655,259746,Machakos,Nairobi,22,Send Money,19,29,No,Yes,0,No,No
TXN004656,227541,Nakuru,Machakos,0,Send Money,95,27,Yes,No,3,Yes,Yes
TXN004657,210944,Nairobi,Kiambu,18,Till,91,6,No,Yes,5,Yes,Yes
TXN004658,198160,Machakos,Mombasa,6,Paybill,16,16,Yes,Yes,5,Yes,Yes
TXN004659,344783,Meru,Kisumu,9,Send Money,17,1,No,No,3,Yes,No
TXN004660,250533,Machakos,Nakuru,7,Send Money,40,3,Yes,No,6,No,Yes
TXN004661,116597,Nakuru,Nakuru,19,Send Money,102,13,Yes,No,7,No,Yes
TXN004662,308354,Mombasa,Uasin Gishu,4,Withdraw,41,28,Yes,Yes,0,No,Yes
TXN004663,255977,Mombasa,Kiambu,12,Till,47,2,Yes,No,6,Yes,Yes
TXN004664,2901,Machakos,Nyeri,22,Till,107,26,Yes,Yes,4,No,Yes
TXN004665,203741,Nyeri,Mombasa,20,Send Money,111,24,No,Yes,0,Yes,No
TXN004666,73683,Mombasa,Meru,16,Send Money,28,6,Yes,Yes,6,No,Yes
TXN004667,212894,Kakamega,Machakos,3,Paybill,96,1,Yes,No,5,Yes,Yes
TXN004668,204460,Kiambu,Uasin Gishu,3,Withdraw,105,29,No,No,5,Yes,No
TXN004669,339528,Machakos,Uasin Gishu,17,Withdraw,21,22,Yes,No,3,No,Yes
TXN004670,411397,Mombasa,Nairobi,7,Withdraw,22,1,Yes,Yes,4,No,Yes
TXN004671,410564,Kiambu,Mombasa,8,Till,87,11,Yes,No,7,No,Yes
TXN004672,411718,Machakos,Nakuru,2,Till,19,24,No,Yes,7,No,Yes
TXN004673,190538,Nairobi,Kisumu,20,Send Money,75,12,No,Yes,8,Yes,Yes
TXN004674,223674,Machakos,Uasin Gishu,8,Paybill,93,19,No,No,7,Yes,No
TXN004675,425483,Mombasa,Nairobi,19,Send Money,58,23,Yes,No,3,No,Yes
TXN004676,296531,Kiambu,Uasin Gishu,21,Till,67,6,No,No,0,Yes,No
TXN004677,231760,Kiambu,Mombasa,15,Send Money,6,5,Yes,No,0,No,No
TXN004678,411276,Machakos,Machakos,6,Send Money,55,1,Yes,Yes,5,Yes,Yes
TXN004679,98724,Kisumu,Nyeri,0,Till,33,24,Yes,No,6,Yes,Yes
TXN004680,156900,Mombasa,Uasin Gishu,7,Withdraw,119,3,No,No,4,Yes,No
TXN004681,321993,Kakamega,Nakuru,19,Paybill,5,12,No,Yes,8,Yes,Yes
TXN004682,110825,Meru,Uasin Gishu,20,Till,97,28,No,Yes,0,Yes,No
TXN004683,227626,Kiambu,Uasin Gishu,15,Withdraw,14,5,Yes,No,4,No,Yes
TXN004684,136214,Nairobi,Nyeri,8,Till,60,18,No,No,2,No,No
TXN004685,30442,Machakos,Kakamega,0,Paybill,96,22,Yes,No,3,Yes,Yes
TXN004686,269870,Machakos,Mombasa,8,Paybill,56,4,Yes,Yes,8,No,Yes
TXN004687,277247,Nairobi,Nakuru,5,Withdraw,87,28,Yes,No,5,Yes,Yes
TXN004688,176917,Machakos,Kisumu,16,Paybill,107,19,Yes,Yes,8,Yes,Yes
TXN004689,424367,Uasin Gishu,Kakamega,7,Send Money,78,25,Yes,No,3,Yes,Yes
TXN004690,384852,Nairobi,Mombasa,23,Withdraw,86,18,Yes,Yes,3,No,Yes
TXN004691,334203,Nairobi,Machakos,0,Withdraw,61,15,No,Yes,1,Yes,No
TXN004692,462026,Kiambu,Kiambu,11,Till,13,19,No,Yes,5,No,Yes
TXN004693,12894,Uasin Gishu,Kakamega,6,Till,109,14,Yes,No,3,No,Yes
TXN004694,128858,Uasin Gishu,Meru,10,Withdraw,15,25,No,No,6,No,No
TXN004695,327694,Kisumu,Kakamega,6,Paybill,21,19,No,Yes,6,Yes,Yes
TXN004696,138709,Machakos,Uasin Gishu,12,Till,30,16,Yes,Yes,1,Yes,Yes
TXN004697,358263,Nakuru,Nairobi,14,Withdraw,104,4,No,Yes,3,No,Yes
TXN004698,271821,Uasin Gishu,Nyeri,2,Withdraw,84,28,Yes,Yes,8,No,Yes
TXN004699,17557,Kisumu,Kiambu,5,Paybill,120,12,Yes,Yes,7,Yes,Yes
TXN004700,224319,Nakuru,Nyeri,1,Send Money,96,8,No,No,3,No,No
TXN004701,114268,Nakuru,Machakos,21,Withdraw,10,17,No,Yes,4,Yes,Yes
TXN004702,375307,Mombasa,Mombasa,23,Till,16,26,No,Yes,6,Yes,Yes
TXN004703,241886,Kiambu,Kakamega,17,Withdraw,49,30,Yes,Yes,7,Yes,Yes
TXN004704,464477,Kiambu,Machakos,11,Withdraw,102,25,Yes,No,4,Yes,Yes
TXN004705,456611,Nyeri,Nyeri,10,Paybill,40,15,Yes,Yes,1,No,Yes
TXN004706,212137,Nakuru,Nyeri,6,Send Money,52,8,No,Yes,0,No,No
TXN004707,65363,Uasin Gishu,Machakos,13,Send Money,39,18,No,No,8,Yes,No
TXN004708,272198,Kisumu,Kiambu,9,Withdraw,68,2,No,Yes,8,Yes,Yes
TXN004709,422851,Nakuru,Kiambu,22,Withdraw,92,6,Yes,No,1,No,No
TXN004710,17867,Mombasa,Kiambu,18,Paybill,119,26,No,Yes,6,Yes,Yes
TXN004711,361571,Kisumu,Meru,23,Paybill,12,17,Yes,Yes,7,Yes,Yes
TXN004712,272731,Nairobi,Nyeri,23,Paybill,96,1,No,No,0,Yes,No
TXN004713,145374,Uasin Gishu,Kiambu,18,Paybill,73,4,Yes,No,4,No,Yes
TXN004714,380344,Kakamega,Kisumu,22,Paybill,62,7,No,Yes,3,Yes,Yes
TXN004715,333312,Nakuru,Meru,5,Till,63,26,Yes,Yes,5,No,Yes
TXN004716,360956,Nakuru,Uasin Gishu,15,Send Money,65,18,Yes,Yes,2,Yes,Yes
TXN004717,214006,Mombasa,Kakamega,16,Withdraw,7,21,Yes,Yes,8,No,Yes
TXN004718,211686,Kisumu,Uasin Gishu,22,Till,2,5,No,No,0,No,No
TXN004719,278317,Meru,Mombasa,13,Withdraw,66,3,Yes,No,0,Yes,No
TXN004720,281606,Meru,Nakuru,1,Paybill,10,6,Yes,No,3,No,Yes
TXN004721,415697,Meru,Machakos,7,Till,24,26,No,Yes,4,No,Yes
TXN004722,128545,Nairobi,Kakamega,5,Till,106,25,No,Yes,3,Yes,Yes
TXN004723,426935,Kisumu,Nakuru,1,Withdraw,66,14,Yes,Yes,5,No,Yes
TXN004724,261301,Nairobi,Mombasa,8,Send Money,71,1,Yes,No,6,No,Yes
TXN004725,445045,Mombasa,Kisumu,1,Paybill,20,18,Yes,No,4,No,Yes
TXN004726,397083,Uasin Gishu,Kisumu,6,Withdraw,54,5,No,No,4,No,No
TXN004727,285544,Kisumu,Kakamega,14,Withdraw,83,18,No,Yes,7,Yes,Yes
TXN004728,13332,Uasin Gishu,Nyeri,18,Send Money,91,14,Yes,No,1,Yes,No
TXN004729,223734,Meru,Nyeri,8,Paybill,47,25,No,No,1,No,No
TXN004730,465466,Uasin Gishu,Mombasa,16,Till,54,13,Yes,Yes,7,No,Yes
TXN004731,185409,Nyeri,Machakos,18,Paybill,29,11,No,No,7,No,No
TXN004732,360756,Nyeri,Nyeri,22,Paybill,79,9,No,Yes,6,Yes,Yes
TXN004733,230637,Kiambu,Kisumu,8,Till,38,10,Yes,Yes,6,Yes,Yes
TXN004734,170126,Kisumu,Mombasa,15,Paybill,1,6,No,No,7,Yes,Yes
TXN004735,323980,Nakuru,Kakamega,23,Withdraw,43,26,Yes,No,1,Yes,No
TXN004736,109271,Kiambu,Nakuru,15,Till,98,6,No,Yes,3,Yes,Yes
TXN004737,47250,Machakos,Machakos,3,Send Money,81,6,No,Yes,8,No,No
TXN004738,274781,Nyeri,Nakuru,19,Paybill,53,25,Yes,No,0,No,No
TXN004739,355735,Kakamega,Machakos,18,Till,11,8,Yes,No,0,Yes,No
TXN004740,95266,Kakamega,Machakos,11,Till,46,29,Yes,Yes,6,No,Yes
TXN004741,248970,Nairobi,Kakamega,21,Send Money,39,17,No,Yes,2,Yes,No
TXN004742,411205,Nakuru,Nyeri,22,Till,44,13,Yes,No,5,No,Yes
TXN004743,60761,Uasin Gishu,Mombasa,13,Send Money,7,19,No,Yes,0,No,No
TXN004744,346075,Nairobi,Kisumu,9,Till,44,7,Yes,No,6,No,Yes
TXN004745,363706,Kiambu,Nakuru,7,Withdraw,48,13,No,Yes,8,Yes,Yes
TXN004746,454507,Kiambu,Uasin Gishu,0,Withdraw,80,15,No,No,5,No,No
TXN004747,291865,Nakuru,Nakuru,16,Paybill,25,9,Yes,No,0,No,No
TXN004748,426228,Nyeri,Mombasa,16,Withdraw,81,10,No,No,6,Yes,No
TXN004749,397354,Nairobi,Nakuru,13,Paybill,41,17,Yes,No,1,No,No
TXN004750,491662,Kisumu,Uasin Gishu,3,Paybill,40,17,No,No,5,Yes,No
TXN004751,454386,Nairobi,Meru,20,Till,58,20,Yes,Yes,2,Yes,Yes
TXN004752,154351,Machakos,Machakos,14,Send Money,28,3,Yes,Yes,3,No,Yes
TXN004753,482235,Nyeri,Kakamega,4,Paybill,6,16,Yes,No,6,No,Yes
TXN004754,30144,Nyeri,Nakuru,14,Send Money,49,21,Yes,No,5,No,Yes
TXN004755,339448,Nakuru,Uasin Gishu,15,Withdraw,88,12,Yes,Yes,4,Yes,Yes
TXN004756,253425,Kiambu,Meru,12,Withdraw,49,16,No,Yes,2,Yes,No
TXN004757,114408,Kakamega,Meru,3,Paybill,60,3,No,No,5,No,No
TXN004758,15835,Kisumu,Nyeri,22,Till,108,20,No,No,4,Yes,No
TXN004759,473040,Meru,Kiambu,3,Paybill,39,7,Yes,No,7,No,Yes
TXN004760,353992,Nyeri,Meru,18,Withdraw,50,13,No,No,8,No,No
TXN004761,315945,Kiambu,Mombasa,17,Paybill,112,1,No,No,3,Yes,No
TXN004762,169684,Kiambu,Kakamega,8,Paybill,75,2,No,Yes,4,No,Yes
TXN004763,240195,Machakos,Kisumu,15,Withdraw,7,15,Yes,No,4,No,Yes
TXN004764,33470,Nyeri,Kakamega,8,Send Money,8,20,No,No,7,Yes,No
TXN004765,239321,Nairobi,Nakuru,14,Paybill,41,3,Yes,Yes,4,No,Yes
TXN004766,293048,Nairobi,Nyeri,20,Till,113,1,Yes,No,6,Yes,Yes
TXN004767,280512,Nairobi,Mombasa,6,Paybill,64,16,No,Yes,7,No,Yes
TXN004768,439423,Meru,Kakamega,22,Till,103,20,Yes,No,6,No,Yes
TXN004769,405428,Kakamega,Mombasa,16,Withdraw,87,26,No,Yes,1,No,No
TXN004770,95101,Nakuru,Nakuru,17,Withdraw,53,14,No,No,1,No,No
TXN004771,108907,Kisumu,Uasin Gishu,4,Till,102,18,Yes,Yes,0,Yes,Yes
TXN004772,359103,Uasin Gishu,Uasin Gishu,11,Till,105,20,No,No,0,No,No
TXN004773,297332,Kiambu,Kiambu,7,Till,63,15,Yes,No,3,No,Yes
TXN004774,295300,Kakamega,Uasin Gishu,5,Send Money,84,11,No,Yes,2,Yes,No
TXN004775,474559,Kiambu,Nyeri,5,Send Money,70,21,Yes,Yes,2,Yes,Yes
TXN004776,480886,Uasin Gishu,Machakos,0,Till,4,26,Yes,Yes,5,Yes,Yes
TXN004777,331916,Mombasa,Meru,5,Paybill,46,13,No,No,0,Yes,No
TXN004778,98691,Kiambu,Mombasa,10,Withdraw,12,26,No,Yes,4,Yes,Yes
TXN004779,171520,Nyeri,Uasin Gishu,2,Paybill,66,23,No,Yes,7,No,Yes
TXN004780,251904,Machakos,Uasin Gishu,19,Till,58,27,Yes,Yes,3,Yes,Yes
TXN004781,474271,Kakamega,Uasin Gishu,12,Send Money,20,1,Yes,No,4,No,Yes
TXN004782,217193,Kiambu,Mombasa,0,Paybill,112,27,Yes,No,0,No,No
TXN004783,40846,Uasin Gishu,Machakos,4,Paybill,69,10,Yes,No,3,Yes,No
TXN004784,134074,Mombasa,Kisumu,21,Send Money,82,14,No,No,4,No,No
TXN004785,115593,Uasin Gishu,Kiambu,9,Send Money,98,25,No,No,7,Yes,No
TXN004786,39962,Machakos,Nakuru,10,Till,112,20,Yes,Yes,4,Yes,Yes
TXN004787,432876,Nairobi,Kakamega,22,Send Money,24,11,No,Yes,8,No,Yes
TXN004788,438191,Nakuru,Kiambu,1,Withdraw,98,8,No,No,5,Yes,No
TXN004789,352717,Nyeri,Kisumu,21,Till,35,20,Yes,No,0,No,No
TXN004790,27203,Mombasa,Kisumu,1,Withdraw,98,12,No,No,6,No,No
TXN004791,323442,Meru,Kakamega,6,Withdraw,3,22,No,Yes,1,No,No
TXN004792,81594,Nyeri,Kiambu,12,Till,43,8,Yes,Yes,1,No,No
TXN004793,119535,Machakos,Kiambu,21,Send Money,98,20,No,No,2,Yes,No
TXN004794,32126,Kakamega,Nyeri,15,Paybill,75,6,Yes,Yes,5,Yes,Yes
TXN004795,7962,Nakuru,Kiambu,20,Paybill,113,28,No,Yes,0,Yes,No
TXN004796,495813,Machakos,Machakos,22,Till,24,24,Yes,No,2,Yes,No
TXN004797,370647,Meru,Kakamega,11,Withdraw,45,30,No,Yes,8,No,Yes
TXN004798,417728,Meru,Meru,9,Paybill,45,24,No,Yes,3,Yes,Yes
TXN004799,37610,Kakamega,Nyeri,14,Paybill,4,19,No,Yes,8,No,Yes
TXN004800,411727,Nyeri,Nakuru,19,Withdraw,113,17,Yes,No,7,Yes,Yes
TXN004801,271857,Uasin Gishu,Nairobi,14,Till,26,1,Yes,No,5,No,Yes
TXN004802,179079,Nairobi,Nakuru,5,Withdraw,112,14,Yes,No,6,No,Yes
TXN004803,52167,Machakos,Nairobi,18,Send Money,69,26,No,No,8,No,No
TXN004804,348455,Kiambu,Uasin Gishu,18,Send Money,17,2,No,No,2,Yes,No
TXN004805,464919,Nyeri,Kiambu,15,Withdraw,60,10,Yes,Yes,6,No,Yes
TXN004806,99739,Kiambu,Nairobi,21,Withdraw,79,6,Yes,Yes,4,No,Yes
TXN004807,123533,Mombasa,Mombasa,5,Send Money,82,4,No,Yes,8,Yes,Yes
TXN004808,397088,Uasin Gishu,Meru,20,Till,26,25,No,No,2,Yes,No
TXN004809,486490,Uasin Gishu,Kiambu,15,Send Money,17,29,No,Yes,6,No,Yes
TXN004810,15354,Machakos,Uasin Gishu,11,Paybill,63,23,Yes,No,2,No,No
TXN004811,367579,Nairobi,Mombasa,23,Withdraw,91,1,Yes,Yes,3,Yes,Yes
TXN004812,42021,Kisumu,Meru,1,Send Money,82,28,Yes,Yes,1,No,Yes
TXN004813,439991,Nakuru,Nairobi,17,Withdraw,64,10,Yes,No,6,No,Yes
TXN004814,12738,Kakamega,Kisumu,6,Paybill,103,10,Yes,Yes,1,No,No
TXN004815,446377,Nairobi,Uasin Gishu,1,Withdraw,39,13,No,No,7,Yes,No
TXN004816,32192,Mombasa,Kiambu,3,Send Money,56,15,Yes,No,7,Yes,Yes
TXN004817,20683,Kakamega,Meru,17,Send Money,8,15,Yes,Yes,8,No,Yes
TXN004818,380900,Uasin Gishu,Kiambu,14,Withdraw,14,21,Yes,No,0,No,No
TXN004819,388127,Meru,Nairobi,7,Paybill,43,18,No,No,5,No,No
TXN004820,208960,Nairobi,Meru,19,Paybill,81,15,No,No,7,Yes,No
TXN004821,389220,Nakuru,Nairobi,17,Send Money,106,16,No,No,5,Yes,No
TXN004822,151575,Nairobi,Kiambu,19,Paybill,41,27,Yes,Yes,4,Yes,Yes
TXN004823,13702,Uasin Gishu,Kakamega,11,Till,101,15,Yes,Yes,0,Yes,Yes
TXN004824,137356,Uasin Gishu,Nakuru,16,Paybill,58,12,Yes,No,4,Yes,Yes
TXN004825,179093,Nakuru,Machakos,16,Paybill,11,4,No,Yes,3,Yes,Yes
TXN004826,47095,Nairobi,Nyeri,1,Till,61,26,Yes,No,3,Yes,Yes
TXN004827,290185,Kisumu,Machakos,16,Send Money,120,27,Yes,No,1,Yes,No
TXN004828,158691,Kakamega,Kakamega,4,Send Money,39,23,Yes,Yes,6,No,Yes
TXN004829,52438,Nairobi,Meru,16,Send Money,18,15,Yes,No,8,Yes,Yes
TXN004830,446236,Machakos,Kisumu,2,Till,85,28,No,No,6,Yes,No
TXN004831,79868,Mombasa,Nairobi,14,Send Money,120,14,No,Yes,7,Yes,Yes
TXN004832,490780,Kiambu,Mombasa,9,Withdraw,51,18,No,No,4,No,No
TXN004833,464764,Nakuru,Kakamega,9,Paybill,31,12,No,No,8,No,No
TXN004834,179771,Kakamega,Nakuru,21,Till,23,11,No,No,6,No,No
TXN004835,46416,Nakuru,Kakamega,23,Send Money,50,21,No,Yes,3,Yes,Yes
TXN004836,52399,Mombasa,Machakos,20,Send Money,34,22,Yes,No,0,No,No
TXN004837,325624,Kiambu,Kakamega,15,Paybill,79,13,Yes,Yes,3,Yes,Yes
TXN004838,176624,Meru,Machakos,21,Paybill,92,19,No,Yes,1,No,No
TXN004839,120690,Meru,Nairobi,13,Paybill,103,25,No,Yes,6,Yes,Yes
TXN004840,287119,Nairobi,Nakuru,0,Send Money,95,25,Yes,No,6,No,Yes
TXN004841,184263,Meru,Nakuru,13,Paybill,11,21,Yes,No,3,No,Yes
TXN004842,168730,Kiambu,Kakamega,4,Till,56,17,Yes,No,7,Yes,Yes
TXN004843,473014,Kisumu,Mombasa,17,Withdraw,90,9,Yes,No,7,No,Yes
TXN004844,390743,Kiambu,Kisumu,19,Paybill,38,8,Yes,No,4,No,Yes
TXN004845,73481,Nairobi,Meru,23,Paybill,51,17,Yes,No,8,No,Yes
TXN004846,306077,Nyeri,Kiambu,11,Till,109,11,Yes,No,2,Yes,No
TXN004847,275937,Nakuru,Nakuru,3,Paybill,102,5,No,Yes,7,No,Yes
TXN004848,177059,Nakuru,Kiambu,0,Till,67,4,Yes,No,6,No,Yes
TXN004849,418148,Uasin Gishu,Machakos,22,Paybill,14,20,No,No,4,No,No
TXN004850,445579,Mombasa,Uasin Gishu,18,Paybill,99,5,No,No,6,No,No
TXN004851,34931,Machakos,Kisumu,20,Till,62,12,Yes,No,1,Yes,No
TXN004852,171861,Nairobi,Machakos,14,Till,34,21,No,Yes,5,Yes,Yes
TXN004853,358112,Kiambu,Nyeri,14,Till,43,23,Yes,No,6,No,Yes
TXN004854,60359,Uasin Gishu,Nairobi,15,Paybill,29,18,Yes,Yes,2,No,Yes
TXN004855,103076,Machakos,Kisumu,9,Send Money,45,20,No,Yes,2,No,No
TXN004856,202897,Mombasa,Kakamega,13,Till,112,1,Yes,No,3,No,Yes
TXN004857,163314,Nairobi,Mombasa,9,Withdraw,53,4,No,Yes,1,Yes,No
TXN004858,453227,Machakos,Nyeri,8,Till,29,19,Yes,Yes,8,Yes,Yes
TXN004859,293679,Kakamega,Mombasa,4,Withdraw,115,23,Yes,Yes,2,No,Yes
TXN004860,256866,Nakuru,Meru,0,Send Money,90,4,No,No,8,No,No
TXN004861,357168,Nyeri,Nairobi,21,Paybill,58,10,No,No,4,Yes,No
TXN004862,15147,Kiambu,Mombasa,19,Withdraw,102,26,Yes,Yes,0,No,Yes
TXN004863,170859,Kakamega,Uasin Gishu,8,Till,72,24,No,Yes,2,Yes,No
TXN004864,66502,Kisumu,Nakuru,17,Withdraw,106,14,No,No,2,Yes,No
TXN004865,167951,Machakos,Meru,17,Send Money,54,6,No,Yes,0,Yes,No
TXN004866,350865,Nairobi,Machakos,6,Withdraw,112,4,Yes,Yes,3,Yes,Yes
TXN004867,282158,Nairobi,Nakuru,0,Withdraw,20,18,No,No,2,Yes,No
TXN004868,37023,Nakuru,Meru,14,Withdraw,8,28,Yes,No,2,Yes,No
TXN004869,495376,Mombasa,Machakos,22,Send Money,83,13,Yes,Yes,5,No,Yes
TXN004870,303317,Kisumu,Meru,21,Paybill,72,2,No,Yes,2,No,No
TXN004871,436163,Nakuru,Machakos,17,Paybill,106,23,No,Yes,8,No,Yes
TXN004872,160666,Kiambu,Meru,10,Till,75,6,No,Yes,8,No,Yes
TXN004873,319345,Machakos,Nyeri,16,Till,12,2,Yes,Yes,3,No,Yes
TXN004874,238883,Nyeri,Meru,3,Withdraw,109,5,Yes,No,6,Yes,Yes
TXN004875,42855,Machakos,Nakuru,0,Paybill,85,20,Yes,No,5,No,Yes
TXN004876,307817,Uasin Gishu,Kakamega,18,Till,53,3,No,Yes,4,Yes,Yes
TXN004877,328892,Kiambu,Machakos,8,Send Money,85,6,Yes,Yes,7,Yes,Yes
TXN004878,424510,Machakos,Nyeri,9,Withdraw,10,18,Yes,No,2,No,No
TXN004879,141843,Kisumu,Nyeri,16,Withdraw,76,9,Yes,Yes,2,No,Yes
TXN004880,181765,Nairobi,Nyeri,20,Send Money,95,18,Yes,No,2,Yes,No
TXN004881,186430,Nakuru,Machakos,14,Till,59,26,Yes,Yes,7,No,Yes
TXN004882,359508,Uasin Gishu,Nyeri,0,Till,19,22,Yes,No,5,No,Yes
TXN004883,222530,Nyeri,Mombasa,4,Paybill,105,20,Yes,Yes,1,No,Yes
TXN004884,199373,Kakamega,Nairobi,0,Paybill,110,5,No,Yes,4,No,Yes
TXN004885,477783,Kiambu,Kiambu,13,Send Money,45,4,Yes,No,7,Yes,Yes
TXN004886,325891,Nyeri,Kakamega,15,Till,47,26,No,No,2,No,No
TXN004887,240215,Kisumu,Nyeri,19,Send Money,50,8,Yes,Yes,5,No,Yes
TXN004888,495356,Kiambu,Kakamega,9,Send Money,80,4,Yes,Yes,6,Yes,Yes
TXN004889,264757,Kisumu,Nakuru,0,Till,2,27,No,Yes,0,Yes,Yes
TXN004890,409511,Nakuru,Uasin Gishu,17,Paybill,112,19,No,No,7,Yes,No
TXN004891,488037,Machakos,Machakos,11,Paybill,65,28,No,No,5,No,No
TXN004892,174041,Nairobi,Uasin Gishu,12,Till,66,14,No,No,8,No,No
TXN004893,262699,Mombasa,Nakuru,1,Send Money,62,17,Yes,No,4,No,Yes
TXN004894,28230,Machakos,Nakuru,7,Till,23,11,No,No,6,No,No
TXN004895,233213,Kiambu,Kakamega,0,Till,80,17,No,Yes,4,No,Yes
TXN004896,429053,Uasin Gishu,Nakuru,6,Withdraw,16,23,No,No,0,No,No
TXN004897,21216,Meru,Uasin Gishu,20,Send Money,55,20,No,Yes,1,Yes,No
TXN004898,103766,Meru,Kiambu,5,Paybill,69,21,No,No,5,No,No
TXN004899,301445,Mombasa,Meru,21,Withdraw,68,4,Yes,Yes,2,No,Yes
TXN004900,444198,Mombasa,Uasin Gishu,14,Withdraw,114,15,Yes,Yes,8,Yes,Yes
TXN004901,154459,Meru,Nyeri,10,Paybill,105,7,No,Yes,4,Yes,Yes
TXN004902,229944,Kiambu,Meru,6,Till,13,9,Yes,No,4,No,Yes
TXN004903,406661,Mombasa,Nyeri,21,Withdraw,62,13,Yes,No,1,No,No
TXN004904,422192,Nyeri,Kiambu,6,Send Money,59,13,No,No,8,Yes,No
TXN004905,413930,Meru,Nairobi,20,Send Money,80,14,No,Yes,1,No,No
TXN004906,450696,Machakos,Machakos,22,Withdraw,42,7,Yes,Yes,6,Yes,Yes
TXN004907,156912,Uasin Gishu,Meru,10,Till,8,5,No,No,5,No,No
TXN004908,296419,Nakuru,Nairobi,15,Paybill,112,27,Yes,Yes,6,Yes,Yes
TXN004909,236515,Mombasa,Kisumu,23,Paybill,111,7,Yes,Yes,5,No,Yes
TXN004910,401090,Machakos,Nyeri,1,Paybill,96,9,No,Yes,3,Yes,Yes
TXN004911,151556,Kisumu,Kakamega,8,Paybill,45,11,No,Yes,1,No,No
TXN004912,174607,Nakuru,Kisumu,15,Send Money,14,30,No,Yes,8,No,Yes
TXN004913,80716,Nyeri,Mombasa,1,Withdraw,27,4,No,No,0,Yes,No
TXN004914,1559,Kiambu,Nakuru,6,Till,100,21,No,No,3,No,No
TXN004915,356420,Machakos,Uasin Gishu,8,Send Money,54,1,Yes,No,3,Yes,Yes
TXN004916,372478,Machakos,Kisumu,3,Till,52,21,Yes,No,0,Yes,No
TXN004917,378110,Mombasa,Kakamega,4,Paybill,93,29,Yes,No,3,No,Yes
TXN004918,350562,Nyeri,Machakos,5,Withdraw,49,30,No,Yes,4,No,Yes
TXN004919,26941,Kakamega,Kisumu,5,Till,82,29,Yes,Yes,5,No,Yes
TXN004920,18678,Mombasa,Mombasa,7,Send Money,115,11,No,Yes,0,No,No
TXN004921,2287,Nakuru,Kiambu,1,Withdraw,35,12,Yes,No,5,Yes,Yes
TXN004922,18798,Machakos,Machakos,12,Paybill,97,12,No,Yes,3,No,Yes
TXN004923,266974,Nakuru,Meru,18,Withdraw,48,19,Yes,Yes,8,No,Yes
TXN004924,155809,Machakos,Kakamega,22,Paybill,68,26,No,Yes,0,No,No
TXN004925,432910,Uasin Gishu,Uasin Gishu,0,Till,111,27,Yes,Yes,7,Yes,Yes
TXN004926,5314,Kakamega,Machakos,0,Till,39,9,No,No,0,Yes,No
TXN004927,216252,Uasin Gishu,Machakos,17,Withdraw,87,27,No,No,5,Yes,No
TXN004928,454878,Kiambu,Kisumu,1,Till,76,16,Yes,Yes,3,Yes,Yes
TXN004929,126000,Nairobi,Uasin Gishu,18,Withdraw,3,2,No,Yes,1,Yes,No
TXN004930,439470,Meru,Mombasa,21,Send Money,109,4,Yes,No,3,No,Yes
TXN004931,443142,Mombasa,Kisumu,4,Paybill,39,23,Yes,Yes,2,No,Yes
TXN004932,82738,Kiambu,Machakos,9,Paybill,71,14,Yes,No,0,Yes,No
TXN004933,76408,Nairobi,Kisumu,7,Paybill,34,24,Yes,Yes,4,Yes,Yes
TXN004934,405847,Kisumu,Kakamega,16,Paybill,90,2,Yes,Yes,1,Yes,Yes
TXN004935,285563,Nairobi,Meru,15,Send Money,85,22,Yes,No,3,No,Yes
TXN004936,374468,Uasin Gishu,Mombasa,20,Withdraw,120,8,No,Yes,2,No,No
TXN004937,215450,Uasin Gishu,Kiambu,1,Withdraw,24,19,No,No,6,No,No
TXN004938,240368,Kiambu,Nairobi,17,Paybill,75,30,No,Yes,6,Yes,Yes
TXN004939,189,Nakuru,Uasin Gishu,1,Paybill,83,15,Yes,Yes,6,Yes,Yes
TXN004940,254410,Kisumu,Uasin Gishu,2,Withdraw,25,30,Yes,No,6,No,Yes
TXN004941,391109,Kiambu,Machakos,19,Withdraw,120,30,Yes,No,2,Yes,No
TXN004942,371085,Kiambu,Nakuru,16,Paybill,58,28,No,Yes,8,Yes,Yes
TXN004943,33619,Kisumu,Nyeri,7,Paybill,36,14,Yes,Yes,2,Yes,Yes
TXN004944,273751,Kisumu,Kisumu,6,Till,93,26,Yes,Yes,8,No,Yes
TXN004945,315350,Nairobi,Mombasa,8,Till,4,13,Yes,No,0,No,No
TXN004946,39062,Kiambu,Machakos,12,Withdraw,22,10,No,Yes,2,Yes,No
TXN004947,354128,Kiambu,Uasin Gishu,5,Paybill,4,17,Yes,Yes,5,Yes,Yes
TXN004948,103133,Machakos,Nyeri,23,Paybill,83,15,No,Yes,5,Yes,Yes
TXN004949,108694,Machakos,Nakuru,1,Till,92,17,No,No,1,Yes,No
TXN004950,178453,Machakos,Kakamega,4,Paybill,72,16,No,No,0,Yes,No
TXN004951,95420,Nairobi,Nyeri,13,Send Money,95,23,Yes,Yes,0,No,Yes
TXN004952,292368,Kiambu,Kakamega,23,Till,56,20,No,No,6,No,No
TXN004953,88228,Machakos,Uasin Gishu,11,Send Money,96,20,Yes,No,8,Yes,Yes
TXN004954,291553,Nairobi,Kisumu,10,Paybill,82,25,No,Yes,2,No,No
TXN004955,355248,Machakos,Machakos,23,Withdraw,88,12,No,Yes,1,Yes,No
TXN004956,93341,Kakamega,Uasin Gishu,20,Send Money,84,10,Yes,Yes,6,No,Yes
TXN004957,412115,Kiambu,Kakamega,1,Paybill,83,30,No,Yes,5,No,Yes
TXN004958,105106,Nakuru,Kisumu,0,Withdraw,55,27,No,Yes,4,No,Yes
TXN004959,167910,Kiambu,Nakuru,9,Send Money,35,28,Yes,Yes,6,Yes,Yes
TXN004960,364686,Kisumu,Kiambu,6,Send Money,86,29,Yes,No,1,No,No
TXN004961,22599,Nairobi,Meru,23,Till,78,3,No,No,8,Yes,No
TXN004962,126282,Uasin Gishu,Kiambu,18,Withdraw,94,3,Yes,Yes,5,Yes,Yes
TXN004963,147755,Uasin Gishu,Kiambu,9,Paybill,57,18,No,Yes,6,No,Yes
TXN004964,265477,Kakamega,Nyeri,2,Send Money,53,21,Yes,Yes,7,Yes,Yes
TXN004965,383690,Kiambu,Nyeri,0,Till,9,24,Yes,Yes,2,No,Yes
TXN004966,205428,Nyeri,Kakamega,9,Send Money,78,21,No,Yes,1,Yes,No
TXN004967,13429,Kisumu,Nakuru,22,Send Money,36,9,Yes,Yes,0,No,No
TXN004968,383810,Meru,Meru,6,Send Money,108,26,No,Yes,0,No,No
TXN004969,373836,Mombasa,Nairobi,14,Send Money,54,10,Yes,No,1,Yes,No
TXN004970,351975,Machakos,Nairobi,6,Send Money,109,9,Yes,Yes,0,No,Yes
TXN004971,191117,Uasin Gishu,Nairobi,13,Withdraw,94,17,No,No,0,No,No
TXN004972,424648,Nyeri,Nakuru,11,Send Money,46,21,Yes,No,1,No,No
TXN004973,174182,Kakamega,Kakamega,1,Paybill,52,1,No,Yes,4,Yes,Yes
TXN004974,34149,Machakos,Mombasa,3,Send Money,44,25,Yes,No,1,Yes,No
TXN004975,475692,Nakuru,Machakos,19,Paybill,91,14,Yes,No,1,No,No
TXN004976,138066,Nairobi,Kiambu,22,Withdraw,15,2,No,Yes,6,No,Yes
TXN004977,97973,Nakuru,Kakamega,2,Paybill,41,12,Yes,Yes,0,No,Yes
TXN004978,76399,Machakos,Kisumu,9,Send Money,1,15,Yes,No,0,No,Yes
TXN004979,287775,Nakuru,Nakuru,13,Send Money,67,14,Yes,No,2,No,No
TXN004980,52025,Nairobi,Nairobi,19,Send Money,87,1,Yes,Yes,1,No,No
TXN004981,86421,Nyeri,Nyeri,14,Till,107,24,No,Yes,2,Yes,No
TXN004982,384343,Nakuru,Kiambu,22,Till,10,11,No,Yes,5,No,Yes
TXN004983,430400,Kakamega,Nakuru,17,Withdraw,6,5,No,No,4,Yes,No
TXN004984,327914,Mombasa,Nairobi,10,Send Money,77,28,No,No,4,Yes,No
TXN004985,499274,Nakuru,Nairobi,23,Withdraw,99,6,Yes,No,2,No,No
TXN004986,258371,Nyeri,Mombasa,0,Withdraw,61,16,Yes,No,7,No,Yes
TXN004987,1646,Machakos,Mombasa,22,Paybill,66,23,Yes,No,0,Yes,No
TXN004988,100186,Nairobi,Nyeri,5,Paybill,96,25,Yes,No,7,Yes,Yes
TXN004989,414999,Mombasa,Kakamega,4,Till,56,13,Yes,No,2,Yes,No
TXN004990,384614,Nyeri,Uasin Gishu,18,Withdraw,15,22,Yes,No,6,Yes,Yes
TXN004991,406837,Meru,Nairobi,23,Paybill,15,3,Yes,No,0,Yes,No
TXN004992,345183,Uasin Gishu,Nairobi,16,Withdraw,84,22,No,No,7,Yes,No
TXN004993,119863,Uasin Gishu,Uasin Gishu,22,Withdraw,114,26,Yes,Yes,5,Yes,Yes
TXN004994,337045,Nyeri,Nairobi,20,Send Money,64,14,Yes,No,5,Yes,Yes
TXN004995,178181,Nairobi,Uasin Gishu,20,Paybill,107,30,Yes,Yes,8,Yes,Yes
TXN004996,189164,Kiambu,Kiambu,2,Till,7,23,Yes,No,5,No,Yes
TXN004997,406287,Mombasa,Uasin Gishu,1,Till,9,28,Yes,No,3,No,Yes
TXN004998,6787,Meru,Mombasa,20,Send Money,90,6,Yes,No,6,Yes,No
TXN004999,389058,Nyeri,Kiambu,19,Send Money,115,29,No,Yes,6,No,Yes
TXN005000,124311,Meru,Mombasa,3,Withdraw,18,27,Yes,No,7,No,Yes
